RANK,SEASON,PLAYER_ID,PLAYER_NAME,NICKNAME,TEAM_ID,TEAM_ABBREVIATION,AGE,GP,W,L,W_PCT,MIN,FGM,FGA,FG_PCT,FG3M,FG3A,FG3_PCT,FTM,FTA,FT_PCT,OREB,DREB,REB,AST,TOV,STL,BLK,BLKA,PF,PFD,PTS,PLUS_MINUS,NBA_FANTASY_PTS,DD2,TD3,WNBA_FANTASY_PTS,FP_HIGH_SCORE,GP_RANK,W_RANK,L_RANK,W_PCT_RANK,MIN_RANK,FGM_RANK,FGA_RANK,FG_PCT_RANK,FG3M_RANK,FG3A_RANK,FG3_PCT_RANK,FTM_RANK,FTA_RANK,FT_PCT_RANK,OREB_RANK,DREB_RANK,REB_RANK,AST_RANK,TOV_RANK,STL_RANK,BLK_RANK,BLKA_RANK,PF_RANK,PFD_RANK,PTS_RANK,PLUS_MINUS_RANK,NBA_FANTASY_PTS_RANK,DD2_RANK,TD3_RANK,WNBA_FANTASY_PTS_RANK,FP_HIGH_SCORE_RANK,TEAM_COUNT,E_OFF_RATING,OFF_RATING,sp_work_OFF_RATING,E_DEF_RATING,DEF_RATING,sp_work_DEF_RATING,E_NET_RATING,NET_RATING,sp_work_NET_RATING,AST_PCT,AST_TO,AST_RATIO,OREB_PCT,DREB_PCT,REB_PCT,TM_TOV_PCT,E_TOV_PCT,EFG_PCT,TS_PCT,USG_PCT,E_USG_PCT,E_PACE,PACE,PACE_PER40,sp_work_PACE,PIE,POSS,FGM_PG,FGA_PG,E_OFF_RATING_RANK,OFF_RATING_RANK,sp_work_OFF_RATING_RANK,E_DEF_RATING_RANK,DEF_RATING_RANK,sp_work_DEF_RATING_RANK,E_NET_RATING_RANK,NET_RATING_RANK,sp_work_NET_RATING_RANK,AST_PCT_RANK,AST_TO_RANK,AST_RATIO_RANK,OREB_PCT_RANK,DREB_PCT_RANK,REB_PCT_RANK,TM_TOV_PCT_RANK,E_TOV_PCT_RANK,EFG_PCT_RANK,TS_PCT_RANK,USG_PCT_RANK,E_USG_PCT_RANK,E_PACE_RANK,PACE_RANK,sp_work_PACE_RANK,PIE_RANK,FGM_PG_RANK,FGA_PG_RANK,SERIES_WINS,POSTSEASON_FINISH,QUALIFIER_METHOD,QUALIFIER_VALIDATION,MPG,PPG,FGA_PER_GAME,AST_TO_RATIO,SCORING_LOAD,CREATION_ENGINE,IMPACT_SIGNAL,MINUTES_LOAD,PRIMARY_SCORE,SECONDARY_SCORE,ROLE_SCORE,ROLE_RANK,OPTION_RANK,PRIMARY_PLAYER_ID,PRIMARY_PLAYER_NAME,PRIMARY_USG_PCT,PRIMARY_AST_PCT,MODEL_PRIMARY_PLAYER_NAME,MODEL_SECONDARY_PLAYER_NAME,ROLE_DECISION_STATUS,ROLE_DECISION_REASON,ROLE_PAIRING_SOURCE,PTS_PER_75,FG3A_PER_75,STOCKS_PER_75,TEAM_PTS_SHARE,TEAM_FGA_SHARE,TEAM_AST_SHARE,TEAM_MIN_SHARE,TEAM_REB_SHARE,TEAM_BLK_SHARE,ERA_PPG_MEAN,ERA_PPG_STD,ERA_PPG_PERCENTILE,ERA_PTS75_MEAN,ERA_PTS75_STD,ERA_PTS75_PERCENTILE,ERA_TS_MEAN,ERA_TS_STD,ERA_TS_PERCENTILE,ERA_USG_MEAN,ERA_USG_STD,ERA_USG_PERCENTILE,ERA_AST_MEAN,ERA_AST_STD,ERA_AST_PERCENTILE,ERA_FG3A75_MEAN,ERA_FG3A75_STD,ERA_FG3A75_PERCENTILE,ERA_MPG_MEAN,ERA_MPG_STD,ERA_MPG_PERCENTILE,ERA_STOCKS75_MEAN,ERA_STOCKS75_STD,ERA_STOCKS75_PERCENTILE,ERA_ENVIRONMENT_SAMPLE_PLAYERS,ERA_ENVIRONMENT_SAMPLE_POSSESSIONS,ERA_PLAYOFF_TS_PCT,ERA_PLAYOFF_3PA_RATE,ERA_PLAYOFF_FTA_RATE,ERA_PLAYOFF_PACE,ERA_PLAYOFF_OFF_RATING,RELATIVE_TS_PCT,ERA_BASELINE_METHOD,DEEPEST_ROUND_TEAM_GAMES,DEEPEST_ROUND_GAMES_PLAYED,DEEPEST_ROUND_AVAILABILITY,DEEPEST_ROUND_MPG,DEEPEST_ROUND_PPG,DEEPEST_ROUND_TS_PCT,DEEPEST_ROUND_AST_PG,DEEPEST_ROUND_REB_PG,DEEPEST_ROUND_TEAM_PTS_SHARE,DEEPEST_ROUND_TEAM_FGA_SHARE,PRIMARY_DEEPEST_ROUND_GAMES_PLAYED,PRIMARY_DEEPEST_ROUND_AVAILABILITY,PRIMARY_DEEPEST_ROUND_MPG,DEEPEST_ROUND_STATUS,RANKING_ELIGIBLE,RANKING_ELIGIBILITY_REASON,PLAYOFF_LEAGUE_TS_PCT,TS_PLUS,EB_FG3_PCT,EB_PRIOR_ALPHA,EB_PRIOR_BETA,RUN_CONFIDENCE,OPPONENT_SRS_WEIGHTED,OPPONENT_SRS_MAX,OPPONENT_SERIES_COUNT,OPPONENT_SRS_STATUS,PAIR_NET_RATING,PRIMARY_WITHOUT_SECOND_NET_RATING,SECOND_WITHOUT_PRIMARY_NET_RATING,NEITHER_NET_RATING,PAIR_SYNERGY_DELTA,CONTEXTUAL_INTERACTION,PAIR_SAMPLE,PRIMARY_WITHOUT_SECOND_SAMPLE,SECOND_WITHOUT_PRIMARY_SAMPLE,NEITHER_SAMPLE,SYNERGY_STATUS,SYNERGY_INTERPRETATION,SYNERGY_CONFIDENCE,BPM_STATUS,BPM_MATCH_METHOD,BPM,OBPM,DBPM,PER,WS_PER_48,OWS,DWS,WS,VORP,DRB_PCT,TOV_PCT,BBR_BPM_PERCENTILE,BBR_OBPM_PERCENTILE,BBR_DBPM_PERCENTILE,BBR_VORP_PERCENTILE,BBR_WS_PERCENTILE,BBR_DWS_PERCENTILE,POSITION_3PAR_PERCENTILE,POSITION_TS_PERCENTILE,POSITION,POSITION_GROUP,ISO_POSS_PCT,ISO_PPP,CATCH_SHOOT_FG3A,CATCH_SHOOT_FG3_PCT,RIM_DFG_PCT,RIM_DFG_DIFF,LATE_CLOCK_FGA,LATE_CLOCK_PTS,TRACKING_STATUS,PRIMARY_MIN,PRIMARY_FG3A,PRIMARY_BLK,PRIMARY_EB_FG3_PCT,PRIMARY_ISO_POSS_PCT,PRIMARY_ISO_PPP,PRIMARY_CATCH_SHOOT_FG3A,PRIMARY_RIM_DFG_DIFF,PRIMARY_LATE_CLOCK_FGA,FG3A_PER_36,BLK_PER_36,CATCH_SHOOT_FG3A_PER_36,LATE_CLOCK_FGA_PER_36,FG2A_PER_36,FG2_PCT,FTA_PER_36,CREATION_SCORE_COVERAGE,CREATION_SCORE_STATUS,CREATION_SCORE,OFF_BALL_SCORE_COVERAGE,OFF_BALL_SCORE_STATUS,OFF_BALL_SCORE,DEFENSIVE_SCORE_COVERAGE,DEFENSIVE_SCORE_STATUS,DEFENSIVE_SCORE,DEFENSIVE_SCORE_RAW,DEFENSIVE_SCORE_METHOD,INTERIOR_GRAVITY_SCORE,INTERIOR_GRAVITY_COVERAGE,SCALABLE_OFFENSE_SCORE,DOMINANT_ARCHETYPE,PRIMARY_FG3A_PER_36,PRIMARY_BLK_PER_36,PRIMARY_CATCH_SHOOT_FG3A_PER_36,PRIMARY_CREATION_CAPABILITY,PRIMARY_OFF_BALL_CAPABILITY,PRIMARY_DEFENSIVE_CAPABILITY,PRIMARY_PRESSURE_VALVE_NEED,PRIMARY_SPACING_NEED,PRIMARY_DEFENSIVE_COVER_NEED,PRESSURE_VALVE_FIT,GRAVITY_FIT,DEFENSIVE_COVER_FIT,LEGACY_GAP_FILL_FIT,NEED_NORMALIZED_FIT,DEFENSIVE_NEED_SHARE,STRENGTH_AMPLIFICATION_SCORE,STRENGTH_AMPLIFICATION_COVERAGE,ROLE_COMPATIBILITY_SCORE,COMPLEMENT_FIT_COVERAGE,COMPLEMENT_FIT_SCORE,COMPLEMENT_FIT_STATUS,ERA_BPM_PERCENTILE,IN_ERA_PRODUCTION_SCORE,PRODUCTION_SCORE,PRODUCTION_SCORE_STATUS,CONTEXTUAL_INTERACTION_SCORE,OVERALL_EVIDENCE_SCORE,NET_IMPACT_SCORE,NET_IMPACT_SCORE_STATUS,PROVISIONAL_EVIDENCE_SCORE,BEST_SECOND_OPTION_SCORE,RANKING_METHOD,ROLE_BURDEN_SCORE,CUMULATIVE_IMPACT_SCORE,TERMINAL_RESPONSIBILITY_SCORE,HISTORICAL_DEFENSE_EVIDENCE_SCORE,BALANCED_SCORECARD_SCORE,BALANCED_SCORECARD_COVERAGE,ERA_ADJUSTMENT_STATUS,OBSERVED_PERFORMANCE_SCORE,FULL_RUN_OFFENSIVE_RESPONSIBILITY_SCORE,ROLE_ROUTE_RESPONSIBILITY_SCORE,ROLE_RESPONSIBILITY_SCORE,DEFENSIVE_EVIDENCE_SCORE,FIT_EVIDENCE_SCORE,FIT_EVIDENCE_STATUS,SCHEDULE_DIFFICULTY_SCORE,SCHEDULE_DIFFICULTY_STATUS,SIMPLE_BALANCED_CORE_SCORE,FINISH_CONTEXT_ADJUSTMENT,SRS_CONTEXT_ADJUSTMENT,TERMINAL_CONTEXT_ADJUSTMENT,TOTAL_CONTEXT_ADJUSTMENT,SIMPLE_BALANCED_SCORE,SIMPLE_SCORE_COVERAGE,SIMPLE_RANKING_METHOD
1,2019-20,203076,Anthony Davis,Anthony,1610612747,LAL,27.0,21,16,5,0.762,768.8516666666667,205,359,0.571,23,60,0.383,149,179,0.832,55,149,204,73,53,26,30,16,56,136,582,184,1051.3,12,0,994.0,1100.0,1,1,154,25,2,2,3,24,27,29,74,2,2,67,1,3,2,14,4,4,1,210,212,2,1,1,2,2,7,2,2.0,1,114.6,117.4,117.4,104.2,105.8,105.8,10.4,11.6,11.6,0.156,1.38,13.0,0.074,0.198,0.136,9.4,9.4,0.603,0.6647478070175439,0.271,0.275,99.54,97.64,81.37,97.64,0.194,1565,9.8,17.1,42,32,32,73,85,85,35,30,30,68,103,124,29,46,34,112,112,42,27,17,19,130,166,166,19,8,17,4,Champion,SERIES_INFERENCE,POROUND_FILTER_IGNORED,36.611984126984126,27.714285714285715,17.095238095238095,1.3773584905660377,93.68647807396302,30.20651455867031,78.07486631016044,100.0,71.05526217472641,84.53183546597509,71.05526217472641,2,2,2544,LeBron James,0.296,0.421,LeBron James,Anthony Davis,CLEAR,Model proposal retained.,MODEL_PROPOSAL,27.89137380191693,2.8753993610223643,2.68370607028754,0.2456732798649219,0.2035147392290249,0.1356877323420074,0.1525499338624338,0.2203023758099352,0.2678571428571428,13.1346416547518,7.093717288877355,96.15384615384616,16.069953706153395,5.491153753332492,94.6153846153846,0.5752759328783092,0.058512585734258,93.07692307692308,0.1895384615384615,0.0595583945960928,86.92307692307692,0.1490923076923077,0.0962779187204215,56.15384615384615,5.414195873171859,2.1325361715991464,10.0,28.31364526058439,7.725805747380409,80.76923076923077,1.7479372016245955,0.6199576695618773,96.15384615384616,65,56337,0.5807301849357721,0.4261977573904179,0.2868501529051988,99.01076923076924,110.02307692307691,0.0840176220817717,ALL_PLAYOFF_ROTATION_PLAYERS,6,6,1.0,38.333333333333336,25.0,0.6691648822269808,3.1666666666666665,10.666666666666666,0.2272727272727272,0.192156862745098,6,1.0,39.333333333333336,COMPLETE,True,Both stars played at least half of terminal-series games at 15+ MPG,0.5736963368225545,115.87102171495158,0.3645535948447042,90.0116144018583,159.98838559814172,HIGH,2.0329672447013487,3.13,4,COMPLETE,14.12623089983022,1.708980582524272,1.7609589041095894,-41.45643564356436,12.41725031730595,-30.800144230368,1178.0,412.0,438.0,101.0,COMPLETE,CONTEXTUAL_NOT_CAUSAL,LOW,COMPLETE,NORMALIZED_NAME,8.7,6.5,2.1,29.6,0.284,3.3,1.2,4.5,2.1,22.7,10.8,93.84615384615384,95.3846153846154,83.07692307692308,98.46153846153848,100.0,97.6923076923077,20.0,84.0,PF,BIG,,,50.0,0.38,0.528,-0.093,86.0,86.0,COMPLETE,761.7116666666667,119,18,0.3631751067801038,,,37.0,0.023,105.0,2.80938455835651,1.404692279178255,2.3411537986304247,4.026784533644331,14.000099715809942,0.6086956521739131,8.381330599096922,0.6666666666666666,PARTIAL,52.95673076923077,1.0,COMPLETE,38.333333333333336,1.0,COMPLETE,93.75,90.1923076923077,POSITION_GROUP_NEARBY_ERA_PERCENTILE,93.75,1.0,93.75,Defensive Anchor,5.624175376947095,0.8507156032356951,1.7486931844289288,73.75,52.083333333333336,46.875,73.75,47.916666666666664,53.125,39.05558894230769,18.368055555555557,49.8046875,35.74277733262108,76.53806041991382,0.3039332538736591,66.18579760307392,1.0,71.17395995646342,0.9444444444444444,71.17395995646342,PARTIAL,93.84615384615384,92.06378726492842,92.06378726492842,COMPLETE,9.210526315789473,83.77846117001452,83.77846117001452,COMPLETE,92.06378726492842,92.06378726492842,OBSERVED_PRODUCTION_GEOMEAN_FIT_DESCRIPTIVE_ONLY,74.42470138227553,99.2277876713668,64.79261577242983,92.0666789594516,83.48596037485358,1.0,COMPLETE,93.84405207566999,68.75,90.57110466368403,70.09724311547107,92.0666789594516,69.99762884777101,COVERAGE_SHRUNK,12.500000000000002,BASKETBALL_REFERENCE_SRS,85.75630053242685,3.5,-0.375,0.1875,3.3125,89.06880053242685,1.0,CORE_GEOMEAN_RATE43_RUN22_RESPONSIBILITY15_FIT20_PLUS_BOUNDED_CONTEXT
2,2016-17,201939,Stephen Curry,Stephen,1610612744,GSW,29.0,17,16,1,0.941,600.7483333333333,151,312,0.484,72,172,0.419,103,114,0.904,22,84,106,114,58,34,4,9,37,89,477,245,831.2,5,1,845.0,925.0,13,1,6,6,5,3,3,75,1,1,42,2,3,44,11,8,11,3,3,2,52,191,196,3,2,1,2,6,3,2,2.0,1,123.1,125.0,125.0,104.0,106.5,106.5,19.1,18.4,18.4,0.27,1.97,21.5,0.039,0.12,0.083,10.9,10.9,0.599,0.6585487077534791,0.289,0.293,104.82,102.79,85.66,102.79,0.173,1290,8.9,18.4,9,7,7,58,77,77,12,14,14,20,64,50,71,90,73,135,133,36,26,20,20,15,35,35,13,10,12,4,Champion,SERIES_INFERENCE,POROUND_FILTER_IGNORED,35.33813725490196,28.058823529411764,18.352941176470587,1.9655172413793105,99.08431332508498,82.33277939343581,94.91525423728812,98.98109561468084,93.01142748812082,96.57018722884048,93.01142748812082,1,2,201142,Kevin Durant,0.279,0.179,Stephen Curry,Kevin Durant,OWNER_REVIEWED,Owner-reviewed: Durant was the primary option; Curry was the second.,OWNER_REVIEWED,27.732558139534884,10.0,2.2093023255813953,0.2352071005917159,0.2109533468559837,0.2375,0.1472422385620915,0.1362467866323907,0.0384615384615384,12.748473563214455,7.342691314073462,94.44444444444444,16.32479602932717,5.8673388841845755,92.85714285714286,0.5597641253433279,0.060036305300154,91.26984126984128,0.1936666666666666,0.0602452659010819,88.09523809523809,0.1442222222222222,0.0919279297497643,92.85714285714286,4.510650346220229,2.52559079030645,97.61904761904762,27.72045149405485,7.553770812999532,80.15873015873017,1.9490474474054356,0.8345247097723952,65.87301587301587,63,47139,0.5708459252649567,0.3636794689426268,0.2875770507349455,96.41095238095238,110.37619047619047,0.0877027824885223,ALL_PLAYOFF_ROTATION_PLAYERS,5,5,1.0,37.6,26.8,0.6194526627218935,9.4,8.0,0.2203947368421052,0.2,5,1.0,39.8,COMPLETE,True,Both stars played at least half of terminal-series games at 15+ MPG,0.5631705611874479,116.93592547964973,0.3845409173714157,90.27626713073744,159.72373286926256,HIGH,3.5802137767220903,7.13,4,COMPLETE,16.760562015503872,-10.15820895522388,23.42390572390572,-3.7175,26.918770970727753,-0.2226347531779708,1032.0,134.0,297.0,320.0,COMPLETE,CONTEXTUAL_NOT_CAUSAL,LOW,COMPLETE,NORMALIZED_NAME,9.7,8.3,1.4,27.1,0.272,2.3,1.1,3.4,1.8,14.1,13.8,95.23809523809524,98.4126984126984,77.77777777777779,98.4126984126984,98.4126984126984,97.61904761904762,83.33333333333334,96.66666666666669,PG,GUARD,,,65.0,0.492,0.476,-0.095,34.0,37.0,COMPLETE,533.1033333333334,86,20,0.3817746045557662,,,52.0,-0.122,27.0,10.307144700082397,0.2397010395367999,3.8951418924729992,2.037458836062799,8.389536383787998,0.5642857142857143,6.8314796267987985,0.6666666666666666,PARTIAL,56.17559523809524,1.0,COMPLETE,78.07539682539682,1.0,COMPLETE,84.61538461538461,65.50925925925925,POSITION_GROUP_NEARBY_ERA_PERCENTILE,62.5,1.0,78.07539682539682,Defensive Anchor,5.807504486309721,1.3505824386766794,3.511514340559366,18.75,79.16666666666667,81.25,18.75,20.83333333333333,18.75,10.532924107142858,16.265707671957667,15.865384615384617,14.221338798161712,73.13831381911737,0.3214285714285714,55.53680254131206,1.0,63.732786639035616,0.9444444444444444,63.732786639035616,PARTIAL,95.23809523809524,91.8282772141949,91.8282772141949,COMPLETE,59.210526315789465,88.56650212435436,88.56650212435436,COMPLETE,91.8282772141949,91.8282772141949,OBSERVED_PRODUCTION_GEOMEAN_FIT_DESCRIPTIVE_ONLY,78.58377635799825,98.4126984126984,68.82918716666853,79.37782863966656,82.7497071435099,1.0,COMPLETE,93.10745109747745,81.25,81.25,76.48071514415838,79.37782863966656,62.96985404797808,COVERAGE_SHRUNK,36.97549864437259,BASKETBALL_REFERENCE_SRS,84.62406579709881,3.5,-0.13024501355627408,0.1875,3.5572549864437257,88.18132078354253,1.0,CORE_GEOMEAN_RATE43_RUN22_RESPONSIBILITY15_FIT20_PLUS_BOUNDED_CONTEXT
3,2000-01,977,Kobe Bryant,Kobe,1610612747,LAL,22.0,16,15,1,0.938,693.5716666666667,168,358,0.469,11,34,0.324,124,151,0.821,29,87,116,97,51,25,12,29,53,0,471,213,815.7,5,0,769.0,892.0,17,1,10,10,7,3,2,55,21,21,65,2,3,56,16,11,10,6,4,6,14,188,181,17,3,1,4,6,2,4,4.0,1,110.4,111.5,111.5,95.2,95.6,95.6,15.2,16.0,16.0,0.25,1.9,17.0,0.042,0.119,0.082,8.9,8.9,0.485,0.5548487418716427,0.298,0.303,93.93,93.29,77.74,93.29,0.176,1347,10.5,22.4,16,9,9,27,38,38,12,9,9,28,53,66,79,73,75,76,77,64,47,11,10,61,86,86,10,4,7,4,Champion,SERIES_INFERENCE,POROUND_FILTER_IGNORED,43.34822916666667,29.4375,22.375,1.9019607843137256,94.73491975650248,83.10900631439017,86.04651162790697,100.0,89.3382977038948,92.09790079874702,89.3382977038948,1,2,406,Shaquille O'Neal,0.321,0.147,Kobe Bryant,Shaquille O'Neal,OWNER_REVIEWED,Owner-reviewed: Shaq was the primary star; Kobe was the second option.,OWNER_REVIEWED,26.224944320712694,1.893095768374165,2.060133630289532,0.2847642079806529,0.2734912146676853,0.2657534246575342,0.1794493316084519,0.1504539559014267,0.1304347826086956,12.726753163449937,7.659436713851978,95.53571428571428,14.959659581931009,5.4330405421211445,95.53571428571428,0.517702098085489,0.061755442690447,66.96428571428571,0.1892678571428571,0.0621701269189829,91.96428571428572,0.1445357142857143,0.08557786018043,83.03571428571429,2.4830384352452106,2.2399887242146264,43.75,31.296566822712222,9.298009630007009,91.96428571428572,2.0824518215982017,0.9965307191303636,61.60714285714286,56,45548,0.518947776882305,0.1828062034436439,0.3306875076321895,92.06428571428572,102.5375,0.0359009649893377,ALL_PLAYOFF_ROTATION_PLAYERS,5,5,1.0,46.8,24.6,0.5011408083441982,5.8,7.8,0.2445328031809145,0.2724935732647814,5,1.0,45.0,COMPLETE,True,Both stars played at least half of terminal-series games at 15+ MPG,0.5110097950271401,108.57888582002116,0.3527901374995818,89.19239904988123,160.80760095011877,HIGH,5.439201995012469,7.92,4,COMPLETE,,,,,,,0.0,0.0,0.0,0.0,NOT_MODELED,NOT_MODELED,NOT_MODELED,COMPLETE,NORMALIZED_NAME,6.5,6.0,0.6,25.0,0.26,2.6,1.2,3.8,1.5,13.3,10.7,91.07142857142856,94.64285714285714,57.14285714285714,96.42857142857144,99.10714285714286,96.42857142857144,13.636363636363637,68.18181818181817,SG,GUARD,,,,,,,,,NOT_MODELED,675.955,0,38,0.3567695961995249,,,,,,1.7647779729564117,0.6228628139846158,,,16.817295977584628,0.4845679012345679,7.837690409306417,0.5,PARTIAL,83.33333333333333,0.6666666666666666,PARTIAL,33.09659090909091,0.6666666666666666,PARTIAL,75.0,50.44642857142857,POSITION_GROUP_NEARBY_ERA_PERCENTILE,89.58333333333333,1.0,89.58333333333333,Pressure Valve,0.0,2.0238033596911036,,58.75,37.5,75.0,58.75,62.5,25.0,48.95833333333333,20.685369318181817,18.75,29.46456755050505,84.57977207977207,0.1709401709401709,63.96517368122963,1.0,73.5537885564125,0.6666666666666666,73.5537885564125,PARTIAL,91.07142857142856,85.55641663886968,85.55641663886968,COMPLETE,,85.55641663886968,85.55641663886968,COMPLETE,85.55641663886968,85.55641663886968,OBSERVED_PRODUCTION_GEOMEAN_FIT_DESCRIPTIVE_ONLY,92.10361954416686,97.7586835226499,78.24945230722803,69.75889362349753,84.09169450202036,1.0,COMPLETE,83.52126207910003,93.75,93.75,93.1509421077454,69.75889362349753,65.702525704275,COVERAGE_SHRUNK,81.24999999999997,BASKETBALL_REFERENCE_SRS,83.77248670542718,3.5,0.3124999999999997,0.375,4.1875,87.95998670542718,1.0,CORE_GEOMEAN_RATE43_RUN22_RESPONSIBILITY15_FIT20_PLUS_BOUNDED_CONTEXT
4,2025-26,1628384,OG Anunoby,OG,1610612752,NYK,28.0,17,14,3,0.824,585.8583333333333,111,198,0.561,44,90,0.489,76,89,0.854,15,92,107,28,10,26,19,17,45,61,342,163,637.4,2,0,611.0,640.0,26,10,49,18,13,10,14,35,5,11,23,7,9,51,33,9,15,49,74,8,7,221,215,10,8,6,11,20,5,12,14.0,1,116.2,117.3,117.3,103.5,103.8,103.8,12.7,13.4,13.4,0.072,2.8,10.1,0.027,0.151,0.092,3.6,3.6,0.672,0.721032214538708,0.183,0.188,98.76,98.15,81.79,98.15,0.157,1199,6.5,11.6,26,25,25,70,79,79,30,31,31,157,28,157,138,65,84,34,34,26,19,93,96,100,114,114,26,27,47,4,Champion,SERIES_INFERENCE,POROUND_FILTER_IGNORED,34.46225490196078,20.11764705882353,11.647058823529411,2.8,47.16610402637321,22.251301726500408,87.14285714285715,88.07163405810881,51.73112811711914,54.7152509212695,51.73112811711914,3,2,1628973,Jalen Brunson,0.317,0.271,Jalen Brunson,Karl-Anthony Towns,OWNER_REVIEWED,Owner-reviewed: Anunoby was New York's second option; Towns is treated as the third star.,OWNER_REVIEWED,21.39282735613011,5.629691409507923,2.8148457047539615,0.1553839164016356,0.122146822948797,0.0585774058577405,0.1277771719374772,0.1248541423570595,0.2317073170731707,13.54053126420646,6.268213691074433,84.82142857142857,16.594711914116758,4.810919579579436,84.82142857142857,0.5764925764472391,0.061555679393522,99.10714285714286,0.1897678571428571,0.05687046404877,50.89285714285714,0.1488571428571428,0.0798490604138808,13.392857142857142,5.178813007497501,2.4160713539958754,58.03571428571429,29.076331465165374,6.987513759725253,74.10714285714286,1.9141167976357585,0.9426676267564292,84.82142857142857,56,49952,0.5763567690411792,0.3954170899650073,0.2920194152838921,97.55232142857145,111.68035714285716,0.1446754454975288,ALL_PLAYOFF_ROTATION_PLAYERS,5,5,1.0,36.0,21.2,0.7142857142857143,1.0,4.8,0.2030651340996168,0.1399082568807339,5,1.0,39.0,COMPLETE,True,Both stars played at least half of terminal-series games at 15+ MPG,0.5618101383030321,128.3409047612797,0.3849966274375572,86.89885332876946,163.10114667123054,HIGH,4.022733188720173,8.28,4,COMPLETE,13.796327683615822,21.66277372262774,14.340963855421686,11.491872791519434,-7.866446039011919,-10.71553710291417,1062.0,411.0,166.0,283.0,COMPLETE,CONTEXTUAL_NOT_CAUSAL,LOW,COMPLETE,NORMALIZED_NAME,9.4,5.4,4.0,23.8,0.308,2.5,1.2,3.8,1.7,17.3,4.0,99.10714285714286,100.0,94.64285714285714,97.32142857142856,100.0,92.85714285714286,78.94736842105263,100.0,PF,BIG,,,60.0,0.483,0.528,-0.127,62.0,72.0,COMPLETE,701.515,124,0,0.3526707308255868,,,45.0,0.11,114.0,5.530347211356556,1.1675177446197176,3.686898140904371,3.809794745601183,6.636416653627868,0.6203703703703703,5.468898909008151,0.6666666666666666,PARTIAL,49.404761904761905,1.0,COMPLETE,75.60829156223893,1.0,COMPLETE,80.0,87.1031746031746,POSITION_GROUP_NEARBY_ERA_PERCENTILE,52.77777777777777,1.0,75.60829156223893,Defensive Anchor,6.363370704831686,0.0,2.309287755785692,70.0,61.111111111111114,12.499999999999996,70.0,38.888888888888886,87.5,34.583333333333336,29.40322449642625,70.0,44.6621859432532,68.22512138431888,0.4455445544554455,63.39095252357859,1.0,65.76363303976404,0.9444444444444444,65.76363303976404,PARTIAL,99.10714285714286,80.69434150890426,80.69434150890426,COMPLETE,36.84210526315789,76.30911788432962,76.30911788432962,COMPLETE,80.69434150890426,80.69434150890426,OBSERVED_PRODUCTION_GEOMEAN_FIT_DESCRIPTIVE_ONLY,45.727820310437515,98.65162369237952,78.85855363824757,90.6712453295419,76.39927575775926,1.0,COMPLETE,94.09614506952715,25.0,73.12470322826769,65.35227907699017,90.6712453295419,64.88787564866604,COVERAGE_SHRUNK,33.85016001931649,BASKETBALL_REFERENCE_SRS,83.57197039461816,3.5,-0.16149839980683509,0.3333333333333334,3.6718349335264984,87.24380532814466,1.0,CORE_GEOMEAN_RATE43_RUN22_RESPONSIBILITY15_FIT20_PLUS_BOUNDED_CONTEXT
5,2022-23,1627750,Jamal Murray,Jamal,1610612743,DEN,26.0,20,16,4,0.8,798.53,194,410,0.473,59,149,0.396,75,81,0.926,15,98,113,142,50,30,5,22,41,82,522,181,925.6,5,1,906.0,1024.0,9,1,71,12,4,3,3,81,1,3,47,8,9,29,36,9,13,2,5,2,45,213,199,6,4,2,4,7,2,4,4.0,1,118.5,119.4,119.4,107.9,108.9,108.9,10.6,10.5,10.5,0.269,2.84,22.4,0.02,0.122,0.072,7.9,7.8,0.545,0.5856745354995063,0.269,0.277,96.84,96.06,80.05,96.06,0.148,1604,9.7,20.5,23,20,20,74,86,86,17,18,18,26,39,42,132,97,117,100,101,82,68,31,32,131,155,155,22,10,13,4,Champion,SERIES_INFERENCE,POROUND_FILTER_IGNORED,39.9265,26.1,20.5,2.84,88.06675086814683,64.28739002932551,64.77272727272727,100.0,75.7060991742382,81.62667252177346,75.7060991742382,2,2,203999,Nikola Jokić,0.301,0.395,Nikola Jokić,Jamal Murray,OWNER_REVIEWED,Owner-reviewed: Jokic was the primary star; Murray was the second option.,OWNER_REVIEWED,24.407730673316703,6.966957605985037,1.6365336658354117,0.2300572939620978,0.2385107620709715,0.2757281553398058,0.1654984455958549,0.1262569832402234,0.0595238095238095,13.858254426678874,8.036653921323381,87.28813559322035,16.302033034410933,5.861409887430356,87.28813559322035,0.5702049542589005,0.065490393492109,65.2542372881356,0.187457627118644,0.0636418266774611,82.20338983050848,0.1443898305084745,0.0843939545085925,90.67796610169492,5.200042549084217,2.7076771790462204,73.72881355932203,29.464532982656596,8.014407446345722,92.3728813559322,1.859547094289429,0.8243639042638506,48.30508474576271,59,54433,0.5752466702686629,0.3850887812752219,0.2565577078288942,97.34322033898304,112.14406779661016,0.0104278652308433,ALL_PLAYOFF_ROTATION_PLAYERS,5,5,1.0,42.4,21.4,0.5506381226842322,10.0,6.2,0.2045889101338432,0.2292191435768261,5,1.0,41.0,COMPLETE,True,Both stars played at least half of terminal-series games at 15+ MPG,0.5664783636095112,103.38868580393437,0.3678911738641865,87.78857837181044,162.21142162818956,HIGH,0.0020496894409937,0.43,3,COMPLETE,13.12906548933039,-13.145323741007196,-1.903225806451613,8.177631578947368,26.274389230337587,36.35524661573657,1359.0,278.0,279.0,76.0,COMPLETE,CONTEXTUAL_NOT_CAUSAL,LOW,COMPLETE,NORMALIZED_NAME,4.8,4.1,0.7,21.6,0.181,2.0,1.0,3.0,1.4,13.8,10.1,86.4406779661017,89.83050847457628,39.83050847457627,91.52542372881356,96.61016949152544,91.52542372881356,16.666666666666664,66.66666666666666,PG,GUARD,,,62.0,0.435,0.615,-0.027,126.0,110.0,COMPLETE,788.8483333333334,76,20,0.3766520808951241,,,47.0,-0.099,131.0,6.717343117979287,0.2254141985899089,2.7951360625148713,5.680437804465706,11.766621166393248,0.5172413793103449,3.6517100171565255,0.6666666666666666,PARTIAL,86.97033898305085,1.0,COMPLETE,65.06591337099812,1.0,COMPLETE,75.0,27.860169491525426,POSITION_GROUP_NEARBY_ERA_PERCENTILE,35.416666666666664,1.0,65.06591337099812,Pressure Valve,3.4683473164465495,0.91272297801225,2.144898998328787,82.5,54.166666666666664,68.75,82.5,45.833333333333336,31.25,71.75052966101696,29.82187696170747,23.4375,41.66996887424147,78.33518952860015,0.1958224543080939,72.03618617615312,1.0,75.11969313719592,0.9444444444444444,75.11969313719592,PARTIAL,86.4406779661017,79.76143460310783,79.76143460310783,COMPLETE,93.42105263157896,81.12739640595494,81.12739640595494,COMPLETE,79.76143460310783,79.76143460310783,OBSERVED_PRODUCTION_GEOMEAN_FIT_DESCRIPTIVE_ONLY,89.75660093140502,94.03343394359456,63.71415918176708,56.05101512479363,75.19556342980282,1.0,COMPLETE,78.9636775833975,93.75,93.75,89.73132758900778,56.05101512479363,73.72415462957393,COVERAGE_SHRUNK,6.250000000000001,BASKETBALL_REFERENCE_SRS,82.50484391614278,3.5,-0.4375,0.25,3.3125,85.81734391614278,1.0,CORE_GEOMEAN_RATE43_RUN22_RESPONSIBILITY15_FIT20_PLUS_BOUNDED_CONTEXT
6,2004-05,1938,Manu Ginobili,Manu,1610612759,SAS,27.0,23,16,7,0.696,776.2166666666667,145,286,0.507,42,96,0.438,147,185,0.795,19,114,133,97,66,28,6,19,69,1,479,166,820.1,1,0,819.0,908.0,8,1,160,15,9,5,7,32,2,2,25,1,2,67,29,5,10,5,4,2,42,177,182,3,3,1,4,21,3,3,3.0,1,111.0,111.4,111.4,101.5,100.6,100.6,9.5,10.8,10.8,0.222,1.47,18.5,0.027,0.153,0.091,12.6,12.4,0.58,0.6518780620577028,0.25,0.258,90.75,91.0,75.83,91.0,0.179,1475,6.3,12.4,34,35,35,52,55,55,18,17,17,30,71,54,107,43,61,135,130,22,12,29,26,117,119,119,7,30,37,4,Champion,SERIES_INFERENCE,POROUND_FILTER_IGNORED,33.74855072463768,20.82608695652174,12.434782608695652,1.4696969696969695,74.25301788068556,88.74633431085044,97.41935483870968,73.17633458075254,84.3387628842444,80.28178275031021,84.3387628842444,2,2,1495,Tim Duncan,0.309,0.148,Tim Duncan,Manu Ginobili,AMBIGUOUS_HIERARCHY,Model proposal retained.,MODEL_PROPOSAL,24.35593220338983,4.88135593220339,1.728813559322034,0.2148945715567519,0.1625923820352473,0.2293144208037825,0.1393566726511071,0.137396694214876,0.0451127819548872,13.235005750669368,6.7045918001214435,86.8421052631579,15.89826819678689,5.035033660109637,92.10526315789474,0.5488761685581063,0.062311097464444,95.6140350877193,0.1924561403508772,0.0606529009373884,79.82456140350878,0.1302807017543859,0.0963203271228425,86.8421052631579,2.6090699339438426,2.2374553436677513,78.0701754385965,31.268722795657887,8.709064235788219,53.50877192982456,2.0900201563329026,1.0121370785062644,44.73684210526316,57,51312,0.5450246521057968,0.2119565217391304,0.3531499556344277,91.6880701754386,105.68070175438596,0.106853409951906,ALL_PLAYOFF_ROTATION_PLAYERS,7,7,1.0,36.0,18.714285714285715,0.6356754658385093,4.0,5.857142857142857,0.2205387205387205,0.1689860834990059,7,1.0,40.714285714285715,COMPLETE,True,Both stars played at least half of terminal-series games at 15+ MPG,0.533965580009062,122.08241251180269,0.3790635878138852,89.15600138360429,160.8439986163957,HIGH,2.8162857142857143,3.31,3,COMPLETE,,,,,,,0.0,0.0,0.0,0.0,NOT_MODELED,NOT_MODELED,NOT_MODELED,COMPLETE,NORMALIZED_NAME,9.2,6.1,3.1,24.8,0.26,3.0,1.2,4.2,2.2,17.2,15.2,100.0,98.27586206896552,96.55172413793105,100.0,98.27586206896552,88.79310344827587,54.166666666666664,100.0,SG,GUARD,,,,,,,,,NOT_MODELED,865.9333333333333,5,52,0.3535529466023697,,,,,,4.452365104244949,0.2782728190153093,,,8.81197260215146,0.5421052631578948,8.580078586305369,0.5,PARTIAL,82.6388888888889,0.6666666666666666,PARTIAL,79.93421052631578,0.6666666666666666,PARTIAL,85.71428571428571,67.02586206896552,POSITION_GROUP_NEARBY_ERA_PERCENTILE,39.583333333333336,1.0,79.93421052631578,Defensive Anchor,0.2078681961659866,2.1618292401262607,,56.25,34.375,93.75,56.25,65.625,6.25,46.48437500000001,52.45682565789473,5.357142857142857,34.76611450501253,81.40358518246836,0.048780487804878,60.29916300406424,1.0,70.06117364156047,0.6666666666666666,70.06117364156047,PARTIAL,100.0,91.56629856803129,91.56629856803129,COMPLETE,,91.56629856803129,91.56629856803129,COMPLETE,91.56629856803129,91.56629856803129,OBSERVED_PRODUCTION_GEOMEAN_FIT_DESCRIPTIVE_ONLY,40.3962275057327,99.13418283769006,42.608226242531224,72.65545015453418,64.71609598456594,1.0,COMPLETE,95.85218812350487,87.5,87.5,55.89352942516251,72.65545015453418,63.374115761040315,COVERAGE_SHRUNK,19.764235376052376,BASKETBALL_REFERENCE_SRS,81.98693311239784,3.5,-0.30235764623947625,-0.0625,3.1351423537605236,85.12207546615836,1.0,CORE_GEOMEAN_RATE43_RUN22_RESPONSIBILITY15_FIT20_PLUS_BOUNDED_CONTEXT
7,2015-16,202681,Kyrie Irving,Kyrie,1610612739,CLE,24.0,21,16,5,0.762,773.71,201,423,0.475,51,116,0.44,77,88,0.875,15,47,62,98,48,36,13,22,46,64,530,145,850.4,0,0,839.0,935.0,10,1,142,6,4,2,2,66,4,5,33,8,8,41,32,39,41,5,7,4,18,212,199,11,3,4,4,49,4,5,4.0,1,115.7,117.7,117.7,106.3,107.7,107.7,9.4,10.0,10.0,0.222,2.04,16.3,0.02,0.063,0.041,8.0,7.9,0.535,0.5739409165728147,0.293,0.3,94.04,92.62,77.19,92.62,0.138,1491,9.6,20.1,14,8,8,135,147,147,34,28,28,40,44,82,126,161,152,88,85,66,59,21,23,108,154,154,35,3,5,4,Champion,SERIES_INFERENCE,POROUND_FILTER_IGNORED,36.843333333333334,25.238095238095237,20.142857142857142,2.0416666666666665,96.74605809128632,61.38135001800968,60.3896103896104,89.37331595595126,76.6788966371176,85.56966063685672,76.6788966371176,2,2,2544,LeBron James,0.301,0.349,LeBron James,Kyrie Irving,CLEAR,Model proposal retained.,MODEL_PROPOSAL,26.65995975855131,5.8350100603621735,2.4647887323943665,0.2409090909090909,0.2463599301106581,0.2197309417040358,0.1535138888888889,0.0682068206820682,0.146067415730337,12.371054139888775,6.739923989632318,92.62295081967213,15.707951884245748,5.532958160999728,99.18032786885246,0.5517874569737373,0.060215404810257,66.39344262295081,0.1898688524590164,0.0662636253628197,87.70491803278688,0.1378688524590164,0.1024548641781595,79.50819672131148,3.927288724587106,2.7231468414964755,76.22950819672131,28.50492392580427,7.213032103284304,86.0655737704918,2.0506619254755467,1.0107551547152778,74.59016393442623,61,53324,0.547542485370824,0.3182820539745878,0.2803738317757009,95.02639344262296,106.90655737704915,0.0263984312019907,ALL_PLAYOFF_ROTATION_PLAYERS,7,7,1.0,39.0,27.142857142857142,0.5637313078566342,3.857142857142857,3.857142857142857,0.2702702702702703,0.2668977469670711,7,1.0,42.0,COMPLETE,True,Both stars played at least half of terminal-series games at 15+ MPG,0.5339780462561203,107.48399126085538,0.3814668777495019,88.6168772563177,161.38312274368232,HIGH,5.836346516007534,10.38,4,COMPLETE,13.672706595905993,16.550526315789472,-7.179411764705883,-6.610112359550561,-2.8778197198834814,-2.3085203147281597,1319.0,285.0,204.0,178.0,COMPLETE,CONTEXTUAL_NOT_CAUSAL,LOW,COMPLETE,NORMALIZED_NAME,6.0,5.4,0.6,24.4,0.21,2.6,0.8,3.4,1.6,7.1,9.4,91.8032786885246,91.8032786885246,44.26229508196721,95.08196721311477,98.36065573770492,90.1639344262295,34.61538461538461,73.07692307692307,PG,GUARD,,,41.0,0.585,0.746,0.144,99.0,76.0,COMPLETE,822.0883333333334,94,27,0.3506304571404584,,,34.0,-0.223,142.0,5.397371108037895,0.6048777965904538,1.9076915123237388,4.606377066342686,14.284421811789947,0.4885993485342019,4.09455739230461,0.6666666666666666,PARTIAL,76.17827868852459,1.0,COMPLETE,56.94637102423987,1.0,COMPLETE,42.857142857142854,41.83743169398907,POSITION_GROUP_NEARBY_ERA_PERCENTILE,56.25,1.0,56.94637102423987,Pressure Valve,4.116345972553638,1.18235469424413,1.4888910964555715,63.125,22.916666666666668,90.625,63.125,77.08333333333333,9.375,48.087538422131146,43.89616099785157,4.017857142857142,32.00051885427995,64.17931357961439,0.0626740947075209,52.73512668542824,1.0,58.17649209263816,0.9444444444444444,58.17649209263816,PARTIAL,91.8032786885246,85.33127144463793,85.33127144463793,COMPLETE,52.63157894736842,82.06130219491098,82.06130219491098,COMPLETE,85.33127144463793,85.33127144463793,OBSERVED_PRODUCTION_GEOMEAN_FIT_DESCRIPTIVE_ONLY,85.47374200701205,96.70741772952542,83.61342842435111,66.77021609096535,82.99499571919432,1.0,COMPLETE,84.55441839674153,81.25,81.25,78.83274932979721,66.77021609096535,57.72224253193604,COVERAGE_SHRUNK,74.99999999999997,BASKETBALL_REFERENCE_SRS,79.84438957609282,3.5,0.24999999999999972,0.4375,4.1875,84.03188957609282,1.0,CORE_GEOMEAN_RATE43_RUN22_RESPONSIBILITY15_FIT20_PLUS_BOUNDED_CONTEXT
8,2009-10,2200,Pau Gasol,Pau,1610612747,LAL,29.0,23,16,7,0.696,913.245,165,306,0.539,0,3,0.0,120,158,0.759,92,163,255,81,44,9,48,26,63,149,450,97,1004.5,13,0,900.0,1038.0,7,1,174,23,5,2,4,29,110,102,110,2,2,88,1,1,1,7,6,38,2,199,190,1,3,4,2,1,3,2,3.0,1,110.0,111.8,111.8,104.6,106.2,106.2,5.4,5.5,5.5,0.147,1.84,16.1,0.102,0.179,0.141,8.7,8.8,0.539,0.5991691521090754,0.207,0.207,93.36,91.93,76.61,91.93,0.165,1749,7.2,13.3,50,33,33,89,110,110,44,53,53,57,50,66,21,37,25,81,82,44,44,66,73,79,115,115,18,12,28,4,Champion,SERIES_INFERENCE,POROUND_FILTER_IGNORED,39.70630434782608,19.565217391304348,13.304347826086955,1.8409090909090908,45.30897473629426,62.25679520930416,100.0,97.38668731506316,66.66996282306212,60.545847465274846,66.66996282306212,2,2,977,Kobe Bryant,0.326,0.25,Kobe Bryant,Pau Gasol,CLEAR,Model proposal retained.,MODEL_PROPOSAL,19.2967409948542,0.1286449399656946,2.444253859348199,0.1935483870967742,0.1638993036957686,0.1792035398230088,0.1654429347826086,0.2583586626139817,0.3356643356643357,12.924128779476218,6.124157519889224,88.39285714285714,16.04716962721104,4.692696700342907,74.10714285714286,0.5572696804512256,0.0504907590734256,75.89285714285714,0.1927142857142857,0.0526846122444394,59.82142857142857,0.1343928571428571,0.0989259605122199,74.10714285714286,3.114113607057574,2.620878935084517,18.75,30.365641202116553,7.638837510390997,88.39285714285714,1.9185244840570623,0.8725833197570031,77.67857142857143,56,48118,0.5576281701635099,0.2443799854967367,0.3660865361372976,91.67357142857144,108.37857142857142,0.0415409819455655,ALL_PLAYOFF_ROTATION_PLAYERS,7,7,1.0,41.857142857142854,18.571428571428573,0.5563163300239644,3.7142857142857144,11.571428571428571,0.2050473186119873,0.1685393258426966,7,1.0,41.285714285714285,COMPLETE,True,Both stars played at least half of terminal-series games at 15+ MPG,0.5433689349683445,110.26930572392432,0.3451208968960035,87.31558691468891,162.6844130853111,HIGH,3.88248730964467,5.33,3,COMPLETE,5.862707692307691,8.876536312849163,-2.563535911602209,-0.9795454545454536,-3.0138286205414726,-1.429838163484717,1625.0,179.0,181.0,176.0,COMPLETE,CONTEXTUAL_NOT_CAUSAL,LOW,COMPLETE,NORMALIZED_NAME,5.9,4.6,1.2,24.0,0.224,3.2,1.1,4.3,1.8,20.6,10.5,92.85714285714286,90.17857142857144,67.85714285714286,98.21428571428572,100.0,89.28571428571429,45.65217391304348,86.95652173913044,C,BIG,,,,,,,,,NOT_MODELED,922.695,131,16,0.3577836926894722,,,,,,0.1182596126997684,1.8921538031962943,,,11.944220882676609,0.5445544554455446,6.228339602187803,0.5,PARTIAL,61.30952380952382,0.6666666666666666,PARTIAL,34.85054347826087,0.6666666666666666,PARTIAL,87.5,80.80357142857143,POSITION_GROUP_NEARBY_ERA_PERCENTILE,64.58333333333333,1.0,64.58333333333333,Defensive Anchor,5.111114723716938,0.6242582868661909,,69.375,75.0,50.0,69.375,25.0,50.0,42.533482142857146,8.712635869565217,43.75,31.665372670807457,70.94671201814059,0.3463203463203463,67.40737658150778,1.0,69.15440502402278,0.6666666666666666,69.15440502402278,PARTIAL,92.85714285714286,74.7624056518132,74.7624056518132,COMPLETE,56.57894736842105,72.94405982347399,72.94405982347399,COMPLETE,74.7624056518132,74.7624056518132,OBSERVED_PRODUCTION_GEOMEAN_FIT_DESCRIPTIVE_ONLY,51.64414117096075,99.10312089651156,59.95851525441241,77.78447514465037,70.84465517081081,1.0,COMPLETE,80.53019730102116,56.25,87.2765002735559,71.06824679921615,77.78447514465037,62.769603349348515,COVERAGE_SHRUNK,37.5,BASKETBALL_REFERENCE_SRS,78.70506794111645,3.5,-0.125,0.1875,3.5625,82.26756794111645,1.0,CORE_GEOMEAN_RATE43_RUN22_RESPONSIBILITY15_FIT20_PLUS_BOUNDED_CONTEXT
9,2017-18,201939,Stephen Curry,Stephen,1610612744,GSW,30.0,15,11,4,0.733,554.9016666666666,137,304,0.451,64,162,0.395,45,47,0.957,9,82,91,81,43,26,11,19,38,59,383,147,681.7,1,0,693.0,747.0,33,16,58,20,16,5,5,101,2,2,50,10,22,22,49,11,17,9,6,5,15,205,189,10,5,3,5,31,8,5,5.0,1,113.4,114.2,114.2,100.4,101.2,101.2,13.0,13.0,13.0,0.229,1.88,18.3,0.017,0.136,0.081,9.7,9.6,0.556,0.5898115067143033,0.286,0.296,99.58,98.83,82.36,98.83,0.154,1142,9.1,20.3,29,23,23,40,51,51,19,22,22,32,68,69,128,87,103,125,123,63,64,18,19,75,105,105,22,12,8,4,Champion,SERIES_INFERENCE,POROUND_FILTER_IGNORED,36.99344444444444,25.533333333333335,20.266666666666666,1.8837209302325584,90.67515702942724,68.11538450858835,81.41592920353983,90.86857459999854,81.60208919523228,86.57700509069444,81.60208919523228,2,2,201142,Kevin Durant,0.303,0.2,Kevin Durant,Stephen Curry,OWNER_REVIEWED,Owner-reviewed: Durant was the primary option; Curry was the second.,OWNER_REVIEWED,25.15323992994746,10.63922942206655,2.4299474605954465,0.1651573954290642,0.1683277962347729,0.1480804387568556,0.1095561039815728,0.0962962962962963,0.0901639344262295,12.91930231860198,7.204711943973428,92.74193548387096,15.69108553610982,5.386801999738729,92.74193548387096,0.5610913311552339,0.0732679918677883,63.70967741935484,0.1878709677419354,0.0614920618718954,87.90322580645162,0.1368709677419355,0.1025660265501656,83.06451612903226,4.526980542056866,2.7812682842342435,99.19354838709675,28.696457698813692,7.724763570817032,87.90322580645162,1.897354111341554,0.7948753386138652,78.2258064516129,62,51775,0.5605363670767057,0.3706492089470813,0.269721767594108,97.83451612903224,107.0548387096774,0.0292751396375975,ALL_PLAYOFF_ROTATION_PLAYERS,4,4,1.0,40.5,27.5,0.5603096984515078,6.75,6.0,0.2370689655172413,0.2713864306784661,4,1.0,41.25,COMPLETE,True,Both stars played at least half of terminal-series games at 15+ MPG,0.5548206461041737,106.30669764289192,0.3684481851032419,87.80065226253566,162.19934773746434,HIGH,3.941247563352826,8.21,4,COMPLETE,15.7796442687747,6.6581294964028785,-9.327218934911244,6.703773584905661,9.121514772371825,25.15250729218873,1012.0,695.0,169.0,265.0,COMPLETE,CONTEXTUAL_NOT_CAUSAL,LOW,COMPLETE,NORMALIZED_NAME,7.1,5.8,1.2,22.3,0.182,1.1,1.0,2.1,1.3,15.4,11.7,95.16129032258064,95.16129032258064,66.12903225806451,93.5483870967742,88.70967741935483,95.16129032258064,74.07407407407408,85.18518518518519,PG,GUARD,,,75.0,0.4,0.529,-0.091,45.0,42.0,COMPLETE,807.365,138,25,0.3474243615013805,,,59.0,-0.103,84.0,10.509970234966556,0.7136399542261241,4.865726960632665,2.919436176379599,9.21244304546451,0.5140845070422535,3.0491888953298036,0.6666666666666666,PARTIAL,58.36693548387097,1.0,COMPLETE,72.62793707686181,1.0,COMPLETE,90.9090909090909,80.3763440860215,POSITION_GROUP_NEARBY_ERA_PERCENTILE,35.416666666666664,1.0,72.62793707686181,Defensive Anchor,6.153350714980213,1.1147374483659809,2.6307803781437142,36.875,60.416666666666664,75.0,36.875,39.583333333333336,25.0,21.52280745967742,28.7485584262578,22.727272727272727,24.332879537735987,71.94937686722754,0.2464065708418891,56.317095760083745,1.0,63.65516433809599,0.9444444444444444,63.65516433809599,PARTIAL,95.16129032258064,83.84683505722205,83.84683505722205,COMPLETE,82.89473684210526,83.75162523571036,83.75162523571036,COMPLETE,83.84683505722205,83.84683505722205,OBSERVED_PRODUCTION_GEOMEAN_FIT_DESCRIPTIVE_ONLY,66.93563851188621,91.09691126737374,82.44915230364322,78.95885577278928,80.25035375770022,1.0,COMPLETE,82.53673680356042,43.75,43.75,69.55531274884356,78.95885577278928,62.89654409709066,COVERAGE_SHRUNK,55.198505414549025,BASKETBALL_REFERENCE_SRS,77.86172890572335,3.5,0.051985054145490255,0.375,3.92698505414549,81.78871395986884,1.0,CORE_GEOMEAN_RATE43_RUN22_RESPONSIBILITY15_FIT20_PLUS_BOUNDED_CONTEXT
10,2003-04,1888,Richard Hamilton,Richard,1610612765,DET,26.0,23,16,7,0.696,933.285,181,405,0.447,15,39,0.385,117,138,0.848,32,74,106,97,72,27,1,27,72,2,494,178,778.7,1,0,768.0,878.0,1,1,155,11,2,3,2,60,19,24,27,3,3,36,11,14,13,5,2,7,100,189,187,1,2,2,5,35,5,5,5.0,1,99.2,100.8,100.8,90.2,90.3,90.3,9.0,10.4,10.4,0.224,1.35,15.3,0.035,0.08,0.058,11.4,11.3,0.465,0.5303615906553294,0.269,0.274,88.06,87.3,72.75,87.3,0.137,1698,7.9,17.6,47,28,28,28,40,40,16,18,18,37,64,78,92,126,116,88,88,71,55,14,14,157,180,180,23,6,6,4,Champion,SERIES_INFERENCE,POROUND_FILTER_IGNORED,40.577608695652174,21.47826086956522,17.608695652173914,1.3472222222222223,100.0,58.17405608905558,61.81818181818184,100.0,77.90676228126213,88.18104197254193,77.90676228126213,1,2,1497,Chauncey Billups,0.215,0.286,Richard Hamilton,Chauncey Billups,OWNER_REVIEWED,Owner-reviewed: Billups was the offensive engine; Hamilton was the scoring finisher.,OWNER_REVIEWED,21.819787985865727,1.722614840989399,1.2367491166077738,0.2466300549176235,0.2309007981755986,0.2170022371364653,0.166064946619217,0.1028128031037827,0.0060975609756097,11.845539014125972,6.196392225523099,91.81818181818184,14.264077046947618,4.6101561318273445,93.63636363636364,0.5077188874125962,0.0552309482808586,66.36363636363637,0.1881636363636363,0.0574553624798064,90.0,0.1496181818181818,0.0838911612874012,80.9090909090909,2.755961765964016,2.1109070312447846,37.27272727272727,31.4002387012965,8.733675427794237,84.54545454545455,2.096036745806613,0.6985168514507067,8.181818181818182,55,48963,0.5097786303755767,0.2078199052132701,0.3494075829383886,90.002,98.17636363636365,0.0205829602797527,ALL_PLAYOFF_ROTATION_PLAYERS,5,5,1.0,44.4,21.4,0.5001869857890799,4.0,5.2,0.2356828193832599,0.2513661202185792,5,1.0,38.4,COMPLETE,True,Both stars played at least half of terminal-series games at 15+ MPG,0.5000360211582743,106.06467698603184,0.3322690001025647,81.0257410296412,168.97425897035882,HIGH,3.104110320284698,4.93,4,COMPLETE,,,,,,,0.0,0.0,0.0,0.0,NOT_MODELED,NOT_MODELED,NOT_MODELED,COMPLETE,NORMALIZED_NAME,3.6,2.3,1.3,19.6,0.182,2.3,1.3,3.5,1.3,9.1,13.4,76.36363636363637,83.63636363636363,50.90909090909091,90.9090909090909,94.54545454545456,92.72727272727272,13.043478260869565,63.04347826086957,SG,GUARD,,,,,,,,,NOT_MODELED,883.415,107,2,0.3306043166096392,,,,,,1.504363618830261,0.0385734261238528,,,14.11787396133014,0.453551912568306,5.323132805091693,0.5,PARTIAL,75.71969696969697,0.6666666666666666,PARTIAL,28.20405138339921,0.6666666666666666,PARTIAL,71.42857142857143,31.704545454545453,POSITION_GROUP_NEARBY_ERA_PERCENTILE,56.25,1.0,56.25,Pressure Valve,4.360351590136006,0.0815018988810468,,33.125,59.375,6.25,33.125,40.625,93.75,25.08214962121212,11.45789587450593,66.96428571428572,34.50144373666792,68.5958196032823,0.5597014925373134,53.93673176204739,1.0,60.82626342247261,0.6666666666666666,60.82626342247261,PARTIAL,76.36363636363637,80.83993510565439,80.83993510565439,COMPLETE,,80.83993510565439,80.83993510565439,COMPLETE,80.83993510565439,80.83993510565439,OBSERVED_PRODUCTION_GEOMEAN_FIT_DESCRIPTIVE_ONLY,87.28140869405186,92.70944570168692,66.35500476413414,33.8026605531334,68.12386055938154,1.0,COMPLETE,77.9986534388527,87.5,87.5,90.38033490657118,33.8026605531334,57.21750894831507,COVERAGE_SHRUNK,33.07189138830738,BASKETBALL_REFERENCE_SRS,77.85412229975101,3.5,-0.16928108611692622,0.1875,3.5182189138830737,81.37234121363409,1.0,CORE_GEOMEAN_RATE43_RUN22_RESPONSIBILITY15_FIT20_PLUS_BOUNDED_CONTEXT
11,2011-12,2548,Dwyane Wade,Dwyane,1610612748,MIA,30.0,23,16,7,0.696,906.825,197,426,0.462,10,34,0.294,121,166,0.729,32,88,120,100,68,39,30,22,65,120,525,183,958.0,1,0,893.0,1052.0,1,1,166,25,2,3,2,68,33,30,73,3,2,90,11,10,11,4,3,3,4,200,200,2,3,2,2,28,4,3,2.0,1,108.2,109.9,109.9,98.1,99.9,99.9,10.2,10.0,10.0,0.211,1.47,15.1,0.039,0.101,0.071,10.3,10.2,0.474,0.5260099390830394,0.292,0.297,90.53,89.03,74.19,89.03,0.141,1689,8.6,18.5,31,27,27,71,96,96,30,35,35,31,66,78,85,108,100,101,100,100,79,10,12,130,160,160,32,8,8,4,Champion,SERIES_INFERENCE,POROUND_FILTER_IGNORED,39.42717391304348,22.82608695652174,18.52173913043478,1.4705882352941178,79.48922621365149,74.16695370405806,53.80116959064327,87.56914837391213,71.87452641303443,74.22338374610354,71.87452641303443,2,2,2544,LeBron James,0.326,0.27,LeBron James,Dwyane Wade,CLEAR,Model proposal retained.,MODEL_PROPOSAL,23.312611012433393,1.5097690941385435,3.063943161634103,0.2344796784278696,0.2435677530017152,0.2487562189054726,0.1628052064631957,0.1290322580645161,0.2631578947368421,11.301468030524047,6.561468148503979,92.85714285714286,14.859433775461552,5.23466572839926,94.44444444444444,0.5307735084594167,0.0677485590486187,50.0,0.188095238095238,0.0602973358240892,94.44444444444444,0.1275238095238095,0.0989349404860567,84.92063492063492,2.9199661241784467,2.4924050547467935,40.476190476190474,28.43894406317523,8.087283779712537,92.85714285714286,2.2188046997147484,0.9820508774409146,78.57142857142857,63,51267,0.533538372556529,0.2240958508986021,0.3079653871755047,91.0573015873016,103.14920634920637,-0.0075284334734896,ALL_PLAYOFF_ROTATION_PLAYERS,5,5,1.0,40.6,22.6,0.5155109489051095,5.2,6.0,0.2215686274509803,0.2395833333333333,5,1.0,44.0,COMPLETE,True,Both stars played at least half of terminal-series games at 15+ MPG,0.5200966603863213,101.13695763636048,0.3285401311658081,83.30539725108952,166.69460274891048,HIGH,3.4387964601769916,6.44,4,COMPLETE,13.990228013029316,-3.105769230769231,-16.354679802955665,-5.6937500000000005,17.095997243798546,27.75692704675421,1535.0,364.0,203.0,48.0,COMPLETE,CONTEXTUAL_NOT_CAUSAL,LOW,COMPLETE,NORMALIZED_NAME,5.3,3.9,1.4,22.0,0.165,1.8,1.3,3.1,1.7,11.5,12.0,88.88888888888889,91.26984126984128,68.25396825396825,96.03174603174604,96.82539682539682,95.23809523809524,3.4482758620689653,55.172413793103445,SG,GUARD,,,,,,,,,NOT_MODELED,983.265,85,16,0.3143444694062373,,,,,,1.34976428748656,1.1909684889587298,,,15.5619882557274,0.4770408163265306,6.5900256389049705,0.5,PARTIAL,76.45502645502646,0.6666666666666666,PARTIAL,23.48111658456486,0.6666666666666666,PARTIAL,75.0,59.12698412698413,POSITION_GROUP_NEARBY_ERA_PERCENTILE,62.5,1.0,62.5,Pressure Valve,3.112080670012662,0.5858034202376776,,75.0,25.0,37.5,75.0,75.0,62.5,57.34126984126984,17.610837438423644,46.875,40.60903575989783,71.10177404295051,0.2941176470588235,57.62624464697916,1.0,64.01037592323058,0.6666666666666666,64.01037592323058,PARTIAL,88.88888888888889,79.34920476158722,79.34920476158722,COMPLETE,88.1578947368421,80.2300737591127,80.2300737591127,COMPLETE,79.34920476158722,79.34920476158722,OBSERVED_PRODUCTION_GEOMEAN_FIT_DESCRIPTIVE_ONLY,88.52124086641187,96.4277549119523,63.35720306983928,79.93452873205803,80.73549429956776,1.0,COMPLETE,74.8740455645037,87.5,87.5,85.26063789033292,79.93452873205803,59.34025061548705,COVERAGE_SHRUNK,24.206145913796362,BASKETBALL_REFERENCE_SRS,77.04936658672183,3.5,-0.2579385408620364,0.1875,3.4295614591379637,80.47892804585979,1.0,CORE_GEOMEAN_RATE43_RUN22_RESPONSIBILITY15_FIT20_PLUS_BOUNDED_CONTEXT
12,2001-02,977,Kobe Bryant,Kobe,1610612747,LAL,23.0,19,15,4,0.789,831.8883333333333,187,431,0.434,22,58,0.379,110,145,0.759,28,83,111,87,54,27,17,26,65,1,506,66,847.7,2,0,814.0,923.0,9,1,115,11,1,2,1,83,7,11,37,3,3,74,15,13,13,2,5,6,13,185,181,1,2,5,3,16,5,3,3.0,1,103.9,104.8,104.8,98.9,100.4,100.4,5.0,4.4,4.4,0.202,1.61,13.8,0.033,0.095,0.065,8.6,8.5,0.459,0.5113177041228779,0.292,0.299,94.26,93.16,77.63,93.16,0.132,1612,9.8,22.7,55,37,37,61,87,87,34,42,42,34,58,87,97,102,97,67,64,90,83,11,10,70,98,98,34,4,4,4,Champion,SERIES_INFERENCE,POROUND_FILTER_IGNORED,43.78359649122807,26.63157894736842,22.68421052631579,1.6111111111111112,93.27064032232364,85.70169983416253,59.02777777777778,100.0,82.77571052362266,86.00164174848217,82.77571052362266,1,2,406,Shaquille O'Neal,0.313,0.136,Kobe Bryant,Shaquille O'Neal,EDITORIAL_REVIEWED,Editorial sanity correction: Shaq remained the primary star; Kobe was the second option.,EDITORIAL_REVIEWED,23.542183622828787,2.698511166253102,2.0471464019851116,0.272189349112426,0.2818835840418574,0.2332439678284182,0.1814369320247182,0.1286210892236384,0.1545454545454545,12.7916826056369,6.757157527726527,93.859649122807,15.26648748266838,4.818884015625122,95.6140350877193,0.5248977350377261,0.0582379972619006,46.49122807017544,0.1931052631578947,0.0581328436957871,93.859649122807,0.1381228070175438,0.0803477245991509,79.82456140350878,2.8736871739923666,2.2974761386449485,42.98245614035088,31.2274073176362,9.114529112191304,92.10526315789474,2.0703700686800883,1.024560900724342,50.0,57,45959,0.5213058714767914,0.2182289736939607,0.3383969371372113,92.98701754385964,101.8561403508772,-0.0099881673539135,ALL_PLAYOFF_ROTATION_PLAYERS,4,4,1.0,43.75,26.75,0.6232525629077353,5.25,5.75,0.2523584905660377,0.2422145328719723,4,1.0,41.5,COMPLETE,True,Both stars played at least half of terminal-series games at 15+ MPG,0.514155510812597,99.44806451938362,0.344054082300588,83.9686573485811,166.0313426514189,HIGH,5.762241014799153,7.61,4,COMPLETE,,,,,,,0.0,0.0,0.0,0.0,NOT_MODELED,NOT_MODELED,NOT_MODELED,COMPLETE,NORMALIZED_NAME,4.3,4.1,0.2,20.5,0.148,1.7,0.8,2.6,1.3,10.6,9.8,85.96491228070175,91.2280701754386,28.947368421052634,94.73684210526316,98.24561403508773,83.33333333333334,13.043478260869565,50.0,SG,GUARD,,,,,,,,,NOT_MODELED,776.0966666666667,0,48,0.3358746293943244,,,,,,2.509952257214009,0.7356756615972095,,,16.141589516221128,0.4423592493297587,6.274880643035023,0.5,PARTIAL,76.64473684210526,0.6666666666666666,PARTIAL,26.50648360030511,0.6666666666666666,PARTIAL,55.55555555555556,45.723684210526315,POSITION_GROUP_NEARBY_ERA_PERCENTILE,70.83333333333333,1.0,70.83333333333333,Pressure Valve,0.0,2.226526764277646,,53.75,26.5625,81.25,53.75,73.4375,18.75,41.196546052631575,19.465698893974064,10.416666666666668,23.692970537757436,71.01083812314512,0.1284796573875803,53.78045821171166,1.0,61.79802110310999,0.6666666666666666,61.79802110310999,PARTIAL,85.96491228070175,77.38792532106413,77.38792532106413,COMPLETE,,77.38792532106413,77.38792532106413,COMPLETE,77.38792532106413,77.38792532106413,OBSERVED_PRODUCTION_GEOMEAN_FIT_DESCRIPTIVE_ONLY,92.52367406115675,96.47527778854398,83.2640738603383,49.40822843801139,77.75347537427668,1.0,COMPLETE,72.56679846032112,87.5,87.5,80.06738885065593,49.40822843801139,57.865347402073326,COVERAGE_SHRUNK,87.2765002735559,BASKETBALL_REFERENCE_SRS,74.93607039921007,3.5,0.37276500273555896,0.4375,4.310265002735559,79.24633540194563,1.0,CORE_GEOMEAN_RATE43_RUN22_RESPONSIBILITY15_FIT20_PLUS_BOUNDED_CONTEXT
13,2008-09,2200,Pau Gasol,Pau,1610612747,LAL,28.0,23,16,7,0.696,930.9116666666666,160,276,0.58,0,0,0.0,100,140,0.714,68,181,249,58,44,19,45,18,69,119,420,152,953.8,16,0,855.0,977.0,5,1,169,24,4,3,7,15,114,135,114,6,5,102,2,2,2,10,5,14,2,193,193,4,6,3,3,2,3,3,3.0,1,109.4,110.9,110.9,100.6,101.7,101.7,8.8,9.2,9.2,0.103,1.32,13.2,0.077,0.194,0.138,10.0,10.0,0.58,0.6220379146919431,0.187,0.189,93.37,92.22,76.85,92.22,0.157,1783,7.0,12.0,41,35,35,49,64,64,37,38,38,82,81,86,36,31,25,99,98,29,28,84,88,63,90,90,18,16,38,4,Champion,SERIES_INFERENCE,POROUND_FILTER_IGNORED,40.47442028985507,18.26086956521739,12.0,1.318181818181818,42.906468075400795,32.962352532963216,78.67647058823529,98.4699704228976,51.64390915825298,51.84423214109878,51.64390915825298,2,2,977,Kobe Bryant,0.326,0.26,Kobe Bryant,Pau Gasol,CLEAR,Model proposal retained.,MODEL_PROPOSAL,17.6668536174986,0.0,2.69209197980931,0.1783439490445859,0.1490280777537797,0.1300448430493273,0.1671295631358468,0.2574974146845915,0.3125,12.849537330200944,6.635129277805238,83.33333333333334,16.143990543183012,5.037390573055384,67.54385964912281,0.5574657219735886,0.0588166471732462,81.57894736842105,0.192578947368421,0.0532955833621277,50.877192982456144,0.1318070175438596,0.0827275041975404,46.49122807017544,3.2316816842540272,2.5806280174944,8.771929824561402,30.577565632488117,8.419185749450742,90.35087719298248,1.9178713828856953,0.7400011044759552,88.59649122807018,57,49916,0.5590857397348518,0.2567864156174194,0.368141388471757,90.35245614035088,108.15438596491228,0.0629521749570913,ALL_PLAYOFF_ROTATION_PLAYERS,5,5,1.0,42.4,18.6,0.6469115191986645,2.2,9.2,0.1848906560636183,0.1442307692307692,5,1.0,43.8,COMPLETE,True,Both stars played at least half of terminal-series games at 15+ MPG,0.5437256671598298,114.40289695007044,0.3565323565323565,89.13308913308913,160.86691086691084,HIGH,4.020302491103203,6.48,4,COMPLETE,10.854276923076924,18.315,-0.6728643216080417,-6.8136363636363635,-7.460723076923074,-13.601495118951396,1625.0,220.0,199.0,154.0,COMPLETE,CONTEXTUAL_NOT_CAUSAL,LOW,COMPLETE,NORMALIZED_NAME,5.3,3.7,1.6,21.9,0.221,2.6,1.6,4.3,1.7,22.5,11.5,91.2280701754386,89.47368421052632,73.68421052631578,94.73684210526316,94.73684210526316,98.24561403508773,23.91304347826087,73.91304347826086,C,BIG,,,,,,,,,NOT_MODELED,939.7316666666668,106,21,0.3543064301491267,,,,,,0.0,1.7402295599116997,,,10.673407967458424,0.5797101449275363,5.414047519725287,0.5,PARTIAL,36.62280701754386,0.6666666666666666,PARTIAL,33.17124332570557,0.6666666666666666,PARTIAL,75.0,80.59210526315789,POSITION_GROUP_NEARBY_ERA_PERCENTILE,68.75,1.0,68.75,Defensive Anchor,4.060733649144525,0.8044849682267455,,71.875,59.375,62.5,71.875,40.625,37.5,26.32264254385965,13.475817601067888,28.125,22.64115338164251,54.91822002923977,0.25,57.59818632716315,1.0,56.24224275400382,0.6666666666666666,56.24224275400382,PARTIAL,91.2280701754386,71.11380234424198,71.11380234424198,COMPLETE,28.947368421052634,66.89715895192305,66.89715895192305,COMPLETE,71.11380234424198,71.11380234424198,OBSERVED_PRODUCTION_GEOMEAN_FIT_DESCRIPTIVE_ONLY,36.020877274917154,94.73684210526312,69.18490540558099,86.23853618266635,67.94350758268521,1.0,COMPLETE,79.51165984658896,31.25,81.00925873009825,69.44277329786856,86.23853618266635,54.16149516933588,COVERAGE_SHRUNK,39.52847075210474,BASKETBALL_REFERENCE_SRS,74.98969700655383,3.5,-0.10471529247895262,0.375,3.7702847075210473,78.75998171407487,1.0,CORE_GEOMEAN_RATE43_RUN22_RESPONSIBILITY15_FIT20_PLUS_BOUNDED_CONTEXT
14,2007-08,1718,Paul Pierce,Paul,1610612738,BOS,30.0,26,16,10,0.615,989.56,163,370,0.441,43,119,0.361,142,177,0.802,21,108,129,119,82,28,8,23,90,161,511,135,870.3,1,0,874.0,986.0,1,1,198,33,1,3,3,86,2,2,45,2,2,68,23,5,9,4,1,5,27,198,201,1,3,3,3,34,4,3,3.0,1,108.2,109.5,109.5,100.2,101.7,101.7,8.1,7.8,7.8,0.221,1.45,18.2,0.024,0.119,0.072,12.5,12.6,0.499,0.5704653032062159,0.256,0.258,89.04,87.85,73.2,87.85,0.126,1808,6.3,14.2,37,27,27,44,75,75,24,30,30,32,71,54,109,84,94,161,161,74,47,30,32,130,164,164,31,27,23,4,Champion,SERIES_INFERENCE,POROUND_FILTER_IGNORED,38.059999999999995,19.653846153846153,14.23076923076923,1.451219512195122,90.51968419096588,51.65296788517537,41.836734693877546,100.0,67.16294771540835,77.37043845142088,67.16294771540835,2,2,708,Kevin Garnett,0.265,0.176,Kevin Garnett,Paul Pierce,CLEAR,Model proposal retained.,MODEL_PROPOSAL,21.197455752212388,4.936393805309735,1.4933628318584071,0.2090834697217675,0.1894521249359959,0.2128801431127012,0.1585833333333333,0.1240384615384615,0.0714285714285714,12.510899590605474,6.472534867164353,83.03571428571429,15.633217362380126,4.759119740800918,88.39285714285714,0.547154698718597,0.0487784785327653,70.53571428571429,0.1898392857142857,0.0579956207662373,84.82142857142857,0.1420535714285714,0.1042052267065293,79.46428571428571,2.9261559431791615,2.5216636334216225,70.53571428571429,30.460398625493323,8.262586480898168,74.10714285714286,1.9007938846506889,0.9556108649004246,41.964285714285715,56,50491,0.5471916447192039,0.222561320221544,0.3335593986662145,90.04160714285715,106.54642857142858,0.023273658487012,ALL_PLAYOFF_ROTATION_PLAYERS,6,6,1.0,38.833333333333336,21.833333333333332,0.5883938196191161,6.333333333333333,4.5,0.2137030995106036,0.1896551724137931,6,1.0,38.0,COMPLETE,True,Both stars played at least half of terminal-series games at 15+ MPG,0.5320488069584092,107.2204834867358,0.3534452016711085,87.42127941663905,162.57872058336096,HIGH,3.043026941362916,7.34,4,COMPLETE,9.53404255319149,19.03993288590604,-2.47608695652174,-23.342857142857145,-9.50589033271455,-30.372660519049955,1551.0,298.0,322.0,203.0,COMPLETE,CONTEXTUAL_NOT_CAUSAL,LOW,COMPLETE,NORMALIZED_NAME,3.6,2.6,1.0,17.4,0.145,1.6,1.3,3.0,1.4,13.5,15.5,75.89285714285714,78.57142857142857,59.82142857142857,92.85714285714286,94.64285714285714,95.53571428571428,63.63636363636363,90.9090909090909,SF,WING,,,,,,,,,NOT_MODELED,986.6466666666666,8,29,0.3465941062660428,,,,,,4.3291968147459485,0.2910384413274587,,,9.131331096649015,0.4780876494023904,6.4392255143700226,0.5,PARTIAL,69.34523809523809,0.6666666666666666,PARTIAL,64.79301948051949,0.6666666666666666,PARTIAL,56.25,54.910714285714285,POSITION_GROUP_NEARBY_ERA_PERCENTILE,45.833333333333336,1.0,64.79301948051949,Pressure Valve,0.2918978087393663,1.058129556680203,,35.0,28.125,68.75,35.0,71.875,31.25,24.27083333333333,46.569982751623385,17.578125,29.472980361652237,64.01371300268359,0.2262443438914027,45.97694322635075,1.0,54.250851130948114,0.6666666666666666,54.250851130948114,PARTIAL,75.89285714285714,79.59452247592723,79.59452247592723,COMPLETE,10.526315789473683,72.68770180728188,72.68770180728188,COMPLETE,79.59452247592723,79.59452247592723,OBSERVED_PRODUCTION_GEOMEAN_FIT_DESCRIPTIVE_ONLY,67.17020622706126,93.74574820290484,59.91954317321077,62.12991938461932,71.4786177118474,1.0,COMPLETE,77.92480327107168,62.5,62.5,64.23699277218894,62.12991938461932,52.83390075396541,COVERAGE_SHRUNK,28.641098093473996,BASKETBALL_REFERENCE_SRS,72.94578800917935,3.5,-0.21358901906526004,0.1875,3.47391098093474,76.4196989901141,1.0,CORE_GEOMEAN_RATE43_RUN22_RESPONSIBILITY15_FIT20_PLUS_BOUNDED_CONTEXT
15,2010-11,1891,Jason Terry,Jason,1610612742,DAL,33.0,21,16,5,0.762,683.92,128,268,0.478,42,95,0.442,70,83,0.843,6,34,40,67,32,26,3,8,44,57,368,148,571.5,0,0,575.0,629.0,1,1,129,12,9,8,8,54,2,4,24,9,10,38,80,44,48,10,12,5,65,157,175,14,8,2,9,46,5,9,9.0,1,115.1,115.0,115.0,104.0,104.3,104.3,11.1,10.7,10.7,0.18,2.09,16.5,0.01,0.055,0.033,7.9,7.9,0.556,0.6042296072507554,0.232,0.235,89.95,89.84,74.86,89.84,0.12,1285,6.1,12.8,10,6,6,94,97,97,19,20,20,46,42,61,141,152,146,63,63,39,29,41,43,110,116,116,47,23,27,4,Champion,SERIES_INFERENCE,POROUND_FILTER_IGNORED,32.56761904761905,17.523809523809526,12.761904761904765,2.09375,61.01900893895564,54.1574047316714,57.324840764331206,71.91552903133298,58.58181163773314,60.138840887921205,58.58181163773314,3,2,1717,Dirk Nowitzki,0.311,0.13,Dirk Nowitzki,Jason Terry,CLEAR,Model proposal retained.,MODEL_PROPOSAL,21.47859922178988,5.544747081712062,1.6926070038910506,0.178380998545807,0.1704834605597964,0.1583924349881796,0.1350286278381046,0.0496277915632754,0.0348837209302325,11.5197099530525,6.8921076841697175,80.15873015873017,15.016759214081151,5.552795180651874,84.92063492063492,0.5336758327155487,0.0611491692345472,89.68253968253968,0.1863968253968253,0.0643466652069493,78.57142857142857,0.1281111111111111,0.0928870471451044,80.15873015873017,2.8945164012170825,2.657505486269762,80.15873015873017,28.965640225396584,8.80062468360359,62.698412698412696,2.087559235753856,0.876057618746247,40.476190476190474,63,49490,0.5384248749868726,0.2231769623780771,0.3406874129122155,89.58603174603176,104.268253968254,0.0658047322638827,ALL_PLAYOFF_ROTATION_PLAYERS,6,6,1.0,32.5,18.0,0.6045678459471563,3.1666666666666665,2.0,0.1901408450704225,0.1766055045871559,6,1.0,40.333333333333336,COMPLETE,True,Both stars played at least half of terminal-series games at 15+ MPG,0.5294851364542746,114.11644362616316,0.3686952526493472,85.19986216402481,164.8001378359752,HIGH,4.741201550387596,6.76,4,COMPLETE,15.158581016299134,-0.0782688766114183,-10.466993464052289,-31.79594594594594,15.236849892910552,-6.092102588983099,1043.0,543.0,306.0,74.0,COMPLETE,CONTEXTUAL_NOT_CAUSAL,LOW,COMPLETE,NORMALIZED_NAME,4.6,3.4,1.2,20.3,0.179,2.1,0.5,2.6,1.1,6.0,9.5,87.3015873015873,88.88888888888889,61.904761904761905,90.47619047619048,91.26984126984128,65.87301587301587,48.148148148148145,92.5925925925926,SG,GUARD,,,,,,,,,NOT_MODELED,825.92,50,13,0.360666207213416,,,,,,5.000584863726752,0.15791320622295,,,9.106328225523454,0.4971098265895953,4.368932038834951,0.5,PARTIAL,82.07671957671958,0.6666666666666666,PARTIAL,78.95171957671957,0.6666666666666666,PARTIAL,55.55555555555556,37.20238095238095,POSITION_GROUP_NEARBY_ERA_PERCENTILE,33.333333333333336,1.0,78.95171957671957,Pressure Valve,2.1793878341728012,0.5666408368849284,,46.25,53.125,25.0,46.25,46.875,75.0,37.9604828042328,37.0086185515873,41.66666666666667,38.87858934082893,69.3744345115163,0.4460966542750929,63.18778630403412,1.0,66.20888869990873,0.6666666666666666,66.20888869990873,PARTIAL,87.3015873015873,85.01625693927438,85.01625693927438,COMPLETE,44.73684210526316,80.98831545587326,80.98831545587326,COMPLETE,85.01625693927438,85.01625693927438,OBSERVED_PRODUCTION_GEOMEAN_FIT_DESCRIPTIVE_ONLY,43.00385555747238,90.87214943788788,31.23749249299229,54.85426647492121,56.37224755062521,1.0,COMPLETE,87.27993691118925,43.75,43.75,35.025491633192345,54.85426647492121,60.805925799939146,COVERAGE_SHRUNK,81.00925873009825,BASKETBALL_REFERENCE_SRS,71.43232655754917,3.5,0.31009258730098255,-0.3125,3.4975925873009825,74.92991914485016,1.0,CORE_GEOMEAN_RATE43_RUN22_RESPONSIBILITY15_FIT20_PLUS_BOUNDED_CONTEXT
16,2014-15,202691,Klay Thompson,Klay,1610612744,GSW,25.0,21,16,5,0.762,760.9666666666667,149,334,0.446,57,146,0.39,36,45,0.8,9,72,81,54,41,16,19,19,64,52,391,120,633.2,0,0,653.0,685.0,1,1,146,13,4,3,3,74,2,2,41,18,21,66,58,20,25,14,7,20,10,203,206,16,4,3,7,54,5,7,7.0,1,107.7,108.2,108.2,98.3,99.5,99.5,9.3,8.6,8.6,0.118,1.32,12.1,0.012,0.09,0.053,9.2,9.1,0.531,0.5525720746184285,0.233,0.236,96.0,95.18,79.32,95.18,0.094,1504,7.1,15.9,34,33,33,61,69,69,33,34,34,91,95,113,133,120,119,108,104,58,65,44,45,104,121,121,90,18,15,4,Champion,SERIES_INFERENCE,POROUND_FILTER_IGNORED,36.23650793650794,18.61904761904762,15.904761904761903,1.3170731707317074,63.54046223794594,15.131578947368425,14.893617021276595,85.62314836021368,37.96022025271874,50.07433917166771,37.96022025271874,3,2,201939,Stephen Curry,0.301,0.3,Stephen Curry,Klay Thompson,AMBIGUOUS_SECONDARY,Model proposal retained.,MODEL_PROPOSAL,19.498005319148938,7.280585106382978,1.745345744680851,0.1802674043337943,0.1888072357263991,0.1048543689320388,0.1487715868361029,0.0845511482254697,0.1570247933884297,12.710126470099835,6.268978213368377,82.20338983050848,15.307993898613082,4.716685561110355,80.50847457627118,0.5316583834698956,0.0607497513626842,66.94915254237289,0.1908474576271186,0.057959311724435,77.11864406779661,0.1492711864406779,0.0992611400072632,50.84745762711864,3.926058865781535,2.704896839914963,90.67796610169492,29.97469343703606,7.538887085057772,75.42372881355932,2.0285294141689816,0.8198863932399741,39.83050847457627,59,52551,0.5359515510966474,0.3153409090909091,0.3064903846153846,96.14101694915256,104.09661016949154,0.0166205235217811,ALL_PLAYOFF_ROTATION_PLAYERS,6,6,1.0,38.0,15.833333333333334,0.5092195540308748,1.6666666666666667,4.333333333333333,0.1572847682119205,0.1767068273092369,6,1.0,42.5,COMPLETE,True,Both stars played at least half of terminal-series games at 15+ MPG,0.526232473993668,105.00531645735671,0.3611391762515222,86.01111379560281,163.9888862043972,HIGH,3.441532567049808,4.08,4,COMPLETE,11.394546850998465,5.533491686460809,-8.072156862745098,16.34014598540146,5.861055164537654,30.273358012684213,1302.0,421.0,255.0,137.0,COMPLETE,CONTEXTUAL_NOT_CAUSAL,LOW,COMPLETE,NORMALIZED_NAME,1.9,2.0,0.0,14.8,0.118,0.9,1.0,1.9,0.7,10.2,10.4,55.932203389830505,74.57627118644068,25.42372881355932,78.8135593220339,82.20338983050848,93.22033898305084,70.37037037037037,64.81481481481481,SG,GUARD,,,112.0,0.375,0.574,-0.018,51.0,58.0,COMPLETE,825.8316666666667,232,3,0.3817657962564373,,,113.0,0.0,59.0,6.907004248981558,0.8988567173332165,5.298523807437907,2.412720662315476,8.893950676770775,0.4893617021276595,2.1288711726313023,0.6666666666666666,PARTIAL,44.49152542372882,1.0,COMPLETE,78.32948465010611,1.0,COMPLETE,75.0,50.1412429378531,POSITION_GROUP_NEARBY_ERA_PERCENTILE,25.0,1.0,78.32948465010611,Gravity Engine,10.113441197661349,0.1307772568663105,4.925943341964363,56.875,91.66666666666669,18.75,56.875,8.333333333333329,81.25,25.304555084745765,6.527457054175505,60.9375,30.923170712973757,63.34191440495336,0.554765291607397,67.51985511893442,1.0,65.39752964430993,0.9444444444444444,65.39752964430993,PARTIAL,55.932203389830505,69.43876670954408,69.43876670954408,COMPLETE,92.10526315789474,71.70541635437915,71.70541635437915,COMPLETE,69.43876670954408,69.43876670954408,OBSERVED_PRODUCTION_GEOMEAN_FIT_DESCRIPTIVE_ONLY,68.25756749166314,80.4906313857647,35.05813556008643,45.53254498097528,57.13757130491915,1.0,COMPLETE,67.05268968598432,56.25,56.25,66.8115485815119,45.53254498097528,64.54211133073716,COVERAGE_SHRUNK,19.764235376052376,BASKETBALL_REFERENCE_SRS,69.23398112061432,3.5,-0.30235764623947625,-0.0625,3.1351423537605236,72.36912347437485,1.0,CORE_GEOMEAN_RATE43_RUN22_RESPONSIBILITY15_FIT20_PLUS_BOUNDED_CONTEXT
17,2023-24,1627759,Jaylen Brown,Jaylen,1610612738,BOS,27.0,19,16,3,0.842,706.8783333333333,175,339,0.516,36,110,0.327,68,103,0.66,22,91,113,62,51,23,12,16,51,94,454,88,736.6,0,0,735.0,,9,1,53,10,6,3,5,41,10,8,98,5,4,121,18,11,13,17,3,3,15,208,204,4,4,8,5,46,6,5,,1,115.2,116.1,116.1,107.4,109.9,109.9,7.8,6.2,6.2,0.153,1.22,12.4,0.033,0.133,0.083,10.2,10.3,0.569,0.5906536219816819,0.28,0.284,95.22,93.78,78.15,93.78,0.121,1382,9.2,17.8,42,40,40,82,102,102,52,60,60,77,113,141,96,94,105,144,144,56,63,18,23,97,151,151,53,15,19,4,Champion,SERIES_INFERENCE,POROUND_FILTER_IGNORED,37.20412280701754,23.894736842105264,17.842105263157894,1.2156862745098038,94.23305853518796,27.580645161290324,65.0,85.10319130918677,66.47257652792162,81.26471212946055,66.47257652792162,2,2,1628369,Jayson Tatum,0.28,0.251,Jayson Tatum,Jaylen Brown,CLEAR,Model proposal retained.,MODEL_PROPOSAL,24.638205499276413,5.969609261939218,1.899421128798842,0.2196419932268989,0.2128060263653484,0.1371681415929203,0.154171937477281,0.1381418092909535,0.1176470588235294,13.768335238625886,7.475553109479136,87.06896551724138,16.569666732029205,5.677875912233556,88.79310344827587,0.5724858009192877,0.0495633117871568,66.37931034482759,0.1888793103448275,0.0632815486498582,86.20689655172413,0.1500862068965517,0.0919102419122645,59.48275862068966,5.194435638691659,2.350459658240146,54.310344827586206,30.120455154798655,8.404579449086352,78.44827586206897,1.8086614774837555,0.6417618204829968,54.310344827586206,58,50676,0.5757706146225975,0.3898432467253597,0.233841528881254,94.67827586206896,112.92586206896551,0.0148830073590844,ALL_PLAYOFF_ROTATION_PLAYERS,5,5,1.0,38.2,20.8,0.5349794238683128,5.0,5.4,0.2047244094488189,0.2014388489208633,5,1.0,40.2,COMPLETE,True,Both stars played at least half of terminal-series games at 15+ MPG,0.5657395866811947,104.4037991837624,0.3437403619836052,87.74653031409788,162.25346968590213,HIGH,2.0629310344827587,2.75,4,COMPLETE,6.008702791461412,19.452727272727273,4.953488372093024,5.34022988505747,-13.44402448126586,-13.057282968301417,1218.0,330.0,215.0,87.0,COMPLETE,CONTEXTUAL_NOT_CAUSAL,LOW,COMPLETE,NORMALIZED_NAME,1.8,1.0,0.8,19.1,0.133,0.9,1.1,2.0,0.7,15.0,11.7,52.58620689655172,56.896551724137936,43.103448275862064,78.44827586206897,87.06896551724138,96.55172413793105,10.0,80.0,SF,WING,,,59.0,0.356,0.652,0.007,76.0,77.0,COMPLETE,768.4483333333334,138,13,0.3266663152425203,,,40.0,-0.04,125.0,5.602095598723968,0.6111377016789783,3.0047603665883096,3.870538777300195,11.662544473707168,0.6069868995633187,5.2455986060778965,0.6666666666666666,PARTIAL,61.422413793103445,1.0,COMPLETE,37.80172413793104,1.0,COMPLETE,50.0,47.701149425287355,POSITION_GROUP_NEARBY_ERA_PERCENTILE,66.66666666666667,1.0,66.66666666666667,Pressure Valve,6.464975958045324,0.6090194743086176,1.8739060747957463,30.0,37.5,50.0,30.0,62.5,50.0,18.426724137931032,23.626077586206897,25.0,22.350933908045977,59.714660213752765,0.3508771929824561,46.46318018021272,1.0,52.67383617045349,0.9444444444444444,52.67383617045349,PARTIAL,52.58620689655172,71.89628611694435,71.89628611694435,COMPLETE,31.57894736842105,67.86455224209203,67.86455224209203,COMPLETE,71.89628611694435,71.89628611694435,OBSERVED_PRODUCTION_GEOMEAN_FIT_DESCRIPTIVE_ONLY,81.5749997209007,82.64629589958356,52.66082413263152,60.914152035412855,68.91893492586944,1.0,COMPLETE,67.67494929792518,87.5,87.5,77.8293422889971,60.914152035412855,52.525289716539405,COVERAGE_SHRUNK,15.30931089239486,BASKETBALL_REFERENCE_SRS,68.64649313091594,3.5,-0.3469068910760514,0.0,3.1530931089239487,71.7995862398399,1.0,CORE_GEOMEAN_RATE43_RUN22_RESPONSIBILITY15_FIT20_PLUS_BOUNDED_CONTEXT
18,1999-00,977,Kobe Bryant,Kobe,1610612747,LAL,21.0,22,15,7,0.682,857.675,174,394,0.442,22,64,0.344,95,126,0.754,26,72,98,97,55,32,32,19,89,4,465,47,865.1,2,0,810.0,949.0,14,1,155,8,4,2,2,70,6,7,46,4,4,77,14,12,12,3,2,1,3,180,181,19,4,12,2,18,5,2,2.0,1,108.0,109.5,109.5,106.0,107.1,107.1,2.0,2.4,2.4,0.197,1.76,16.1,0.03,0.085,0.057,9.1,9.1,0.47,0.517310430758277,0.263,0.265,92.46,91.36,76.14,91.36,0.113,1636,7.9,17.9,26,20,20,134,146,146,57,56,56,45,49,66,96,110,104,69,68,75,77,21,21,66,91,91,49,9,10,4,Champion,SERIES_INFERENCE,POROUND_FILTER_IGNORED,38.98522727272727,21.136363636363637,17.90909090909091,1.7636363636363637,70.86839952264535,59.47384015285123,37.68115942028986,84.01501852329315,59.81055263615063,63.74882651522723,59.81055263615063,2,2,406,Shaquille O'Neal,0.312,0.141,Shaquille O'Neal,Kobe Bryant,CLEAR,Model proposal retained.,MODEL_PROPOSAL,21.31723716381418,2.93398533007335,2.93398533007335,0.2026143790849673,0.2130881557598702,0.1932270916334661,0.1546823571847242,0.0982948846539618,0.2285714285714285,11.359791514470952,6.6089270496150965,90.67796610169492,14.777908400516038,5.13035013835119,88.98305084745762,0.516551351120051,0.0521744556986767,43.22033898305085,0.1887118644067796,0.0545993266387539,92.3728813559322,0.134135593220339,0.0976129432976199,75.42372881355932,2.2474373835189745,2.0017564238505776,61.86440677966102,29.28887382778286,8.953824667411578,85.59322033898306,1.9782163798642471,0.8362818979335862,90.67796610169492,59,47354,0.5255272620224152,0.1867199806131103,0.3465406518841633,89.25508474576272,101.77796610169491,-0.0082168312641381,ALL_PLAYOFF_ROTATION_PLAYERS,6,5,0.8333333333333334,34.4,15.6,0.4112188949810206,4.2,4.6,0.1240063593004769,0.17578125,6,1.0,45.0,COMPLETE,True,Both stars played at least half of terminal-series games at 15+ MPG,0.5174294393913443,99.97700002666888,0.350153670009917,87.94825238311394,162.05174761688608,HIGH,4.7370743405275775,6.36,3,COMPLETE,,,,,,,0.0,0.0,0.0,0.0,NOT_MODELED,NOT_MODELED,NOT_MODELED,COMPLETE,NORMALIZED_NAME,4.2,3.2,1.1,19.3,0.115,1.5,0.5,2.1,1.4,9.9,10.9,83.05084745762711,87.28813559322035,65.2542372881356,96.61016949152544,91.52542372881356,68.64406779661016,17.5,45.0,SG,GUARD,,,,,,,,,NOT_MODELED,1000.205,0,55,0.3517930095324557,,,,,,2.686332235403854,1.343166117701927,,,13.85140058880112,0.4606060606060606,5.2887165884513365,0.5,PARTIAL,80.93220338983052,0.6666666666666666,PARTIAL,24.007768361581917,0.6666666666666666,PARTIAL,83.33333333333334,74.29378531073448,POSITION_GROUP_NEARBY_ERA_PERCENTILE,69.44444444444444,1.0,69.44444444444444,Defensive Anchor,0.0,1.9795941831924455,,55.0,31.25,75.0,55.0,68.75,25.0,44.51271186440678,16.505340748587567,20.833333333333336,27.283795315442564,76.02628622070297,0.1680672268907563,56.65129855836783,1.0,65.62764538647544,0.6666666666666666,65.62764538647544,PARTIAL,83.05084745762711,73.70059684510193,73.70059684510193,COMPLETE,,73.70059684510193,73.70059684510193,COMPLETE,73.70059684510193,73.70059684510193,OBSERVED_PRODUCTION_GEOMEAN_FIT_DESCRIPTIVE_ONLY,70.24239973510966,94.03343394359456,18.444698661672025,74.05786140269998,58.15125265484208,1.0,COMPLETE,68.35650396252213,75.0,75.0,48.695052068104964,74.05786140269998,60.418430257650286,COVERAGE_SHRUNK,57.73502691896257,BASKETBALL_REFERENCE_SRS,67.9882793742931,3.5,0.07735026918962568,-0.25,3.3273502691896257,71.31562964348272,1.0,CORE_GEOMEAN_RATE43_RUN22_RESPONSIBILITY15_FIT20_PLUS_BOUNDED_CONTEXT
19,2018-19,1627783,Pascal Siakam,Pascal,1610612761,TOR,25.0,24,16,8,0.667,891.2766666666666,180,383,0.47,29,104,0.279,66,87,0.759,40,131,171,66,33,24,17,28,67,59,455,97,849.2,6,0,803.0,881.0,1,1,191,20,3,3,3,63,15,9,111,8,8,101,7,5,5,12,13,7,9,211,207,12,3,10,4,6,7,4,5.0,1,108.2,109.0,109.0,102.1,103.8,103.8,6.2,5.2,5.2,0.126,2.0,12.6,0.045,0.143,0.095,6.3,6.3,0.508,0.5400208887200912,0.228,0.232,97.8,96.64,80.54,96.64,0.116,1796,7.5,16.0,71,67,67,70,86,86,57,65,65,91,64,115,70,84,81,66,66,83,93,44,48,157,176,176,60,18,22,4,Champion,SERIES_INFERENCE,POROUND_FILTER_IGNORED,37.13652777777778,18.958333333333332,15.958333333333334,2.0,57.43479427396072,36.70669200158231,48.29931972789115,91.352495161774,50.62838000012047,55.230774181899626,50.62838000012047,3,2,202695,Kawhi Leonard,0.31,0.188,Kawhi Leonard,Pascal Siakam,CLEAR,Model proposal retained.,MODEL_PROPOSAL,19.000556792873052,4.342984409799555,1.7121380846325167,0.1778733385457388,0.1882989183874139,0.121996303142329,0.1534039013195639,0.1683070866141732,0.1545454545454545,13.385667800525791,7.268751720992255,78.2258064516129,16.123365025369086,5.3011748805214145,78.2258064516129,0.5582918141827451,0.0573966531165552,34.67741935483871,0.1914193548387096,0.0597207340628288,78.2258064516129,0.1473225806451613,0.0859800753726245,50.806451612903224,4.974319680928566,2.4173470164623296,34.67741935483871,28.78044998507836,7.929425731693668,81.45161290322581,1.805668812730304,0.7783441383438016,49.193548387096776,62,55019,0.5645724004593624,0.3887009125397314,0.2921152465907926,98.87209677419354,108.9241935483871,-0.0245515117392711,ALL_PLAYOFF_ROTATION_PLAYERS,6,6,1.0,40.166666666666664,19.833333333333332,0.5600527108433735,3.6666666666666665,7.5,0.1778774289985052,0.191699604743083,6,1.0,40.5,COMPLETE,True,Both stars played at least half of terminal-series games at 15+ MPG,0.5505126440564706,98.0941844933714,0.3253891045495864,86.1877430105536,163.8122569894464,HIGH,4.672707275803722,8.04,4,COMPLETE,7.377928232904536,9.849358974358974,-4.794794520547945,-5.858260869565216,-2.471430741454438,-3.534897090471709,1477.0,468.0,365.0,115.0,COMPLETE,CONTEXTUAL_NOT_CAUSAL,LOW,COMPLETE,NORMALIZED_NAME,2.6,1.8,0.8,17.1,0.127,1.0,1.4,2.4,1.0,16.2,7.3,66.93548387096774,75.0,48.38709677419355,85.48387096774194,93.5483870967742,98.38709677419357,52.0,32.0,PF,BIG,,,96.0,0.292,0.627,-0.013,107.0,99.0,COMPLETE,939.4633333333334,145,17,0.3574373240773509,,,63.0,-0.125,124.0,4.200715827109427,0.686655471739041,3.877583840408702,4.321890322122199,11.26922803618779,0.5412186379928315,3.514060355370386,0.6666666666666666,PARTIAL,66.63306451612902,1.0,COMPLETE,35.27956989247312,1.0,COMPLETE,50.0,57.79569892473118,POSITION_GROUP_NEARBY_ERA_PERCENTILE,64.58333333333333,1.0,64.58333333333333,Pressure Valve,5.556363739581818,0.651435748778558,2.4141442454734796,42.5,54.166666666666664,59.375,42.5,45.833333333333336,40.625,28.319052419354833,16.169802867383513,20.3125,21.600451762246113,60.66474716417392,0.3150242326332794,56.18088583134711,1.0,58.37978446703956,0.9444444444444444,58.37978446703956,PARTIAL,66.93548387096774,61.390450301468746,61.390450301468746,COMPLETE,48.68421052631579,60.11982632395345,60.11982632395345,COMPLETE,61.390450301468746,61.390450301468746,OBSERVED_PRODUCTION_GEOMEAN_FIT_DESCRIPTIVE_ONLY,67.50539200893523,89.42526629438137,51.891846571158936,61.6394308789065,65.27869353776192,1.0,COMPLETE,56.62624221008776,50.0,84.31710977020026,76.8268135695179,61.6394308789065,57.91424088553737,COVERAGE_SHRUNK,81.24999999999997,BASKETBALL_REFERENCE_SRS,65.8419794999884,3.5,0.3124999999999997,0.125,3.9374999999999996,69.7794794999884,1.0,CORE_GEOMEAN_RATE43_RUN22_RESPONSIBILITY15_FIT20_PLUS_BOUNDED_CONTEXT
20,2024-25,1631114,Jalen Williams,Jalen,1610612760,OKC,24.0,23,16,7,0.696,795.825,178,396,0.449,35,115,0.304,101,128,0.789,24,103,127,111,41,32,9,29,50,91,492,110,892.9,1,0,847.0,964.0,1,1,179,20,2,3,2,99,10,7,119,3,3,77,20,8,9,5,9,5,30,219,206,4,3,5,3,30,7,3,3.0,1,113.9,115.2,115.2,106.7,107.4,107.4,7.1,7.8,7.8,0.214,2.71,18.3,0.029,0.123,0.076,6.8,6.8,0.494,0.5438627520339583,0.259,0.263,101.92,101.03,84.19,101.03,0.133,1666,7.7,17.2,57,46,46,77,78,78,49,51,51,40,29,84,135,102,124,56,56,135,113,28,30,47,60,60,45,18,18,4,Champion,SERIES_INFERENCE,POROUND_FILTER_IGNORED,34.60108695652174,21.39130434782609,17.217391304347824,2.707317073170732,68.32191864739035,70.38954519299645,67.14285714285715,83.54675786920127,69.40868319602943,69.05411096213486,69.40868319602943,2,2,1628983,Shai Gilgeous-Alexander,0.322,0.308,Shai Gilgeous-Alexander,Jalen Williams,CLEAR,Model proposal retained.,MODEL_PROPOSAL,22.14885954381753,5.177070828331332,1.8457382953181272,0.1865049279757392,0.1916747337850919,0.2102272727272727,0.1435211902614968,0.1267465069860279,0.0692307692307692,13.72715568449264,6.943714589992584,80.83333333333333,16.784699530073528,5.809957129098887,79.16666666666666,0.5703948992329066,0.0659510839391149,30.833333333333336,0.1916666666666666,0.0619886190271156,84.16666666666667,0.1486166666666666,0.089453729504265,79.16666666666666,5.5435357494001005,2.5646123304140325,47.5,29.087042298881336,7.395436912104441,70.83333333333334,1.9982642026549495,0.7404899489176957,47.5,60,53903,0.5724285368838344,0.4030743835757763,0.2871144124626019,97.4225,112.74833333333332,-0.0285657848498761,ALL_PLAYOFF_ROTATION_PLAYERS,7,7,1.0,34.57142857142857,23.571428571428573,0.540912667191188,3.7142857142857144,5.0,0.2156862745098039,0.214527027027027,7,1.0,38.142857142857146,COMPLETE,True,Both stars played at least half of terminal-series games at 15+ MPG,0.5662606100269713,96.04460250343988,0.3382311675722558,88.45437616387338,161.54562383612665,HIGH,3.541655052264809,5.15,4,COMPLETE,7.6373959121877375,15.880539499036612,11.361363636363638,-3.9118644067796615,-8.243143586848873,-23.51637162999217,1321.0,519.0,396.0,177.0,COMPLETE,CONTEXTUAL_NOT_CAUSAL,LOW,COMPLETE,NORMALIZED_NAME,4.2,2.5,1.7,19.1,0.153,1.3,1.2,2.5,1.2,14.2,8.3,75.0,75.0,77.5,92.5,95.83333333333334,96.66666666666669,10.714285714285714,39.285714285714285,SG,GUARD,,,79.0,0.329,0.647,0.008,56.0,44.0,COMPLETE,850.9883333333333,113,20,0.3318302373660423,,,14.0,-0.03,100.0,5.202148713599095,0.4071246819338422,3.5736499858637263,2.533220243143907,12.711337291489963,0.5088967971530249,5.790217698614645,0.6666666666666666,PARTIAL,61.14583333333333,1.0,COMPLETE,30.53571428571429,1.0,COMPLETE,66.66666666666666,50.833333333333336,POSITION_GROUP_NEARBY_ERA_PERCENTILE,60.416666666666664,1.0,60.416666666666664,Defensive Anchor,4.780324054579675,0.8460750539079072,0.5922525377355349,72.5,10.416666666666666,62.5,72.5,89.58333333333333,37.5,44.33072916666666,27.354910714285715,24.999999999999996,32.22854662698413,61.85586290883786,0.1878914405010438,45.833990478782866,1.0,53.2456667872661,0.9444444444444444,53.2456667872661,PARTIAL,75.0,62.65288257514797,62.65288257514797,COMPLETE,19.73684210526316,58.36127852815949,58.36127852815949,COMPLETE,62.65288257514797,62.65288257514797,OBSERVED_PRODUCTION_GEOMEAN_FIT_DESCRIPTIVE_ONLY,70.72782237388414,94.15191624886528,61.64511970498787,70.8637316661718,71.14373231485524,1.0,COMPLETE,56.78165328844011,75.0,75.0,68.08589203922187,70.8637316661718,53.06535196575132,COVERAGE_SHRUNK,12.500000000000002,BASKETBALL_REFERENCE_SRS,64.33875459304187,3.5,-0.375,0.1875,3.3125,67.65125459304187,1.0,CORE_GEOMEAN_RATE43_RUN22_RESPONSIBILITY15_FIT20_PLUS_BOUNDED_CONTEXT
21,2013-14,1495,Tim Duncan,Tim,1610612759,SAS,38.0,23,16,7,0.696,752.4733333333334,149,285,0.523,0,2,0.0,76,100,0.76,65,146,211,45,26,7,29,21,52,88,374,150,776.7,9,0,702.0,783.0,1,1,153,6,4,5,6,28,121,125,121,6,5,89,1,1,1,24,21,54,3,204,192,6,6,3,5,1,2,5,5.0,1,112.1,112.4,112.4,100.9,102.3,102.3,11.1,10.1,10.1,0.093,1.73,11.2,0.095,0.192,0.146,6.5,6.5,0.523,0.5683890577507599,0.217,0.219,94.19,93.39,77.82,93.39,0.144,1465,6.5,12.4,36,31,31,50,70,70,25,31,31,93,61,117,27,22,15,55,56,65,60,59,61,85,106,106,16,23,37,4,Champion,SERIES_INFERENCE,POROUND_FILTER_IGNORED,32.71623188405797,16.26086956521739,12.391304347826088,1.7307692307692308,77.00379790906106,23.37481169859281,100.0,100.0,67.81396267320227,77.38994981074897,67.81396267320227,3,2,2225,Tony Parker,0.279,0.26,Tony Parker,Tim Duncan,OWNER_REVIEWED,"Owner-reviewed: Duncan, not Ginobili, was the secondary option.",OWNER_REVIEWED,19.146757679180887,0.1023890784982935,1.8430034129692832,0.1529026982829108,0.153143471252015,0.0880626223091976,0.1357030357679591,0.218200620475698,0.3625,12.358860486323238,6.65942585974655,77.11864406779661,15.695960310265711,5.134586747332539,77.11864406779661,0.5551404007562643,0.052734634612543,58.47457627118644,0.1901864406779661,0.0582191868240176,68.64406779661016,0.1342711864406779,0.0890072993594925,41.52542372881356,3.683779806550587,2.6909682283998997,14.40677966101695,29.033465020565927,8.458013276363824,58.47457627118644,1.8746848634648408,0.7676077390644522,48.30508474576271,59,52235,0.5614689126066044,0.2807843996494303,0.3092681858019281,92.46610169491524,107.26440677966104,0.0069201451441555,ALL_PLAYOFF_ROTATION_PLAYERS,5,5,1.0,33.0,15.4,0.6080227416298168,2.0,10.0,0.1458333333333333,0.1408839779005525,5,1.0,35.2,COMPLETE,True,Both stars played at least half of terminal-series games at 15+ MPG,0.5478621041070951,103.74673727016028,0.3556265811167772,89.61789844142785,160.38210155857217,HIGH,4.601996402877698,6.66,4,COMPLETE,7.550721153846155,17.7790243902439,23.9290780141844,8.624489795918366,-10.228303236397746,-25.532891454663783,1248.0,205.0,282.0,539.0,COMPLETE,CONTEXTUAL_NOT_CAUSAL,LOW,COMPLETE,NORMALIZED_NAME,3.1,2.5,0.7,21.1,0.204,2.0,1.2,3.2,1.0,22.2,7.3,71.1864406779661,71.1864406779661,56.77966101694915,86.4406779661017,98.30508474576273,96.61016949152544,39.473684210526315,50.0,C,BIG,,,1.0,0.0,0.564,-0.059,83.0,74.0,COMPLETE,718.8833333333333,35,2,0.3600628015488696,,,22.0,-0.046,66.0,0.0956844539341372,1.3874245820449895,0.0478422269670686,3.970904838266694,13.539350231680412,0.5265017667844523,4.78422269670686,0.6666666666666666,PARTIAL,60.87570621468927,1.0,COMPLETE,34.927047008893574,1.0,COMPLETE,62.5,66.14877589453862,POSITION_GROUP_NEARBY_ERA_PERCENTILE,66.66666666666667,1.0,66.66666666666667,Defensive Anchor,1.752718336308627,0.1001553335033501,1.1017086685368511,47.5,29.86111111111111,40.625,47.5,70.13888888888889,59.375,28.9159604519774,24.497442693737852,37.109375,30.174259381905085,63.715110390027775,0.3354256571204393,49.19564024355809,1.0,55.98665598896219,0.9444444444444444,55.98665598896219,PARTIAL,71.1864406779661,68.51437331546364,68.51437331546364,COMPLETE,17.105263157894736,63.37346229970675,63.37346229970675,COMPLETE,68.51437331546364,68.51437331546364,OBSERVED_PRODUCTION_GEOMEAN_FIT_DESCRIPTIVE_ONLY,40.48987209201928,92.18220095516708,25.566396807719055,64.2297397914841,53.04398836173671,1.0,COMPLETE,68.47119629833826,31.25,78.06247497997995,32.23357299918791,64.2297397914841,55.654063989575405,COVERAGE_SHRUNK,44.19417382415923,BASKETBALL_REFERENCE_SRS,62.63778672530617,3.5,-0.05805826175840771,-0.1875,3.254441738241592,65.89222846354777,1.0,CORE_GEOMEAN_RATE43_RUN22_RESPONSIBILITY15_FIT20_PLUS_BOUNDED_CONTEXT
22,2020-21,203114,Khris Middleton,Khris,1610612749,MIL,29.0,23,16,7,0.696,922.1683333333332,198,452,0.438,60,175,0.343,86,97,0.887,25,149,174,118,74,35,4,19,58,102,542,119,970.8,7,0,972.0,1069.0,1,1,209,25,1,3,2,117,1,1,93,7,7,48,15,4,5,4,2,2,52,237,232,4,3,5,2,6,10,2,3.0,1,110.9,112.2,112.2,105.2,106.1,106.1,5.7,6.1,6.1,0.192,1.59,17.4,0.026,0.161,0.092,10.9,10.8,0.504,0.5478288994905798,0.26,0.268,98.79,97.75,81.46,97.75,0.127,1880,8.6,19.7,93,78,78,71,91,91,62,55,55,48,93,73,117,69,95,173,173,122,121,33,33,121,135,135,52,18,13,4,Champion,SERIES_INFERENCE,POROUND_FILTER_IGNORED,40.09427536231884,23.565217391304348,19.652173913043477,1.5945945945945943,80.00837819906435,56.196077151692435,56.47058823529411,100.0,67.97982148395701,73.91917119161991,67.97982148395701,3,2,203507,Giannis Antetokounmpo,0.314,0.242,Giannis Antetokounmpo,Khris Middleton,CLEAR,Model proposal retained.,MODEL_PROPOSAL,21.622340425531913,6.981382978723404,1.555851063829787,0.2136381553015372,0.2157517899761336,0.2247619047619047,0.1655598444045481,0.1545293072824156,0.0412371134020618,14.418778089681927,8.174087986122066,83.62068965517241,17.086093292593063,6.693219711277673,80.17241379310344,0.590715821282358,0.0592515704224616,23.275862068965516,0.191051724137931,0.074924196730082,81.89655172413794,0.1412241379310344,0.1021454411195047,71.55172413793103,5.352829671755377,2.570342951133393,76.72413793103449,29.51825051111589,7.427205294957883,93.96551724137932,1.749753857516969,0.7037389320945571,43.96551724137931,58,53494,0.5866754931421261,0.3934595881196316,0.2569595363758667,97.87086206896552,114.81379310344828,-0.0388465936515463,ALL_PLAYOFF_ROTATION_PLAYERS,6,6,1.0,42.5,24.0,0.5416792055371653,5.333333333333333,6.333333333333333,0.2149253731343283,0.2327746741154562,6,1.0,39.833333333333336,COMPLETE,True,Both stars played at least half of terminal-series games at 15+ MPG,0.5705478768585245,96.01804190508308,0.3552452913938684,90.9792488423941,159.0207511576059,HIGH,1.3326605504587157,2.14,2,COMPLETE,8.78488612836439,-4.889199999999999,-3.1372360844529736,1.033898305084747,13.674086128364388,17.84522051790211,1449.0,250.0,521.0,177.0,COMPLETE,CONTEXTUAL_NOT_CAUSAL,LOW,COMPLETE,NORMALIZED_NAME,2.6,1.5,1.1,16.5,0.115,0.6,1.6,2.2,1.1,17.7,13.0,68.10344827586206,64.65517241379311,62.93103448275862,91.3793103448276,90.51724137931036,97.41379310344828,18.181818181818183,18.181818181818183,SF,WING,,,82.0,0.354,0.558,-0.08,80.0,66.0,COMPLETE,799.5516666666666,70,25,0.3249351526324815,,,8.0,-0.084,61.0,6.83172450438369,0.1561537029573415,3.2011509106255005,3.12307405914683,10.813643929795898,0.4981949458483754,3.786727296715531,0.6666666666666666,PARTIAL,61.79956896551724,1.0,COMPLETE,59.56765935214211,1.0,COMPLETE,33.33333333333333,52.22701149425287,POSITION_GROUP_NEARBY_ERA_PERCENTILE,37.5,1.0,59.56765935214211,Pressure Valve,3.151766302365284,1.1256308222733158,0.360201863127461,57.5,8.333333333333334,87.5,57.5,91.66666666666669,12.5,35.53475215517241,54.6036877394636,4.166666666666666,31.435035520434223,58.33305560492949,0.0773195876288659,40.9455024334369,1.0,48.87203975916547,0.9444444444444444,48.87203975916547,PARTIAL,68.10344827586206,56.799088081100045,56.799088081100045,COMPLETE,78.94736842105263,59.0139161150953,59.0139161150953,COMPLETE,56.799088081100045,56.799088081100045,OBSERVED_PRODUCTION_GEOMEAN_FIT_DESCRIPTIVE_ONLY,71.94851276759675,90.94725444760648,58.27878194410166,64.59503987651786,67.47959740014288,1.0,COMPLETE,50.27668238539465,75.0,75.0,83.19541362623211,64.59503987651786,48.93470421698961,COVERAGE_SHRUNK,6.250000000000001,BASKETBALL_REFERENCE_SRS,61.44119514887544,3.5,-0.4375,0.0625,3.125,64.56619514887544,1.0,CORE_GEOMEAN_RATE43_RUN22_RESPONSIBILITY15_FIT20_PLUS_BOUNDED_CONTEXT
23,2005-06,406,Shaquille O'Neal,Shaquille,1610612748,MIA,34.0,23,16,7,0.696,759.1333333333333,178,291,0.612,0,0,0.0,68,182,0.374,75,150,225,39,85,11,34,8,84,174,424,25,802.5,10,0,778.0,862.0,1,1,162,10,9,3,8,13,103,130,103,11,3,157,1,3,3,24,2,32,1,162,193,3,3,32,4,4,3,4,5.0,1,104.0,104.8,104.8,101.5,102.3,102.3,2.4,2.5,2.5,0.103,0.46,7.9,0.111,0.216,0.164,17.2,17.2,0.612,0.5713053788940391,0.284,0.287,91.18,90.48,75.4,90.48,0.13,1426,7.7,12.7,98,84,84,53,70,70,62,65,65,83,131,129,12,17,6,158,158,24,61,13,19,106,130,130,36,15,36,4,Champion,SERIES_INFERENCE,POROUND_FILTER_IGNORED,33.005797101449275,18.434782608695652,12.652173913043478,0.4588235294117647,64.97780501503532,20.454545454545453,50.74626865671642,49.920340990607755,47.31006985608725,56.926298586101176,47.31006985608725,2,2,2548,Dwyane Wade,0.308,0.263,Dwyane Wade,Shaquille O'Neal,CLEAR,Model proposal retained.,MODEL_PROPOSAL,22.30014025245442,0.0,2.366760168302945,0.1915085817524842,0.1746698679471788,0.0970149253731343,0.1369041178238653,0.2326783867631851,0.3238095238095238,13.07956108672662,7.267484544029071,76.72413793103449,15.558360204087224,5.938044513997743,85.34482758620689,0.5547562988804241,0.0645415705193837,59.48275862068966,0.1879655172413793,0.0662539434134747,90.51724137931036,0.1227931034482758,0.0901152056939624,50.86206896551724,2.6329163822653885,2.1925520932293163,8.620689655172415,31.552796374742048,7.8889486411941325,54.310344827586206,1.789207957951289,0.7739849754004261,75.0,58,56388,0.5574795851281296,0.2189189189189189,0.3576923076923077,91.1403448275862,107.01551724137931,0.0138257937659095,ALL_PLAYOFF_ROTATION_PLAYERS,6,6,1.0,35.0,13.666666666666666,0.5316390041493776,2.8333333333333335,10.166666666666666,0.1472172351885098,0.1281464530892448,6,1.0,43.5,COMPLETE,True,Both stars played at least half of terminal-series games at 15+ MPG,0.5468698947918709,104.46824451937842,0.3490873533246414,87.27183833116037,162.72816166883962,HIGH,3.892619469026549,6.24,4,COMPLETE,,,,,,,0.0,0.0,0.0,0.0,NOT_MODELED,NOT_MODELED,NOT_MODELED,COMPLETE,NORMALIZED_NAME,1.0,1.0,-0.1,19.9,0.103,0.1,1.5,1.6,0.6,22.4,18.6,45.689655172413794,58.620689655172406,25.86206896551724,68.96551724137932,73.27586206896551,96.55172413793105,18.75,56.25,C,BIG,,,,,,,,,NOT_MODELED,959.2616666666668,37,26,0.3528635481921964,,,,,,0.0,1.612364977606042,,,13.799947308334064,0.6116838487972509,8.63089488012646,0.5,PARTIAL,51.293103448275865,0.6666666666666666,PARTIAL,25.592672413793103,0.6666666666666666,PARTIAL,75.0,56.68103448275862,POSITION_GROUP_NEARBY_ERA_PERCENTILE,77.08333333333333,1.0,77.08333333333333,Defensive Anchor,1.3885679437484038,0.9757504469583378,,63.75,40.625,75.0,63.75,59.375,25.0,32.699353448275865,15.195649245689657,18.75,22.215000897988507,65.63212328434939,0.1687763713080168,56.571624284979855,1.0,60.93370019511117,0.6666666666666666,60.93370019511117,PARTIAL,45.689655172413794,67.69075752110518,67.69075752110518,COMPLETE,,67.69075752110518,67.69075752110518,COMPLETE,67.69075752110518,67.69075752110518,OBSERVED_PRODUCTION_GEOMEAN_FIT_DESCRIPTIVE_ONLY,53.993543240783055,71.08802802789073,18.205941439024627,57.21301755267534,48.58197129469142,1.0,COMPLETE,61.441535740888476,43.75,80.28270361665702,51.45783662579539,57.21301755267534,57.28913346340745,COVERAGE_SHRUNK,59.292706128157114,BASKETBALL_REFERENCE_SRS,60.92086888431953,3.5,0.09292706128157115,-0.375,3.2179270612815714,64.1387959456011,1.0,CORE_GEOMEAN_RATE43_RUN22_RESPONSIBILITY15_FIT20_PLUS_BOUNDED_CONTEXT
24,2012-13,2548,Dwyane Wade,Dwyane,1610612748,MIA,31.0,22,15,7,0.682,782.24,144,315,0.457,1,4,0.25,60,80,0.75,38,64,102,105,58,38,23,18,45,66,349,36,753.9,2,0,679.0,844.0,5,5,176,28,2,4,4,74,102,107,89,13,12,88,10,19,14,4,3,2,7,205,191,13,5,32,4,21,4,5,3.0,1,104.7,105.4,105.4,101.2,102.5,102.5,3.6,3.0,3.0,0.246,1.81,20.5,0.054,0.088,0.071,11.3,11.3,0.459,0.4982866933181039,0.248,0.251,90.36,89.5,74.58,89.5,0.123,1455,6.5,14.3,60,65,65,87,99,99,64,65,65,28,54,48,58,126,93,117,122,122,122,28,31,141,157,157,41,16,23,4,Champion,SERIES_INFERENCE,POROUND_FILTER_IGNORED,35.556363636363635,15.863636363636363,14.318181818181818,1.8103448275862069,63.58170375036005,78.75933771358409,53.40909090909092,76.68367676353017,66.24693937966849,63.72004322908713,66.24693937966849,2,2,2544,LeBron James,0.291,0.3,LeBron James,Dwyane Wade,CLEAR,Model proposal retained.,MODEL_PROPOSAL,17.989690721649485,0.2061855670103093,3.1443298969072164,0.1562220232766338,0.1787741203178206,0.2219873150105708,0.1404380610412926,0.1164383561643835,0.184,11.920664119405052,6.295923339780513,72.03389830508475,15.194074768349116,4.913479990604506,73.72881355932203,0.5332962200794799,0.0780630158006757,22.88135593220339,0.1893050847457627,0.0570177653662935,86.4406779661017,0.1329322033898304,0.0847720501602114,88.98305084745762,3.2611947927352656,2.6966355415351204,27.966101694915253,29.59470782339899,8.376584142700228,68.64406779661016,2.011729692027309,0.8791862683305296,87.28813559322035,59,50936,0.5363499358322769,0.2486089472512797,0.3050300467393723,90.8864406779661,103.86779661016948,-0.0380632425141729,ALL_PLAYOFF_ROTATION_PLAYERS,7,7,1.0,36.57142857142857,19.571428571428573,0.5048643867924528,4.571428571428571,4.0,0.2017673048600883,0.2206654991243432,7,1.0,43.142857142857146,COMPLETE,True,Both stars played at least half of terminal-series games at 15+ MPG,0.5289863601292061,94.19651069951904,0.342607373964034,86.02227298686464,163.97772701313534,HIGH,3.126189655172414,6.67,4,COMPLETE,1.678257517347725,23.05289719626168,15.082524271844658,-18.18282828282828,-21.37463967891396,-54.6399922335869,1297.0,535.0,206.0,99.0,COMPLETE,CONTEXTUAL_NOT_CAUSAL,LOW,COMPLETE,NORMALIZED_NAME,3.1,2.6,0.5,18.7,0.108,0.7,1.0,1.8,1.0,9.9,14.2,77.11864406779661,88.13559322033898,38.13559322033898,88.13559322033898,80.50847457627118,92.3728813559322,3.571428571428571,28.57142857142857,SG,GUARD,,,,,,,,,NOT_MODELED,960.36,96,18,0.3526655288637706,,,,,,0.1840867253016977,1.0584986704847617,,,14.312742892206996,0.4598070739549839,3.6817345060339535,0.5,PARTIAL,83.47457627118644,0.6666666666666666,PARTIAL,26.634382566585955,0.6666666666666666,PARTIAL,50.0,40.942796610169495,POSITION_GROUP_NEARBY_ERA_PERCENTILE,22.916666666666668,1.0,26.634382566585955,Pressure Valve,3.5986505060602276,0.6747469698862927,,75.0,59.375,62.5,75.0,40.625,37.5,62.60593220338983,10.820217917675546,18.75,30.72538337368846,60.1966694668182,0.2448979591836734,59.44546895277671,1.0,59.819890052141545,0.6666666666666666,59.819890052141545,PARTIAL,77.11864406779661,57.90940969161742,57.90940969161742,COMPLETE,1.3157894736842104,52.2500476698241,52.2500476698241,COMPLETE,57.90940969161742,57.90940969161742,OBSERVED_PRODUCTION_GEOMEAN_FIT_DESCRIPTIVE_ONLY,47.39901299804083,84.23575349009616,50.67000580526381,67.49579828189982,60.20166721318356,1.0,COMPLETE,50.67099850069029,75.0,75.0,68.69363171555364,67.49579828189982,56.54659336809436,COVERAGE_SHRUNK,21.650635094610962,BASKETBALL_REFERENCE_SRS,60.62818288038414,3.5,-0.2834936490538904,0.0625,3.2790063509461094,63.90718923133025,1.0,CORE_GEOMEAN_RATE43_RUN22_RESPONSIBILITY15_FIT20_PLUS_BOUNDED_CONTEXT
25,2006-07,2225,Tony Parker,Tony,1610612759,SAS,25.0,20,16,4,0.8,750.6383333333333,168,350,0.48,7,21,0.333,72,106,0.679,14,53,67,115,66,22,0,28,34,85,415,84,667.9,2,0,648.0,778.0,1,1,52,5,2,2,2,59,47,44,52,7,5,106,42,27,33,5,2,8,126,190,154,5,3,8,4,27,2,4,4.0,1,106.5,107.5,107.5,101.4,102.3,102.3,5.1,5.2,5.2,0.287,1.74,20.0,0.02,0.073,0.047,11.5,11.4,0.49,0.5231444130697862,0.287,0.291,91.68,90.87,75.72,90.87,0.123,1426,8.4,17.5,38,31,31,73,85,85,37,38,38,20,45,45,105,124,121,105,105,84,92,18,19,90,123,123,42,12,11,4,Champion,SERIES_INFERENCE,POROUND_FILTER_IGNORED,37.53191666666667,20.75,17.5,1.7424242424242424,95.17114963201216,91.51817803503197,54.47154471544716,100.0,84.14179944217625,86.90737400740053,84.14179944217625,1,2,1495,Tim Duncan,0.295,0.173,Tony Parker,Tim Duncan,OWNER_REVIEWED,Owner-reviewed: Duncan was the structural primary; Parker was the second option.,OWNER_REVIEWED,21.826788218793823,1.1044880785413744,1.1570827489481066,0.2169367485624673,0.2280130293159609,0.2896725440806045,0.1563829861111111,0.0825123152709359,0.0,12.695277465053003,6.279243847175439,86.8421052631579,15.459009748896012,4.787007430207778,88.59649122807018,0.5442205142557004,0.0543851527932405,32.45614035087719,0.1913859649122807,0.0561250966117919,92.10526315789474,0.1388771929824561,0.1130736555750414,88.59649122807018,3.0264832845206797,2.4922178804338966,35.96491228070175,30.882753916443413,8.272733626639221,71.05263157894737,1.938676491368398,0.9134173741019408,21.929824561403507,57,48244,0.541525836955661,0.2343787407230069,0.3384007661000718,92.1159649122807,104.52105263157894,-0.0183814238858748,ALL_PLAYOFF_ROTATION_PLAYERS,4,4,1.0,38.0,24.5,0.5949490043710539,3.25,5.0,0.2832369942196532,0.2569444444444444,4,1.0,37.25,COMPLETE,True,Both stars played at least half of terminal-series games at 15+ MPG,0.5299716968775449,98.71176444931244,0.3485331051029141,87.45247148288973,162.5475285171103,HIGH,2.718557993730408,3.33,3,COMPLETE,,,,,,,0.0,0.0,0.0,0.0,NOT_MODELED,NOT_MODELED,NOT_MODELED,COMPLETE,NORMALIZED_NAME,1.3,1.8,-0.5,18.7,0.1,0.9,0.6,1.6,0.6,8.1,14.3,44.73684210526316,66.66666666666666,13.157894736842104,65.78947368421053,74.56140350877193,57.01754385964912,4.761904761904762,42.857142857142854,PG,GUARD,,,,,,,,,NOT_MODELED,736.435,0,62,0.3498098859315589,,,,,,1.0071428095643042,0.0,,,15.7785706831741,0.4893617021276595,5.083673229229345,0.5,PARTIAL,81.0672514619883,0.6666666666666666,PARTIAL,22.681704260651628,0.6666666666666666,PARTIAL,12.5,9.703947368421051,POSITION_GROUP_NEARBY_ERA_PERCENTILE,56.25,1.0,56.25,Pressure Valve,0.0,3.0308173837473777,,56.25,34.375,93.75,56.25,65.625,6.25,45.600328947368425,14.884868421052632,0.78125,20.422149122807017,65.01123234916561,0.048780487804878,55.75033168847379,1.0,60.202971412899714,0.6666666666666666,60.202971412899714,PARTIAL,44.73684210526316,58.66995997226891,58.66995997226891,COMPLETE,,58.66995997226891,58.66995997226891,COMPLETE,58.66995997226891,58.66995997226891,OBSERVED_PRODUCTION_GEOMEAN_FIT_DESCRIPTIVE_ONLY,79.47560481616877,70.03824308189174,74.76287520088037,25.433728059864013,57.36092934535398,1.0,COMPLETE,50.48080129713509,87.5,87.5,68.92264857264057,25.433728059864013,56.80198094193314,COVERAGE_SHRUNK,8.838834764831844,BASKETBALL_REFERENCE_SRS,58.20295395258889,3.5,-0.41161165235168157,0.375,3.4633883476483183,61.66634230023721,1.0,CORE_GEOMEAN_RATE43_RUN22_RESPONSIBILITY15_FIT20_PLUS_BOUNDED_CONTEXT
26,2021-22,203952,Andrew Wiggins,Andrew,1610612744,GSW,27.0,22,16,6,0.727,766.8033333333333,143,305,0.469,35,105,0.333,42,65,0.646,54,111,165,40,30,22,23,17,54,59,363,140,726.0,6,0,693.0,743.0,7,1,162,6,5,8,8,92,14,11,94,18,14,144,2,7,5,27,17,9,4,211,207,15,10,1,7,5,3,8,10.0,1,114.9,116.7,116.7,105.8,107.4,107.4,9.0,9.3,9.3,0.075,1.33,9.9,0.071,0.135,0.104,7.4,7.4,0.526,0.5440647482014388,0.204,0.206,99.6,98.12,81.77,98.12,0.098,1565,6.5,13.9,37,27,27,75,85,85,34,32,32,145,105,155,40,99,66,62,64,104,120,70,77,92,117,117,78,30,27,4,Champion,SERIES_INFERENCE,POROUND_FILTER_IGNORED,34.85469696969697,16.5,13.863636363636363,1.3333333333333333,53.075576029055014,0.0,17.80821917808219,94.02306225429987,30.383438318857554,42.7619213672172,30.383438318857554,5,2,201939,Stephen Curry,0.304,0.269,Stephen Curry,Jordan Poole,EDITORIAL_REVIEWED,Research correction: Wiggins combined secondary scoring with the primary Tatum assignment and finished second on the official Finals MVP ladder.,EDITORIAL_REVIEWED,17.396166134185304,5.031948881789138,2.156549520766773,0.1475010158472166,0.1609498680738786,0.0673400673400673,0.145227904040404,0.170807453416149,0.2110091743119266,13.56653879656336,7.199313249338581,67.5,16.300144789246772,5.824806076018429,64.16666666666667,0.5783376102207521,0.0696937130809069,29.166666666666668,0.1898833333333333,0.0690965729171055,60.83333333333333,0.1514833333333333,0.095581987784775,24.166666666666668,5.4377116621519095,2.61427005331089,39.166666666666664,29.383935946086684,7.520510574473456,65.83333333333333,1.888596749502386,0.8029924971853363,70.83333333333334,60,55031,0.5739352069464334,0.4211062442701436,0.2687175308138942,97.45266666666669,110.17833333333331,-0.0298704587449946,ALL_PLAYOFF_ROTATION_PLAYERS,6,6,1.0,39.333333333333336,18.333333333333332,0.5153673163418291,2.1666666666666665,8.833333333333334,0.1748807631160572,0.1931166347992352,6,1.0,37.5,COMPLETE,True,Both stars played at least half of terminal-series games at 15+ MPG,0.5673856332656823,95.88976461564312,0.3484704136402259,88.7069968422802,161.2930031577198,HIGH,4.767785977859779,7.02,4,COMPLETE,8.494169096209912,-1.9851590106007069,8.628682170542636,-8.044444444444444,10.47932810681062,-6.19379850817646,1372.0,283.0,258.0,342.0,COMPLETE,CONTEXTUAL_NOT_CAUSAL,LOW,COMPLETE,NORMALIZED_NAME,0.8,0.5,0.3,16.0,0.108,0.8,0.9,1.7,0.5,15.8,8.3,40.0,49.166666666666664,25.833333333333336,63.33333333333333,80.83333333333333,83.33333333333334,27.27272727272727,27.27272727272727,SF,WING,,,92.0,0.337,0.529,-0.105,54.0,56.0,COMPLETE,763.5816666666667,229,8,0.3751711833868063,,,83.0,-0.142,68.0,4.929556035663208,1.0798075125738458,4.319230050295383,2.535200246912507,9.389630544120395,0.54,3.051629926839129,0.6666666666666666,PARTIAL,41.5625,1.0,COMPLETE,40.23989898989899,1.0,COMPLETE,85.71428571428571,66.94444444444444,POSITION_GROUP_NEARBY_ERA_PERCENTILE,33.333333333333336,1.0,40.23989898989899,Defensive Anchor,10.796487605560635,0.377169872683341,3.9131374290896623,63.75,87.5,56.25,63.75,12.5,43.75,26.49609375,5.029987373737374,37.49999999999999,23.008693707912457,57.52173426978114,0.3645833333333333,55.40614840068068,1.0,56.45403214311634,0.9444444444444444,56.45403214311634,PARTIAL,40.0,46.19547857959233,46.19547857959233,COMPLETE,43.42105263157895,45.918035984791,45.918035984791,COMPLETE,46.19547857959233,46.19547857959233,OBSERVED_PRODUCTION_GEOMEAN_FIT_DESCRIPTIVE_ONLY,43.76786791726903,71.55029311221891,34.89768221632873,53.42513486207409,48.54915752232035,1.0,COMPLETE,42.14558530709219,25.0,25.0,44.06238997004867,53.42513486207409,56.095474801832104,COVERAGE_SHRUNK,74.73912964438374,BASKETBALL_REFERENCE_SRS,50.47236829627854,3.5,0.24739129644383737,-0.0625,3.6848912964438374,54.157259592722376,1.0,CORE_GEOMEAN_RATE43_RUN22_RESPONSIBILITY15_FIT20_PLUS_BOUNDED_CONTEXT
27,2002-03,2225,Tony Parker,Tony,1610612759,SAS,21.0,24,16,8,0.667,813.465,135,335,0.403,15,56,0.268,67,94,0.713,8,58,66,85,47,22,3,26,51,0,352,19,586.7,0,0,568.0,663.0,1,1,163,18,4,8,3,109,24,14,77,12,11,118,82,24,35,5,7,9,67,185,171,12,10,35,11,52,4,12,10.0,1,101.7,101.1,101.1,99.3,100.5,100.5,2.4,0.6,0.6,0.192,1.81,16.6,0.01,0.069,0.04,9.2,9.2,0.425,0.4676373684769901,0.235,0.239,92.6,92.32,76.93,92.32,0.082,1569,5.6,14.0,94,100,100,55,68,68,60,72,72,42,56,73,154,145,148,66,65,124,127,31,32,97,112,112,94,33,27,4,Champion,SERIES_INFERENCE,POROUND_FILTER_IGNORED,33.894375000000004,14.666666666666666,13.958333333333334,1.8085106382978724,62.32506302572509,66.79569988250257,15.340909090909092,54.96864020913751,51.55239445822495,53.00747478361026,51.55239445822495,2,2,1495,Tim Duncan,0.264,0.25,Tim Duncan,Tony Parker,CLEAR,Model proposal retained.,MODEL_PROPOSAL,16.826003824091778,2.676864244741874,1.1950286806883366,0.1547252747252747,0.1818675352877307,0.1710261569416499,0.1406162489196197,0.0603842634949679,0.0181818181818181,12.606417870853829,7.106737938537118,71.05263157894737,15.197823643247808,5.031152292971123,72.80701754385966,0.5275706527048304,0.0591548044604437,13.157894736842104,0.1911052631578947,0.0584362553318695,76.31578947368422,0.1448245614035087,0.0772233313546455,78.0701754385965,2.9219970988325232,2.085333954292134,41.22807017543859,30.627668712207253,8.728283089132772,62.28070175438597,1.9746378484609075,0.929224963963716,20.175438596491222,57,52993,0.531347416845737,0.2269804947150485,0.3457556935817805,92.79561403508772,103.31052631578947,-0.0637100483687469,ALL_PLAYOFF_ROTATION_PLAYERS,6,6,1.0,35.333333333333336,14.0,0.4510309278350515,4.166666666666667,3.1666666666666665,0.159392789373814,0.1856823266219239,6,1.0,43.833333333333336,COMPLETE,True,Both stars played at least half of terminal-series games at 15+ MPG,0.524864280656422,89.09681716045507,0.3392887427758861,88.82235528942115,161.17764471057882,HIGH,5.084347826086956,7.9,3,COMPLETE,,,,,,,0.0,0.0,0.0,0.0,NOT_MODELED,NOT_MODELED,NOT_MODELED,COMPLETE,NORMALIZED_NAME,-2.4,-1.2,-1.2,11.9,0.063,0.0,1.1,1.1,-0.1,7.5,11.1,10.526315789473683,24.561403508771928,11.403508771929824,5.263157894736842,51.75438596491229,84.21052631578947,15.909090909090908,9.090909090909092,PG,GUARD,,,,,,,,,NOT_MODELED,1021.32,7,79,0.3456122773907438,,,,,,2.478287326436909,0.1327653924876915,,,12.347181501355314,0.4301075268817204,4.159982297947669,0.5,PARTIAL,76.46198830409357,0.6666666666666666,PARTIAL,29.909290271132377,0.6666666666666666,PARTIAL,55.55555555555556,24.45175438596491,POSITION_GROUP_NEARBY_ERA_PERCENTILE,33.333333333333336,1.0,33.333333333333336,Pressure Valve,0.2467395135706732,2.784631653154741,,53.75,46.875,93.75,53.75,53.125,6.25,41.09831871345029,15.889310456539077,3.4722222222222223,20.153283797403866,55.05314852508804,0.0552486187845303,51.81822058594878,1.0,53.41119914609681,0.6666666666666666,53.41119914609681,PARTIAL,10.526315789473683,29.61846936945427,29.61846936945427,COMPLETE,,29.61846936945427,29.61846936945427,COMPLETE,29.61846936945427,29.61846936945427,OBSERVED_PRODUCTION_GEOMEAN_FIT_DESCRIPTIVE_ONLY,26.679656569421343,16.50428747563753,8.838834764831844,26.85814139129038,19.868364522305292,1.0,COMPLETE,21.60455611770664,50.0,50.0,28.784242686603807,26.85814139129038,52.27413276406455,COVERAGE_SHRUNK,80.28270361665702,BASKETBALL_REFERENCE_SRS,25.36625649327281,3.5,0.30282703616657014,-0.4375,3.36532703616657,28.73158352943938,1.0,CORE_GEOMEAN_RATE43_RUN22_RESPONSIBILITY15_FIT20_PLUS_BOUNDED_CONTEXT
