SEASON,PLAYER_ID,PLAYER_NAME,NICKNAME,TEAM_ID,TEAM_ABBREVIATION,AGE,GP,W,L,W_PCT,MIN,FGM,FGA,FG_PCT,FG3M,FG3A,FG3_PCT,FTM,FTA,FT_PCT,OREB,DREB,REB,AST,TOV,STL,BLK,BLKA,PF,PFD,PTS,PLUS_MINUS,NBA_FANTASY_PTS,DD2,TD3,WNBA_FANTASY_PTS,FP_HIGH_SCORE,GP_RANK,W_RANK,L_RANK,W_PCT_RANK,MIN_RANK,FGM_RANK,FGA_RANK,FG_PCT_RANK,FG3M_RANK,FG3A_RANK,FG3_PCT_RANK,FTM_RANK,FTA_RANK,FT_PCT_RANK,OREB_RANK,DREB_RANK,REB_RANK,AST_RANK,TOV_RANK,STL_RANK,BLK_RANK,BLKA_RANK,PF_RANK,PFD_RANK,PTS_RANK,PLUS_MINUS_RANK,NBA_FANTASY_PTS_RANK,DD2_RANK,TD3_RANK,WNBA_FANTASY_PTS_RANK,FP_HIGH_SCORE_RANK,TEAM_COUNT,E_OFF_RATING,OFF_RATING,sp_work_OFF_RATING,E_DEF_RATING,DEF_RATING,sp_work_DEF_RATING,E_NET_RATING,NET_RATING,sp_work_NET_RATING,AST_PCT,AST_TO,AST_RATIO,OREB_PCT,DREB_PCT,REB_PCT,TM_TOV_PCT,E_TOV_PCT,EFG_PCT,TS_PCT,USG_PCT,E_USG_PCT,E_PACE,PACE,PACE_PER40,sp_work_PACE,PIE,POSS,FGM_PG,FGA_PG,E_OFF_RATING_RANK,OFF_RATING_RANK,sp_work_OFF_RATING_RANK,E_DEF_RATING_RANK,DEF_RATING_RANK,sp_work_DEF_RATING_RANK,E_NET_RATING_RANK,NET_RATING_RANK,sp_work_NET_RATING_RANK,AST_PCT_RANK,AST_TO_RANK,AST_RATIO_RANK,OREB_PCT_RANK,DREB_PCT_RANK,REB_PCT_RANK,TM_TOV_PCT_RANK,E_TOV_PCT_RANK,EFG_PCT_RANK,TS_PCT_RANK,USG_PCT_RANK,E_USG_PCT_RANK,E_PACE_RANK,PACE_RANK,sp_work_PACE_RANK,PIE_RANK,FGM_PG_RANK,FGA_PG_RANK,SERIES_WINS,POSTSEASON_FINISH,QUALIFIER_METHOD,QUALIFIER_VALIDATION,MPG,PPG,FGA_PER_GAME,AST_TO_RATIO,SCORING_LOAD,CREATION_ENGINE,IMPACT_SIGNAL,MINUTES_LOAD,PRIMARY_SCORE,SECONDARY_SCORE,ROLE_SCORE,ROLE_RANK,OPTION_RANK,PRIMARY_PLAYER_ID,PRIMARY_PLAYER_NAME,PRIMARY_USG_PCT,PRIMARY_AST_PCT,MODEL_PRIMARY_PLAYER_NAME,MODEL_SECONDARY_PLAYER_NAME,ROLE_DECISION_STATUS,ROLE_DECISION_REASON,ROLE_PAIRING_SOURCE,PTS_PER_75,FG3A_PER_75,STOCKS_PER_75,TEAM_PTS_SHARE,TEAM_FGA_SHARE,TEAM_AST_SHARE,TEAM_MIN_SHARE,TEAM_REB_SHARE,TEAM_BLK_SHARE,ERA_PPG_MEAN,ERA_PPG_STD,ERA_PPG_PERCENTILE,ERA_PTS75_MEAN,ERA_PTS75_STD,ERA_PTS75_PERCENTILE,ERA_TS_MEAN,ERA_TS_STD,ERA_TS_PERCENTILE,ERA_USG_MEAN,ERA_USG_STD,ERA_USG_PERCENTILE,ERA_AST_MEAN,ERA_AST_STD,ERA_AST_PERCENTILE,ERA_FG3A75_MEAN,ERA_FG3A75_STD,ERA_FG3A75_PERCENTILE,ERA_MPG_MEAN,ERA_MPG_STD,ERA_MPG_PERCENTILE,ERA_STOCKS75_MEAN,ERA_STOCKS75_STD,ERA_STOCKS75_PERCENTILE,ERA_ENVIRONMENT_SAMPLE_PLAYERS,ERA_ENVIRONMENT_SAMPLE_POSSESSIONS,ERA_PLAYOFF_TS_PCT,ERA_PLAYOFF_3PA_RATE,ERA_PLAYOFF_FTA_RATE,ERA_PLAYOFF_PACE,ERA_PLAYOFF_OFF_RATING,RELATIVE_TS_PCT,ERA_BASELINE_METHOD,DEEPEST_ROUND_TEAM_GAMES,DEEPEST_ROUND_GAMES_PLAYED,DEEPEST_ROUND_AVAILABILITY,DEEPEST_ROUND_MPG,DEEPEST_ROUND_PPG,DEEPEST_ROUND_TS_PCT,DEEPEST_ROUND_AST_PG,DEEPEST_ROUND_REB_PG,DEEPEST_ROUND_TEAM_PTS_SHARE,DEEPEST_ROUND_TEAM_FGA_SHARE,PRIMARY_DEEPEST_ROUND_GAMES_PLAYED,PRIMARY_DEEPEST_ROUND_AVAILABILITY,PRIMARY_DEEPEST_ROUND_MPG,DEEPEST_ROUND_STATUS,RANKING_ELIGIBLE,RANKING_ELIGIBILITY_REASON,PLAYOFF_LEAGUE_TS_PCT,TS_PLUS,EB_FG3_PCT,EB_PRIOR_ALPHA,EB_PRIOR_BETA,RUN_CONFIDENCE,OPPONENT_SRS_WEIGHTED,OPPONENT_SRS_MAX,OPPONENT_SERIES_COUNT,OPPONENT_SRS_STATUS,PAIR_NET_RATING,PRIMARY_WITHOUT_SECOND_NET_RATING,SECOND_WITHOUT_PRIMARY_NET_RATING,NEITHER_NET_RATING,PAIR_SYNERGY_DELTA,CONTEXTUAL_INTERACTION,PAIR_SAMPLE,PRIMARY_WITHOUT_SECOND_SAMPLE,SECOND_WITHOUT_PRIMARY_SAMPLE,NEITHER_SAMPLE,SYNERGY_STATUS,SYNERGY_INTERPRETATION,SYNERGY_CONFIDENCE,BPM_STATUS,BPM_MATCH_METHOD,BPM,OBPM,DBPM,PER,WS_PER_48,OWS,DWS,WS,VORP,DRB_PCT,TOV_PCT,BBR_BPM_PERCENTILE,BBR_OBPM_PERCENTILE,BBR_DBPM_PERCENTILE,BBR_VORP_PERCENTILE,BBR_WS_PERCENTILE,BBR_DWS_PERCENTILE,POSITION_3PAR_PERCENTILE,POSITION_TS_PERCENTILE,POSITION,POSITION_GROUP,ISO_POSS_PCT,ISO_PPP,CATCH_SHOOT_FG3A,CATCH_SHOOT_FG3_PCT,RIM_DFG_PCT,RIM_DFG_DIFF,LATE_CLOCK_FGA,LATE_CLOCK_PTS,TRACKING_STATUS,PRIMARY_MIN,PRIMARY_FG3A,PRIMARY_BLK,PRIMARY_EB_FG3_PCT,PRIMARY_ISO_POSS_PCT,PRIMARY_ISO_PPP,PRIMARY_CATCH_SHOOT_FG3A,PRIMARY_RIM_DFG_DIFF,PRIMARY_LATE_CLOCK_FGA,FG3A_PER_36,BLK_PER_36,CATCH_SHOOT_FG3A_PER_36,LATE_CLOCK_FGA_PER_36,FG2A_PER_36,FG2_PCT,FTA_PER_36,CREATION_SCORE_COVERAGE,CREATION_SCORE_STATUS,CREATION_SCORE,OFF_BALL_SCORE_COVERAGE,OFF_BALL_SCORE_STATUS,OFF_BALL_SCORE,DEFENSIVE_SCORE_COVERAGE,DEFENSIVE_SCORE_STATUS,DEFENSIVE_SCORE,DEFENSIVE_SCORE_RAW,DEFENSIVE_SCORE_METHOD,INTERIOR_GRAVITY_SCORE,INTERIOR_GRAVITY_COVERAGE,SCALABLE_OFFENSE_SCORE,DOMINANT_ARCHETYPE,PRIMARY_FG3A_PER_36,PRIMARY_BLK_PER_36,PRIMARY_CATCH_SHOOT_FG3A_PER_36,PRIMARY_CREATION_CAPABILITY,PRIMARY_OFF_BALL_CAPABILITY,PRIMARY_DEFENSIVE_CAPABILITY,PRIMARY_PRESSURE_VALVE_NEED,PRIMARY_SPACING_NEED,PRIMARY_DEFENSIVE_COVER_NEED,PRESSURE_VALVE_FIT,GRAVITY_FIT,DEFENSIVE_COVER_FIT,LEGACY_GAP_FILL_FIT,NEED_NORMALIZED_FIT,DEFENSIVE_NEED_SHARE,STRENGTH_AMPLIFICATION_SCORE,STRENGTH_AMPLIFICATION_COVERAGE,ROLE_COMPATIBILITY_SCORE,COMPLEMENT_FIT_COVERAGE,COMPLEMENT_FIT_SCORE,COMPLEMENT_FIT_STATUS,ERA_BPM_PERCENTILE,IN_ERA_PRODUCTION_SCORE,PRODUCTION_SCORE,PRODUCTION_SCORE_STATUS,CONTEXTUAL_INTERACTION_SCORE,OVERALL_EVIDENCE_SCORE,NET_IMPACT_SCORE,NET_IMPACT_SCORE_STATUS,PROVISIONAL_EVIDENCE_SCORE,BEST_SECOND_OPTION_SCORE,RANKING_METHOD,ROLE_BURDEN_SCORE,CUMULATIVE_IMPACT_SCORE,TERMINAL_RESPONSIBILITY_SCORE,HISTORICAL_DEFENSE_EVIDENCE_SCORE,BALANCED_SCORECARD_SCORE,BALANCED_SCORECARD_COVERAGE,ERA_ADJUSTMENT_STATUS,OBSERVED_PERFORMANCE_SCORE,FULL_RUN_OFFENSIVE_RESPONSIBILITY_SCORE,ROLE_ROUTE_RESPONSIBILITY_SCORE,ROLE_RESPONSIBILITY_SCORE,DEFENSIVE_EVIDENCE_SCORE,FIT_EVIDENCE_SCORE,FIT_EVIDENCE_STATUS,SCHEDULE_DIFFICULTY_SCORE,SCHEDULE_DIFFICULTY_STATUS,SIMPLE_BALANCED_CORE_SCORE,FINISH_CONTEXT_ADJUSTMENT,SRS_CONTEXT_ADJUSTMENT,TERMINAL_CONTEXT_ADJUSTMENT,TOTAL_CONTEXT_ADJUSTMENT,SIMPLE_BALANCED_SCORE,SIMPLE_SCORE_COVERAGE,SIMPLE_RANKING_METHOD,ROBUSTNESS_FIRST_PROBABILITY,ROBUSTNESS_TOP_5_PROBABILITY,ROBUSTNESS_TOP_10_PROBABILITY,ROBUSTNESS_SCORE_P10,ROBUSTNESS_SCORE_P90,ROBUSTNESS_SIMULATIONS,ROBUSTNESS_SEED
2019-20,203076,Anthony Davis,Anthony,1610612747,LAL,27.0,21,16,5,0.762,768.8516666666667,205,359,0.571,23,60,0.383,149,179,0.832,55,149,204,73,53,26,30,16,56,136,582,184,1051.3,12,0,994.0,1100.0,1,1,154,25,2,2,3,24,27,29,74,2,2,67,1,3,2,14,4,4,1,210,212,2,1,1,2,2,7,2,2.0,1,114.6,117.4,117.4,104.2,105.8,105.8,10.4,11.6,11.6,0.156,1.38,13.0,0.074,0.198,0.136,9.4,9.4,0.603,0.6647478070175439,0.271,0.275,99.54,97.64,81.37,97.64,0.194,1565,9.8,17.1,42,32,32,73,85,85,35,30,30,68,103,124,29,46,34,112,112,42,27,17,19,130,166,166,19,8,17,4,Champion,SERIES_INFERENCE,POROUND_FILTER_IGNORED,36.611984126984126,27.714285714285715,17.095238095238095,1.3773584905660377,93.68647807396302,30.20651455867031,78.07486631016044,100.0,71.05526217472641,84.53183546597509,71.05526217472641,2,2,2544,LeBron James,0.296,0.421,LeBron James,Anthony Davis,CLEAR,Model proposal retained.,MODEL_PROPOSAL,27.89137380191693,2.8753993610223643,2.68370607028754,0.2456732798649219,0.2035147392290249,0.1356877323420074,0.1525499338624338,0.2203023758099352,0.2678571428571428,13.1346416547518,7.093717288877355,96.15384615384616,16.069953706153395,5.491153753332492,94.6153846153846,0.5752759328783092,0.058512585734258,93.07692307692308,0.1895384615384615,0.0595583945960928,86.92307692307692,0.1490923076923077,0.0962779187204215,56.15384615384615,5.414195873171859,2.1325361715991464,10.0,28.31364526058439,7.725805747380409,80.76923076923077,1.7479372016245955,0.6199576695618773,96.15384615384616,65,56337,0.5807301849357721,0.4261977573904179,0.2868501529051988,99.01076923076924,110.02307692307691,0.0840176220817717,ALL_PLAYOFF_ROTATION_PLAYERS,6,6,1.0,38.333333333333336,25.0,0.6691648822269808,3.1666666666666665,10.666666666666666,0.2272727272727272,0.192156862745098,6,1.0,39.333333333333336,COMPLETE,True,Both stars played at least half of terminal-series games at 15+ MPG,0.5736963368225545,115.87102171495158,0.3645535948447042,90.0116144018583,159.98838559814172,HIGH,2.0329672447013487,3.13,4,COMPLETE,14.12623089983022,1.708980582524272,1.7609589041095894,-41.45643564356436,12.41725031730595,-30.800144230368,1178.0,412.0,438.0,101.0,COMPLETE,CONTEXTUAL_NOT_CAUSAL,LOW,COMPLETE,NORMALIZED_NAME,8.7,6.5,2.1,29.6,0.284,3.3,1.2,4.5,2.1,22.7,10.8,93.84615384615384,95.3846153846154,83.07692307692308,98.46153846153848,100.0,97.6923076923077,20.0,84.0,PF,BIG,,,50.0,0.38,0.528,-0.093,86.0,86.0,COMPLETE,761.7116666666667,119,18,0.3631751067801038,,,37.0,0.023,105.0,2.80938455835651,1.404692279178255,2.3411537986304247,4.026784533644331,14.000099715809942,0.6086956521739131,8.381330599096922,0.6666666666666666,PARTIAL,52.95673076923077,1.0,COMPLETE,38.333333333333336,1.0,COMPLETE,93.75,90.1923076923077,POSITION_GROUP_NEARBY_ERA_PERCENTILE,93.75,1.0,93.75,Defensive Anchor,5.624175376947095,0.8507156032356951,1.7486931844289288,73.75,52.083333333333336,46.875,73.75,47.916666666666664,53.125,39.05558894230769,18.368055555555557,49.8046875,35.74277733262108,76.53806041991382,0.3039332538736591,66.18579760307392,1.0,71.17395995646342,0.9444444444444444,71.17395995646342,PARTIAL,93.84615384615384,92.06378726492842,92.06378726492842,COMPLETE,9.210526315789473,83.77846117001452,83.77846117001452,COMPLETE,92.06378726492842,92.06378726492842,OBSERVED_PRODUCTION_GEOMEAN_FIT_DESCRIPTIVE_ONLY,74.42470138227553,99.2277876713668,64.79261577242983,92.0666789594516,83.48596037485358,1.0,COMPLETE,93.84405207566999,68.75,90.57110466368403,70.09724311547107,92.0666789594516,69.99762884777101,COVERAGE_SHRUNK,12.500000000000002,BASKETBALL_REFERENCE_SRS,85.75630053242685,3.5,-0.375,0.1875,3.3125,89.06880053242685,1.0,CORE_GEOMEAN_RATE43_RUN22_RESPONSIBILITY15_FIT20_PLUS_BOUNDED_CONTEXT,0.70715,1.0,1.0,88.07782496100967,91.29245323191309,20000,20260910
2000-01,977,Kobe Bryant,Kobe,1610612747,LAL,22.0,16,15,1,0.938,693.5716666666667,168,358,0.469,11,34,0.324,124,151,0.821,29,87,116,97,51,25,12,29,53,0,471,213,815.7,5,0,769.0,892.0,17,1,10,10,7,3,2,55,21,21,65,2,3,56,16,11,10,6,4,6,14,188,181,17,3,1,4,6,2,4,4.0,1,110.4,111.5,111.5,95.2,95.6,95.6,15.2,16.0,16.0,0.25,1.9,17.0,0.042,0.119,0.082,8.9,8.9,0.485,0.5548487418716427,0.298,0.303,93.93,93.29,77.74,93.29,0.176,1347,10.5,22.4,16,9,9,27,38,38,12,9,9,28,53,66,79,73,75,76,77,64,47,11,10,61,86,86,10,4,7,4,Champion,SERIES_INFERENCE,POROUND_FILTER_IGNORED,43.34822916666667,29.4375,22.375,1.9019607843137256,94.73491975650248,83.10900631439017,86.04651162790697,100.0,89.3382977038948,92.09790079874702,89.3382977038948,1,2,406,Shaquille O'Neal,0.321,0.147,Kobe Bryant,Shaquille O'Neal,OWNER_REVIEWED,Owner-reviewed: Shaq was the primary star; Kobe was the second option.,OWNER_REVIEWED,26.224944320712694,1.893095768374165,2.060133630289532,0.2847642079806529,0.2734912146676853,0.2657534246575342,0.1794493316084519,0.1504539559014267,0.1304347826086956,12.726753163449937,7.659436713851978,95.53571428571428,14.959659581931009,5.4330405421211445,95.53571428571428,0.517702098085489,0.061755442690447,66.96428571428571,0.1892678571428571,0.0621701269189829,91.96428571428572,0.1445357142857143,0.08557786018043,83.03571428571429,2.4830384352452106,2.2399887242146264,43.75,31.296566822712222,9.298009630007009,91.96428571428572,2.0824518215982017,0.9965307191303636,61.60714285714286,56,45548,0.518947776882305,0.1828062034436439,0.3306875076321895,92.06428571428572,102.5375,0.0359009649893377,ALL_PLAYOFF_ROTATION_PLAYERS,5,5,1.0,46.8,24.6,0.5011408083441982,5.8,7.8,0.2445328031809145,0.2724935732647814,5,1.0,45.0,COMPLETE,True,Both stars played at least half of terminal-series games at 15+ MPG,0.5110097950271401,108.57888582002116,0.3527901374995818,89.19239904988123,160.80760095011877,HIGH,5.439201995012469,7.92,4,COMPLETE,,,,,,,0.0,0.0,0.0,0.0,NOT_MODELED,NOT_MODELED,NOT_MODELED,COMPLETE,NORMALIZED_NAME,6.5,6.0,0.6,25.0,0.26,2.6,1.2,3.8,1.5,13.3,10.7,91.07142857142856,94.64285714285714,57.14285714285714,96.42857142857144,99.10714285714286,96.42857142857144,13.636363636363637,68.18181818181817,SG,GUARD,,,,,,,,,NOT_MODELED,675.955,0,38,0.3567695961995249,,,,,,1.7647779729564117,0.6228628139846158,,,16.817295977584628,0.4845679012345679,7.837690409306417,0.5,PARTIAL,83.33333333333333,0.6666666666666666,PARTIAL,33.09659090909091,0.6666666666666666,PARTIAL,75.0,50.44642857142857,POSITION_GROUP_NEARBY_ERA_PERCENTILE,89.58333333333333,1.0,89.58333333333333,Pressure Valve,0.0,2.0238033596911036,,58.75,37.5,75.0,58.75,62.5,25.0,48.95833333333333,20.685369318181817,18.75,29.46456755050505,84.57977207977207,0.1709401709401709,63.96517368122963,1.0,73.5537885564125,0.6666666666666666,73.5537885564125,PARTIAL,91.07142857142856,85.55641663886968,85.55641663886968,COMPLETE,,85.55641663886968,85.55641663886968,COMPLETE,85.55641663886968,85.55641663886968,OBSERVED_PRODUCTION_GEOMEAN_FIT_DESCRIPTIVE_ONLY,92.10361954416686,97.7586835226499,78.24945230722803,69.75889362349753,84.09169450202036,1.0,COMPLETE,83.52126207910003,93.75,93.75,93.1509421077454,69.75889362349753,65.702525704275,COVERAGE_SHRUNK,81.24999999999997,BASKETBALL_REFERENCE_SRS,83.77248670542718,3.5,0.3124999999999997,0.375,4.1875,87.95998670542718,1.0,CORE_GEOMEAN_RATE43_RUN22_RESPONSIBILITY15_FIT20_PLUS_BOUNDED_CONTEXT,0.21385,1.0,1.0,87.3026965609906,90.09597911673437,20000,20260910
2016-17,201939,Stephen Curry,Stephen,1610612744,GSW,29.0,17,16,1,0.941,600.7483333333333,151,312,0.484,72,172,0.419,103,114,0.904,22,84,106,114,58,34,4,9,37,89,477,245,831.2,5,1,845.0,925.0,13,1,6,6,5,3,3,75,1,1,42,2,3,44,11,8,11,3,3,2,52,191,196,3,2,1,2,6,3,2,2.0,1,123.1,125.0,125.0,104.0,106.5,106.5,19.1,18.4,18.4,0.27,1.97,21.5,0.039,0.12,0.083,10.9,10.9,0.599,0.6585487077534791,0.289,0.293,104.82,102.79,85.66,102.79,0.173,1290,8.9,18.4,9,7,7,58,77,77,12,14,14,20,64,50,71,90,73,135,133,36,26,20,20,15,35,35,13,10,12,4,Champion,SERIES_INFERENCE,POROUND_FILTER_IGNORED,35.33813725490196,28.058823529411764,18.352941176470587,1.9655172413793105,99.08431332508498,82.33277939343581,94.91525423728812,98.98109561468084,93.01142748812082,96.57018722884048,93.01142748812082,1,2,201142,Kevin Durant,0.279,0.179,Stephen Curry,Kevin Durant,OWNER_REVIEWED,Owner-reviewed: Durant was the primary option; Curry was the second.,OWNER_REVIEWED,27.732558139534884,10.0,2.2093023255813953,0.2352071005917159,0.2109533468559837,0.2375,0.1472422385620915,0.1362467866323907,0.0384615384615384,12.748473563214455,7.342691314073462,94.44444444444444,16.32479602932717,5.8673388841845755,92.85714285714286,0.5597641253433279,0.060036305300154,91.26984126984128,0.1936666666666666,0.0602452659010819,88.09523809523809,0.1442222222222222,0.0919279297497643,92.85714285714286,4.510650346220229,2.52559079030645,97.61904761904762,27.72045149405485,7.553770812999532,80.15873015873017,1.9490474474054356,0.8345247097723952,65.87301587301587,63,47139,0.5708459252649567,0.3636794689426268,0.2875770507349455,96.41095238095238,110.37619047619047,0.0877027824885223,ALL_PLAYOFF_ROTATION_PLAYERS,5,5,1.0,37.6,26.8,0.6194526627218935,9.4,8.0,0.2203947368421052,0.2,5,1.0,39.8,COMPLETE,True,Both stars played at least half of terminal-series games at 15+ MPG,0.5631705611874479,116.93592547964973,0.3845409173714157,90.27626713073744,159.72373286926256,HIGH,3.5802137767220903,7.13,4,COMPLETE,16.760562015503872,-10.15820895522388,23.42390572390572,-3.7175,26.918770970727753,-0.2226347531779708,1032.0,134.0,297.0,320.0,COMPLETE,CONTEXTUAL_NOT_CAUSAL,LOW,COMPLETE,NORMALIZED_NAME,9.7,8.3,1.4,27.1,0.272,2.3,1.1,3.4,1.8,14.1,13.8,95.23809523809524,98.4126984126984,77.77777777777779,98.4126984126984,98.4126984126984,97.61904761904762,83.33333333333334,96.66666666666669,PG,GUARD,,,65.0,0.492,0.476,-0.095,34.0,37.0,COMPLETE,533.1033333333334,86,20,0.3817746045557662,,,52.0,-0.122,27.0,10.307144700082397,0.2397010395367999,3.8951418924729992,2.037458836062799,8.389536383787998,0.5642857142857143,6.8314796267987985,0.6666666666666666,PARTIAL,56.17559523809524,1.0,COMPLETE,78.07539682539682,1.0,COMPLETE,84.61538461538461,65.50925925925925,POSITION_GROUP_NEARBY_ERA_PERCENTILE,62.5,1.0,78.07539682539682,Defensive Anchor,5.807504486309721,1.3505824386766794,3.511514340559366,18.75,79.16666666666667,81.25,18.75,20.83333333333333,18.75,10.532924107142858,16.265707671957667,15.865384615384617,14.221338798161712,73.13831381911737,0.3214285714285714,55.53680254131206,1.0,63.732786639035616,0.9444444444444444,63.732786639035616,PARTIAL,95.23809523809524,91.8282772141949,91.8282772141949,COMPLETE,59.210526315789465,88.56650212435436,88.56650212435436,COMPLETE,91.8282772141949,91.8282772141949,OBSERVED_PRODUCTION_GEOMEAN_FIT_DESCRIPTIVE_ONLY,78.58377635799825,98.4126984126984,68.82918716666853,79.37782863966656,82.7497071435099,1.0,COMPLETE,93.10745109747745,81.25,81.25,76.48071514415838,79.37782863966656,62.96985404797808,COVERAGE_SHRUNK,36.97549864437259,BASKETBALL_REFERENCE_SRS,84.62406579709881,3.5,-0.13024501355627408,0.1875,3.5572549864437257,88.18132078354253,1.0,CORE_GEOMEAN_RATE43_RUN22_RESPONSIBILITY15_FIT20_PLUS_BOUNDED_CONTEXT,0.079,1.0,1.0,87.46923913654284,90.92478743616856,20000,20260910
2025-26,1628384,OG Anunoby,OG,1610612752,NYK,28.0,17,14,3,0.824,585.8583333333333,111,198,0.561,44,90,0.489,76,89,0.854,15,92,107,28,10,26,19,17,45,61,342,163,637.4,2,0,611.0,640.0,26,10,49,18,13,10,14,35,5,11,23,7,9,51,33,9,15,49,74,8,7,221,215,10,8,6,11,20,5,12,14.0,1,116.2,117.3,117.3,103.5,103.8,103.8,12.7,13.4,13.4,0.072,2.8,10.1,0.027,0.151,0.092,3.6,3.6,0.672,0.721032214538708,0.183,0.188,98.76,98.15,81.79,98.15,0.157,1199,6.5,11.6,26,25,25,70,79,79,30,31,31,157,28,157,138,65,84,34,34,26,19,93,96,100,114,114,26,27,47,4,Champion,SERIES_INFERENCE,POROUND_FILTER_IGNORED,34.46225490196078,20.11764705882353,11.647058823529411,2.8,47.16610402637321,22.251301726500408,87.14285714285715,88.07163405810881,51.73112811711914,54.7152509212695,51.73112811711914,3,2,1628973,Jalen Brunson,0.317,0.271,Jalen Brunson,Karl-Anthony Towns,OWNER_REVIEWED,Owner-reviewed: Anunoby was New York's second option; Towns is treated as the third star.,OWNER_REVIEWED,21.39282735613011,5.629691409507923,2.8148457047539615,0.1553839164016356,0.122146822948797,0.0585774058577405,0.1277771719374772,0.1248541423570595,0.2317073170731707,13.54053126420646,6.268213691074433,84.82142857142857,16.594711914116758,4.810919579579436,84.82142857142857,0.5764925764472391,0.061555679393522,99.10714285714286,0.1897678571428571,0.05687046404877,50.89285714285714,0.1488571428571428,0.0798490604138808,13.392857142857142,5.178813007497501,2.4160713539958754,58.03571428571429,29.076331465165374,6.987513759725253,74.10714285714286,1.9141167976357585,0.9426676267564292,84.82142857142857,56,49952,0.5763567690411792,0.3954170899650073,0.2920194152838921,97.55232142857145,111.68035714285716,0.1446754454975288,ALL_PLAYOFF_ROTATION_PLAYERS,5,5,1.0,36.0,21.2,0.7142857142857143,1.0,4.8,0.2030651340996168,0.1399082568807339,5,1.0,39.0,COMPLETE,True,Both stars played at least half of terminal-series games at 15+ MPG,0.5618101383030321,128.3409047612797,0.3849966274375572,86.89885332876946,163.10114667123054,HIGH,4.022733188720173,8.28,4,COMPLETE,13.796327683615822,21.66277372262774,14.340963855421686,11.491872791519434,-7.866446039011919,-10.71553710291417,1062.0,411.0,166.0,283.0,COMPLETE,CONTEXTUAL_NOT_CAUSAL,LOW,COMPLETE,NORMALIZED_NAME,9.4,5.4,4.0,23.8,0.308,2.5,1.2,3.8,1.7,17.3,4.0,99.10714285714286,100.0,94.64285714285714,97.32142857142856,100.0,92.85714285714286,78.94736842105263,100.0,PF,BIG,,,60.0,0.483,0.528,-0.127,62.0,72.0,COMPLETE,701.515,124,0,0.3526707308255868,,,45.0,0.11,114.0,5.530347211356556,1.1675177446197176,3.686898140904371,3.809794745601183,6.636416653627868,0.6203703703703703,5.468898909008151,0.6666666666666666,PARTIAL,49.404761904761905,1.0,COMPLETE,75.60829156223893,1.0,COMPLETE,80.0,87.1031746031746,POSITION_GROUP_NEARBY_ERA_PERCENTILE,52.77777777777777,1.0,75.60829156223893,Defensive Anchor,6.363370704831686,0.0,2.309287755785692,70.0,61.111111111111114,12.499999999999996,70.0,38.888888888888886,87.5,34.583333333333336,29.40322449642625,70.0,44.6621859432532,68.22512138431888,0.4455445544554455,63.39095252357859,1.0,65.76363303976404,0.9444444444444444,65.76363303976404,PARTIAL,99.10714285714286,80.69434150890426,80.69434150890426,COMPLETE,36.84210526315789,76.30911788432962,76.30911788432962,COMPLETE,80.69434150890426,80.69434150890426,OBSERVED_PRODUCTION_GEOMEAN_FIT_DESCRIPTIVE_ONLY,45.727820310437515,98.65162369237952,78.85855363824757,90.6712453295419,76.39927575775926,1.0,COMPLETE,94.09614506952715,25.0,73.12470322826769,65.35227907699017,90.6712453295419,64.88787564866604,COVERAGE_SHRUNK,33.85016001931649,BASKETBALL_REFERENCE_SRS,83.57197039461816,3.5,-0.16149839980683509,0.3333333333333334,3.6718349335264984,87.24380532814466,1.0,CORE_GEOMEAN_RATE43_RUN22_RESPONSIBILITY15_FIT20_PLUS_BOUNDED_CONTEXT,0.0,0.99985,1.0,86.10571776560366,89.96679360880087,20000,20260910
2022-23,1627750,Jamal Murray,Jamal,1610612743,DEN,26.0,20,16,4,0.8,798.53,194,410,0.473,59,149,0.396,75,81,0.926,15,98,113,142,50,30,5,22,41,82,522,181,925.6,5,1,906.0,1024.0,9,1,71,12,4,3,3,81,1,3,47,8,9,29,36,9,13,2,5,2,45,213,199,6,4,2,4,7,2,4,4.0,1,118.5,119.4,119.4,107.9,108.9,108.9,10.6,10.5,10.5,0.269,2.84,22.4,0.02,0.122,0.072,7.9,7.8,0.545,0.5856745354995063,0.269,0.277,96.84,96.06,80.05,96.06,0.148,1604,9.7,20.5,23,20,20,74,86,86,17,18,18,26,39,42,132,97,117,100,101,82,68,31,32,131,155,155,22,10,13,4,Champion,SERIES_INFERENCE,POROUND_FILTER_IGNORED,39.9265,26.1,20.5,2.84,88.06675086814683,64.28739002932551,64.77272727272727,100.0,75.7060991742382,81.62667252177346,75.7060991742382,2,2,203999,Nikola Jokić,0.301,0.395,Nikola Jokić,Jamal Murray,OWNER_REVIEWED,Owner-reviewed: Jokic was the primary star; Murray was the second option.,OWNER_REVIEWED,24.407730673316703,6.966957605985037,1.6365336658354117,0.2300572939620978,0.2385107620709715,0.2757281553398058,0.1654984455958549,0.1262569832402234,0.0595238095238095,13.858254426678874,8.036653921323381,87.28813559322035,16.302033034410933,5.861409887430356,87.28813559322035,0.5702049542589005,0.065490393492109,65.2542372881356,0.187457627118644,0.0636418266774611,82.20338983050848,0.1443898305084745,0.0843939545085925,90.67796610169492,5.200042549084217,2.7076771790462204,73.72881355932203,29.464532982656596,8.014407446345722,92.3728813559322,1.859547094289429,0.8243639042638506,48.30508474576271,59,54433,0.5752466702686629,0.3850887812752219,0.2565577078288942,97.34322033898304,112.14406779661016,0.0104278652308433,ALL_PLAYOFF_ROTATION_PLAYERS,5,5,1.0,42.4,21.4,0.5506381226842322,10.0,6.2,0.2045889101338432,0.2292191435768261,5,1.0,41.0,COMPLETE,True,Both stars played at least half of terminal-series games at 15+ MPG,0.5664783636095112,103.38868580393437,0.3678911738641865,87.78857837181044,162.21142162818956,HIGH,0.0020496894409937,0.43,3,COMPLETE,13.12906548933039,-13.145323741007196,-1.903225806451613,8.177631578947368,26.274389230337587,36.35524661573657,1359.0,278.0,279.0,76.0,COMPLETE,CONTEXTUAL_NOT_CAUSAL,LOW,COMPLETE,NORMALIZED_NAME,4.8,4.1,0.7,21.6,0.181,2.0,1.0,3.0,1.4,13.8,10.1,86.4406779661017,89.83050847457628,39.83050847457627,91.52542372881356,96.61016949152544,91.52542372881356,16.666666666666664,66.66666666666666,PG,GUARD,,,62.0,0.435,0.615,-0.027,126.0,110.0,COMPLETE,788.8483333333334,76,20,0.3766520808951241,,,47.0,-0.099,131.0,6.717343117979287,0.2254141985899089,2.7951360625148713,5.680437804465706,11.766621166393248,0.5172413793103449,3.6517100171565255,0.6666666666666666,PARTIAL,86.97033898305085,1.0,COMPLETE,65.06591337099812,1.0,COMPLETE,75.0,27.860169491525426,POSITION_GROUP_NEARBY_ERA_PERCENTILE,35.416666666666664,1.0,65.06591337099812,Pressure Valve,3.4683473164465495,0.91272297801225,2.144898998328787,82.5,54.166666666666664,68.75,82.5,45.833333333333336,31.25,71.75052966101696,29.82187696170747,23.4375,41.66996887424147,78.33518952860015,0.1958224543080939,72.03618617615312,1.0,75.11969313719592,0.9444444444444444,75.11969313719592,PARTIAL,86.4406779661017,79.76143460310783,79.76143460310783,COMPLETE,93.42105263157896,81.12739640595494,81.12739640595494,COMPLETE,79.76143460310783,79.76143460310783,OBSERVED_PRODUCTION_GEOMEAN_FIT_DESCRIPTIVE_ONLY,89.75660093140502,94.03343394359456,63.71415918176708,56.05101512479363,75.19556342980282,1.0,COMPLETE,78.9636775833975,93.75,93.75,89.73132758900778,56.05101512479363,73.72415462957393,COVERAGE_SHRUNK,6.250000000000001,BASKETBALL_REFERENCE_SRS,82.50484391614278,3.5,-0.4375,0.25,3.3125,85.81734391614278,1.0,CORE_GEOMEAN_RATE43_RUN22_RESPONSIBILITY15_FIT20_PLUS_BOUNDED_CONTEXT,0.0,0.4709,1.0,85.1308387015588,86.88588597441512,20000,20260910
2004-05,1938,Manu Ginobili,Manu,1610612759,SAS,27.0,23,16,7,0.696,776.2166666666667,145,286,0.507,42,96,0.438,147,185,0.795,19,114,133,97,66,28,6,19,69,1,479,166,820.1,1,0,819.0,908.0,8,1,160,15,9,5,7,32,2,2,25,1,2,67,29,5,10,5,4,2,42,177,182,3,3,1,4,21,3,3,3.0,1,111.0,111.4,111.4,101.5,100.6,100.6,9.5,10.8,10.8,0.222,1.47,18.5,0.027,0.153,0.091,12.6,12.4,0.58,0.6518780620577028,0.25,0.258,90.75,91.0,75.83,91.0,0.179,1475,6.3,12.4,34,35,35,52,55,55,18,17,17,30,71,54,107,43,61,135,130,22,12,29,26,117,119,119,7,30,37,4,Champion,SERIES_INFERENCE,POROUND_FILTER_IGNORED,33.74855072463768,20.82608695652174,12.434782608695652,1.4696969696969695,74.25301788068556,88.74633431085044,97.41935483870968,73.17633458075254,84.3387628842444,80.28178275031021,84.3387628842444,2,2,1495,Tim Duncan,0.309,0.148,Tim Duncan,Manu Ginobili,AMBIGUOUS_HIERARCHY,Model proposal retained.,MODEL_PROPOSAL,24.35593220338983,4.88135593220339,1.728813559322034,0.2148945715567519,0.1625923820352473,0.2293144208037825,0.1393566726511071,0.137396694214876,0.0451127819548872,13.235005750669368,6.7045918001214435,86.8421052631579,15.89826819678689,5.035033660109637,92.10526315789474,0.5488761685581063,0.062311097464444,95.6140350877193,0.1924561403508772,0.0606529009373884,79.82456140350878,0.1302807017543859,0.0963203271228425,86.8421052631579,2.6090699339438426,2.2374553436677513,78.0701754385965,31.268722795657887,8.709064235788219,53.50877192982456,2.0900201563329026,1.0121370785062644,44.73684210526316,57,51312,0.5450246521057968,0.2119565217391304,0.3531499556344277,91.6880701754386,105.68070175438596,0.106853409951906,ALL_PLAYOFF_ROTATION_PLAYERS,7,7,1.0,36.0,18.714285714285715,0.6356754658385093,4.0,5.857142857142857,0.2205387205387205,0.1689860834990059,7,1.0,40.714285714285715,COMPLETE,True,Both stars played at least half of terminal-series games at 15+ MPG,0.533965580009062,122.08241251180269,0.3790635878138852,89.15600138360429,160.8439986163957,HIGH,2.8162857142857143,3.31,3,COMPLETE,,,,,,,0.0,0.0,0.0,0.0,NOT_MODELED,NOT_MODELED,NOT_MODELED,COMPLETE,NORMALIZED_NAME,9.2,6.1,3.1,24.8,0.26,3.0,1.2,4.2,2.2,17.2,15.2,100.0,98.27586206896552,96.55172413793105,100.0,98.27586206896552,88.79310344827587,54.166666666666664,100.0,SG,GUARD,,,,,,,,,NOT_MODELED,865.9333333333333,5,52,0.3535529466023697,,,,,,4.452365104244949,0.2782728190153093,,,8.81197260215146,0.5421052631578948,8.580078586305369,0.5,PARTIAL,82.6388888888889,0.6666666666666666,PARTIAL,79.93421052631578,0.6666666666666666,PARTIAL,85.71428571428571,67.02586206896552,POSITION_GROUP_NEARBY_ERA_PERCENTILE,39.583333333333336,1.0,79.93421052631578,Defensive Anchor,0.2078681961659866,2.1618292401262607,,56.25,34.375,93.75,56.25,65.625,6.25,46.48437500000001,52.45682565789473,5.357142857142857,34.76611450501253,81.40358518246836,0.048780487804878,60.29916300406424,1.0,70.06117364156047,0.6666666666666666,70.06117364156047,PARTIAL,100.0,91.56629856803129,91.56629856803129,COMPLETE,,91.56629856803129,91.56629856803129,COMPLETE,91.56629856803129,91.56629856803129,OBSERVED_PRODUCTION_GEOMEAN_FIT_DESCRIPTIVE_ONLY,40.3962275057327,99.13418283769006,42.608226242531224,72.65545015453418,64.71609598456594,1.0,COMPLETE,95.85218812350487,87.5,87.5,55.89352942516251,72.65545015453418,63.374115761040315,COVERAGE_SHRUNK,19.764235376052376,BASKETBALL_REFERENCE_SRS,81.98693311239784,3.5,-0.30235764623947625,-0.0625,3.1351423537605236,85.12207546615836,1.0,CORE_GEOMEAN_RATE43_RUN22_RESPONSIBILITY15_FIT20_PLUS_BOUNDED_CONTEXT,0.0,0.4245,0.9802,83.44334563715407,88.31598154661285,20000,20260910
2010-11,2548,Dwyane Wade,Dwyane,1610612748,MIA,29.0,21,14,7,0.667,827.815,181,373,0.485,14,52,0.269,139,179,0.777,43,107,150,92,64,34,28,26,53,116,515,47,955.0,5,0,895.0,1035.0,1,8,172,22,3,2,3,44,23,15,82,3,2,75,7,7,7,5,4,3,4,192,185,3,2,20,2,9,5,2,2.0,1,103.4,104.9,104.9,100.2,101.8,101.8,3.2,3.2,3.2,0.239,1.44,15.1,0.056,0.134,0.096,10.5,10.5,0.504,0.5699929165928812,0.299,0.301,89.32,87.99,73.33,87.99,0.174,1517,8.6,17.8,84,64,64,58,73,73,62,58,58,25,66,68,62,60,59,91,96,68,53,10,9,120,151,151,14,5,9,3,Finals,SERIES_INFERENCE,POROUND_FILTER_IGNORED,39.419761904761906,24.52380952380953,17.761904761904763,1.4375,100.0,81.6361692015209,100.0,80.70907784907453,93.52630465291,97.19907081260584,93.52630465291,2,2,2544,LeBron James,0.263,0.276,LeBron James,Dwyane Wade,OWNER_REVIEWED,Owner-reviewed: James was the primary star; Wade was the second option.,OWNER_REVIEWED,25.461437046802903,2.5708635464733027,3.065260382333553,0.2643737166324435,0.2423651721897335,0.2658959537572254,0.1626355599214145,0.1740139211136891,0.2204724409448819,11.5197099530525,6.8921076841697175,94.44444444444444,15.016759214081151,5.552795180651874,92.85714285714286,0.5336758327155487,0.0611491692345472,73.80952380952381,0.1863968253968253,0.0643466652069493,92.85714285714286,0.1281111111111111,0.0928870471451044,88.09523809523809,2.8945164012170825,2.657505486269762,50.0,28.965640225396584,8.80062468360359,84.92063492063492,2.087559235753856,0.876057618746247,83.33333333333334,63,49490,0.5384248749868726,0.2231769623780771,0.3406874129122155,89.58603174603176,104.268253968254,0.0315680416060085,ALL_PLAYOFF_ROTATION_PLAYERS,6,6,1.0,38.833333333333336,26.5,0.6136153133683235,5.166666666666667,7.0,0.2870036101083033,0.2410714285714285,6,1.0,43.666666666666664,COMPLETE,True,Both stars played at least half of terminal-series games at 15+ MPG,0.5294851364542746,107.65040930324676,0.3284763647815391,85.19986216402481,164.8001378359752,HIGH,4.378978805394991,6.53,4,COMPLETE,2.4328136073706603,3.597872340425534,16.58407643312102,9.639999999999995,-1.1650587330548738,-8.109135166175896,1411.0,329.0,157.0,30.0,COMPLETE,CONTEXTUAL_NOT_CAUSAL,LOW,COMPLETE,NORMALIZED_NAME,8.4,6.5,1.9,26.3,0.216,2.4,1.3,3.7,2.2,15.3,12.4,100.0,100.0,77.77777777777779,100.0,98.4126984126984,98.4126984126984,14.814814814814811,74.07407407407408,SG,GUARD,,,,,,,,,NOT_MODELED,921.5883333333334,85,25,0.3438801855642531,,,,,,2.2613748240850913,1.2176633668150494,,,13.959640740986814,0.5202492211838006,7.784347952139065,0.5,PARTIAL,70.73412698412699,0.6666666666666666,PARTIAL,22.453703703703702,0.6666666666666666,PARTIAL,88.88888888888889,73.26388888888889,POSITION_GROUP_NEARBY_ERA_PERCENTILE,64.58333333333333,1.0,64.58333333333333,Defensive Anchor,3.320354532844563,0.9765748626013422,,46.25,43.75,81.25,46.25,56.25,18.75,32.714533730158735,12.630208333333332,16.666666666666664,20.670469576719576,70.68810342006218,0.1546391752577319,55.176124359685126,1.0,62.45234651360695,0.6666666666666666,62.45234651360695,PARTIAL,100.0,89.31733557856235,89.31733557856235,COMPLETE,39.473684210526315,84.33297044175875,84.33297044175875,COMPLETE,89.31733557856235,89.31733557856235,OBSERVED_PRODUCTION_GEOMEAN_FIT_DESCRIPTIVE_ONLY,86.05528929940625,99.20317455237938,83.26407386033823,86.08123216661986,88.61780848815182,1.0,COMPLETE,88.16764485544437,93.75,93.75,81.6373446097226,86.08123216661986,58.30156434240463,COVERAGE_SHRUNK,62.186714819163775,BASKETBALL_REFERENCE_SRS,82.34513970624315,1.5,0.12186714819163776,0.4375,2.0593671481916376,84.40450685443479,1.0,CORE_GEOMEAN_RATE43_RUN22_RESPONSIBILITY15_FIT20_PLUS_BOUNDED_CONTEXT,0.0,0.1034,1.0,83.68241172327468,87.36599499068512,20000,20260910
2015-16,202681,Kyrie Irving,Kyrie,1610612739,CLE,24.0,21,16,5,0.762,773.71,201,423,0.475,51,116,0.44,77,88,0.875,15,47,62,98,48,36,13,22,46,64,530,145,850.4,0,0,839.0,935.0,10,1,142,6,4,2,2,66,4,5,33,8,8,41,32,39,41,5,7,4,18,212,199,11,3,4,4,49,4,5,4.0,1,115.7,117.7,117.7,106.3,107.7,107.7,9.4,10.0,10.0,0.222,2.04,16.3,0.02,0.063,0.041,8.0,7.9,0.535,0.5739409165728147,0.293,0.3,94.04,92.62,77.19,92.62,0.138,1491,9.6,20.1,14,8,8,135,147,147,34,28,28,40,44,82,126,161,152,88,85,66,59,21,23,108,154,154,35,3,5,4,Champion,SERIES_INFERENCE,POROUND_FILTER_IGNORED,36.843333333333334,25.238095238095237,20.142857142857142,2.0416666666666665,96.74605809128632,61.38135001800968,60.3896103896104,89.37331595595126,76.6788966371176,85.56966063685672,76.6788966371176,2,2,2544,LeBron James,0.301,0.349,LeBron James,Kyrie Irving,CLEAR,Model proposal retained.,MODEL_PROPOSAL,26.65995975855131,5.8350100603621735,2.4647887323943665,0.2409090909090909,0.2463599301106581,0.2197309417040358,0.1535138888888889,0.0682068206820682,0.146067415730337,12.371054139888775,6.739923989632318,92.62295081967213,15.707951884245748,5.532958160999728,99.18032786885246,0.5517874569737373,0.060215404810257,66.39344262295081,0.1898688524590164,0.0662636253628197,87.70491803278688,0.1378688524590164,0.1024548641781595,79.50819672131148,3.927288724587106,2.7231468414964755,76.22950819672131,28.50492392580427,7.213032103284304,86.0655737704918,2.0506619254755467,1.0107551547152778,74.59016393442623,61,53324,0.547542485370824,0.3182820539745878,0.2803738317757009,95.02639344262296,106.90655737704915,0.0263984312019907,ALL_PLAYOFF_ROTATION_PLAYERS,7,7,1.0,39.0,27.142857142857142,0.5637313078566342,3.857142857142857,3.857142857142857,0.2702702702702703,0.2668977469670711,7,1.0,42.0,COMPLETE,True,Both stars played at least half of terminal-series games at 15+ MPG,0.5339780462561203,107.48399126085538,0.3814668777495019,88.6168772563177,161.38312274368232,HIGH,5.836346516007534,10.38,4,COMPLETE,13.672706595905993,16.550526315789472,-7.179411764705883,-6.610112359550561,-2.8778197198834814,-2.3085203147281597,1319.0,285.0,204.0,178.0,COMPLETE,CONTEXTUAL_NOT_CAUSAL,LOW,COMPLETE,NORMALIZED_NAME,6.0,5.4,0.6,24.4,0.21,2.6,0.8,3.4,1.6,7.1,9.4,91.8032786885246,91.8032786885246,44.26229508196721,95.08196721311477,98.36065573770492,90.1639344262295,34.61538461538461,73.07692307692307,PG,GUARD,,,41.0,0.585,0.746,0.144,99.0,76.0,COMPLETE,822.0883333333334,94,27,0.3506304571404584,,,34.0,-0.223,142.0,5.397371108037895,0.6048777965904538,1.9076915123237388,4.606377066342686,14.284421811789947,0.4885993485342019,4.09455739230461,0.6666666666666666,PARTIAL,76.17827868852459,1.0,COMPLETE,56.94637102423987,1.0,COMPLETE,42.857142857142854,41.83743169398907,POSITION_GROUP_NEARBY_ERA_PERCENTILE,56.25,1.0,56.94637102423987,Pressure Valve,4.116345972553638,1.18235469424413,1.4888910964555715,63.125,22.916666666666668,90.625,63.125,77.08333333333333,9.375,48.087538422131146,43.89616099785157,4.017857142857142,32.00051885427995,64.17931357961439,0.0626740947075209,52.73512668542824,1.0,58.17649209263816,0.9444444444444444,58.17649209263816,PARTIAL,91.8032786885246,85.33127144463793,85.33127144463793,COMPLETE,52.63157894736842,82.06130219491098,82.06130219491098,COMPLETE,85.33127144463793,85.33127144463793,OBSERVED_PRODUCTION_GEOMEAN_FIT_DESCRIPTIVE_ONLY,85.47374200701205,96.70741772952542,83.61342842435111,66.77021609096535,82.99499571919432,1.0,COMPLETE,84.55441839674153,81.25,81.25,78.83274932979721,66.77021609096535,57.72224253193604,COVERAGE_SHRUNK,74.99999999999997,BASKETBALL_REFERENCE_SRS,79.84438957609282,3.5,0.24999999999999972,0.4375,4.1875,84.03188957609282,1.0,CORE_GEOMEAN_RATE43_RUN22_RESPONSIBILITY15_FIT20_PLUS_BOUNDED_CONTEXT,0.0,0.0,1.0,83.31106399727865,86.71183686417187,20000,20260910
2003-04,406,Shaquille O'Neal,Shaquille,1610612747,LAL,32.0,22,13,9,0.591,920.5,182,307,0.593,0,0,0.0,109,254,0.429,91,200,291,55,55,7,61,11,90,0,473,91,1053.7,17,0,955.0,1078.0,7,11,184,55,4,2,5,8,96,128,96,4,1,148,2,3,2,14,5,50,1,166,189,18,3,7,1,1,5,1,2.0,1,101.6,102.3,102.3,96.5,98.0,98.0,5.2,4.3,4.3,0.115,1.0,10.4,0.104,0.222,0.164,10.4,10.4,0.593,0.5647626325341485,0.247,0.25,88.53,87.55,72.96,87.55,0.158,1688,8.3,14.0,17,15,15,83,105,105,25,40,40,89,88,115,18,10,6,78,77,11,32,29,29,147,173,173,15,5,30,3,Finals,SERIES_INFERENCE,POROUND_FILTER_IGNORED,41.84090909090909,21.5,13.954545454545457,1.0,74.23402255639098,26.4908256880734,100.0,89.71620709266091,67.12666708361147,75.38700758509454,67.12666708361147,2,2,977,Kobe Bryant,0.292,0.256,Kobe Bryant,Shaquille O'Neal,CLEAR,Model proposal retained.,MODEL_PROPOSAL,21.01599526066351,0.0,3.0213270142180093,0.2439401753481176,0.1873093349603416,0.110441767068273,0.1727016885553471,0.3288135593220339,0.6559139784946236,11.845539014125972,6.196392225523099,93.63636363636364,14.264077046947618,4.6101561318273445,90.0,0.5077188874125962,0.0552309482808586,84.54545454545455,0.1881636363636363,0.0574553624798064,79.0909090909091,0.1496181818181818,0.0838911612874012,47.27272727272727,2.755961765964016,2.1109070312447846,4.545454545454546,31.4002387012965,8.733675427794237,90.0,2.096036745806613,0.6985168514507067,90.0,55,48963,0.5097786303755767,0.2078199052132701,0.3494075829383886,90.002,98.17636363636365,0.0549840021585718,ALL_PLAYOFF_ROTATION_PLAYERS,5,5,1.0,42.6,26.6,0.6146025878003697,1.6,10.8,0.3251833740831296,0.2210526315789473,5,1.0,46.2,COMPLETE,True,Both stars played at least half of terminal-series games at 15+ MPG,0.5000360211582743,112.94438973135227,0.3241029641185647,81.0257410296412,168.97425897035882,HIGH,5.397662337662338,7.51,4,COMPLETE,,,,,,,0.0,0.0,0.0,0.0,NOT_MODELED,NOT_MODELED,NOT_MODELED,COMPLETE,NORMALIZED_NAME,5.5,4.5,1.0,24.8,0.202,2.6,1.3,3.9,1.7,25.4,11.6,94.54545454545456,98.1818181818182,36.36363636363637,96.36363636363636,100.0,92.72727272727272,13.636363636363637,86.36363636363636,C,BIG,,,,,,,,,NOT_MODELED,972.035,97,7,0.3026678415839804,,,,,,0.0,2.385659967409017,,,12.006518196632264,0.5928338762214984,9.933731667571973,0.5,PARTIAL,52.53787878787879,0.6666666666666666,PARTIAL,13.920454545454543,0.6666666666666666,PARTIAL,60.0,65.05681818181819,POSITION_GROUP_NEARBY_ERA_PERCENTILE,75.0,1.0,75.0,Defensive Anchor,3.592463234348558,0.2592499241282464,,61.25,34.375,43.75,61.25,65.625,56.25,32.17945075757576,9.135298295454543,33.75,25.02158301767677,62.87956355362499,0.3071672354948805,53.75108716748886,1.0,58.13643351311252,0.6666666666666666,58.13643351311252,PARTIAL,94.54545454545456,86.85103506531846,86.85103506531846,COMPLETE,,86.85103506531846,86.85103506531846,COMPLETE,86.85103506531846,86.85103506531846,OBSERVED_PRODUCTION_GEOMEAN_FIT_DESCRIPTIVE_ONLY,64.32278790240171,98.16498172140427,82.38046051796049,67.2004891177083,78.78773572944563,1.0,COMPLETE,89.60339719086532,68.75,93.74999999999997,79.88345660499137,67.2004891177083,55.42428900874168,COVERAGE_SHRUNK,81.00925873009825,BASKETBALL_REFERENCE_SRS,81.62788196028924,1.5,0.31009258730098255,0.4375,2.2475925873009825,83.87547454759023,1.0,CORE_GEOMEAN_RATE43_RUN22_RESPONSIBILITY15_FIT20_PLUS_BOUNDED_CONTEXT,0.0,0.00135,1.0,83.15566991561589,87.21142068153299,20000,20260910
2019-20,1627750,Jamal Murray,Jamal,1610612743,DEN,23.0,19,9,10,0.474,752.95,186,368,0.505,62,137,0.453,70,78,0.897,20,72,92,126,53,18,6,16,42,93,504,9,822.4,2,0,832.0,920.0,13,26,210,102,4,3,2,45,1,3,37,8,11,39,22,15,15,3,4,16,42,210,192,6,3,68,6,15,7,5,5.0,1,112.6,114.2,114.2,112.9,113.9,113.9,-0.2,0.3,0.3,0.295,2.38,21.8,0.029,0.1,0.065,9.2,9.1,0.59,0.626367070988268,0.27,0.277,95.75,94.67,78.89,94.67,0.156,1487,9.8,19.4,50,45,45,140,149,149,108,98,98,23,31,56,87,144,132,104,102,53,45,18,18,189,201,201,32,7,7,2,Conference Finals,SERIES_INFERENCE,POROUND_FILTER_IGNORED,39.62894736842105,26.526315789473685,19.36842105263158,2.3773584905660377,96.81564245810056,84.5249917245945,92.53731343283582,100.0,92.21808285882751,94.890129456792,92.21808285882751,1,2,203999,Nikola Jokić,0.289,0.277,Jamal Murray,Nikola Jokić,OWNER_REVIEWED,Owner-reviewed: Jokic was the offensive engine; Murray was the scoring complement.,OWNER_REVIEWED,25.42030934767989,6.909885675857431,1.2104909213180903,0.2469377756001959,0.2346938775510204,0.2943925233644859,0.1642202835332606,0.1191709844559585,0.0789473684210526,13.1346416547518,7.093717288877355,91.53846153846152,16.069953706153395,5.491153753332492,91.53846153846152,0.5752759328783092,0.058512585734258,79.23076923076923,0.1895384615384615,0.0595583945960928,85.38461538461539,0.1490923076923077,0.0962779187204215,91.53846153846152,5.414195873171859,2.1325361715991464,79.23076923076923,28.31364526058439,7.725805747380409,97.6923076923077,1.7479372016245955,0.6199576695618773,16.153846153846153,65,56337,0.5807301849357721,0.4261977573904179,0.2868501529051988,99.01076923076924,110.02307692307691,0.0456368860524959,ALL_PLAYOFF_ROTATION_PLAYERS,5,5,1.0,41.0,25.0,0.6308033911990311,7.4,4.4,0.2289377289377289,0.2141057934508816,5,1.0,33.4,COMPLETE,True,Both stars played at least half of terminal-series games at 15+ MPG,0.5736963368225545,109.18094308522744,0.3927948692554478,90.0116144018583,159.98838559814172,HIGH,5.200603248259861,6.66,3,COMPLETE,2.4034285714285715,-18.690526315789473,-0.4779310344827598,4.487951807228917,21.093954887218043,26.05983772892972,1225.0,190.0,290.0,166.0,COMPLETE,CONTEXTUAL_NOT_CAUSAL,LOW,COMPLETE,NORMALIZED_NAME,5.9,6.1,-0.2,23.7,0.174,2.5,0.2,2.7,1.5,11.3,11.6,86.92307692307692,91.53846153846152,23.076923076923077,93.07692307692308,95.3846153846154,11.538461538461538,20.0,85.0,PG,GUARD,,,40.0,0.5,0.56,-0.072,103.0,110.0,COMPLETE,694.31,98,15,0.3793437195455698,,,79.0,-0.058,106.0,6.550235739424928,0.2868716382229895,1.912477588153264,4.924629789494654,11.044558071585096,0.5367965367965368,3.729331296898864,0.6666666666666666,PARTIAL,87.98076923076923,1.0,COMPLETE,49.87179487179487,1.0,COMPLETE,42.857142857142854,45.192307692307686,POSITION_GROUP_NEARBY_ERA_PERCENTILE,52.083333333333336,1.0,52.083333333333336,Pressure Valve,5.081303740404143,0.7777505725108381,4.096153015223748,57.5,70.83333333333333,56.25,57.5,29.16666666666667,43.75,50.58894230769231,14.545940170940174,18.749999999999996,27.961627492877493,64.81526992709101,0.3354632587859424,65.9324931574811,1.0,65.37149486563864,0.9444444444444444,65.37149486563864,PARTIAL,86.92307692307692,85.65506515705931,85.65506515705931,COMPLETE,85.52631578947368,85.64219022030075,85.64219022030075,COMPLETE,85.65506515705931,85.65506515705931,OBSERVED_PRODUCTION_GEOMEAN_FIT_DESCRIPTIVE_ONLY,87.0928663681696,94.2237046017388,74.8694512022679,16.262997073995905,61.16179300280794,1.0,COMPLETE,85.7454053097616,93.75,93.75,84.36015883315615,16.262997073995905,64.51752292865872,COVERAGE_SHRUNK,71.80703308172535,BASKETBALL_REFERENCE_SRS,82.49963984432694,0.0,0.2180703308172535,0.3125,0.5305703308172535,83.03021017514419,1.0,CORE_GEOMEAN_RATE43_RUN22_RESPONSIBILITY15_FIT20_PLUS_BOUNDED_CONTEXT,0.0,0.0,0.9357,82.52635200339141,85.12373713827472,20000,20260910
2009-10,2200,Pau Gasol,Pau,1610612747,LAL,29.0,23,16,7,0.696,913.245,165,306,0.539,0,3,0.0,120,158,0.759,92,163,255,81,44,9,48,26,63,149,450,97,1004.5,13,0,900.0,1038.0,7,1,174,23,5,2,4,29,110,102,110,2,2,88,1,1,1,7,6,38,2,199,190,1,3,4,2,1,3,2,3.0,1,110.0,111.8,111.8,104.6,106.2,106.2,5.4,5.5,5.5,0.147,1.84,16.1,0.102,0.179,0.141,8.7,8.8,0.539,0.5991691521090754,0.207,0.207,93.36,91.93,76.61,91.93,0.165,1749,7.2,13.3,50,33,33,89,110,110,44,53,53,57,50,66,21,37,25,81,82,44,44,66,73,79,115,115,18,12,28,4,Champion,SERIES_INFERENCE,POROUND_FILTER_IGNORED,39.70630434782608,19.565217391304348,13.304347826086955,1.8409090909090908,45.30897473629426,62.25679520930416,100.0,97.38668731506316,66.66996282306212,60.545847465274846,66.66996282306212,2,2,977,Kobe Bryant,0.326,0.25,Kobe Bryant,Pau Gasol,CLEAR,Model proposal retained.,MODEL_PROPOSAL,19.2967409948542,0.1286449399656946,2.444253859348199,0.1935483870967742,0.1638993036957686,0.1792035398230088,0.1654429347826086,0.2583586626139817,0.3356643356643357,12.924128779476218,6.124157519889224,88.39285714285714,16.04716962721104,4.692696700342907,74.10714285714286,0.5572696804512256,0.0504907590734256,75.89285714285714,0.1927142857142857,0.0526846122444394,59.82142857142857,0.1343928571428571,0.0989259605122199,74.10714285714286,3.114113607057574,2.620878935084517,18.75,30.365641202116553,7.638837510390997,88.39285714285714,1.9185244840570623,0.8725833197570031,77.67857142857143,56,48118,0.5576281701635099,0.2443799854967367,0.3660865361372976,91.67357142857144,108.37857142857142,0.0415409819455655,ALL_PLAYOFF_ROTATION_PLAYERS,7,7,1.0,41.857142857142854,18.571428571428573,0.5563163300239644,3.7142857142857144,11.571428571428571,0.2050473186119873,0.1685393258426966,7,1.0,41.285714285714285,COMPLETE,True,Both stars played at least half of terminal-series games at 15+ MPG,0.5433689349683445,110.26930572392432,0.3451208968960035,87.31558691468891,162.6844130853111,HIGH,3.88248730964467,5.33,3,COMPLETE,5.862707692307691,8.876536312849163,-2.563535911602209,-0.9795454545454536,-3.0138286205414726,-1.429838163484717,1625.0,179.0,181.0,176.0,COMPLETE,CONTEXTUAL_NOT_CAUSAL,LOW,COMPLETE,NORMALIZED_NAME,5.9,4.6,1.2,24.0,0.224,3.2,1.1,4.3,1.8,20.6,10.5,92.85714285714286,90.17857142857144,67.85714285714286,98.21428571428572,100.0,89.28571428571429,45.65217391304348,86.95652173913044,C,BIG,,,,,,,,,NOT_MODELED,922.695,131,16,0.3577836926894722,,,,,,0.1182596126997684,1.8921538031962943,,,11.944220882676609,0.5445544554455446,6.228339602187803,0.5,PARTIAL,61.30952380952382,0.6666666666666666,PARTIAL,34.85054347826087,0.6666666666666666,PARTIAL,87.5,80.80357142857143,POSITION_GROUP_NEARBY_ERA_PERCENTILE,64.58333333333333,1.0,64.58333333333333,Defensive Anchor,5.111114723716938,0.6242582868661909,,69.375,75.0,50.0,69.375,25.0,50.0,42.533482142857146,8.712635869565217,43.75,31.665372670807457,70.94671201814059,0.3463203463203463,67.40737658150778,1.0,69.15440502402278,0.6666666666666666,69.15440502402278,PARTIAL,92.85714285714286,74.7624056518132,74.7624056518132,COMPLETE,56.57894736842105,72.94405982347399,72.94405982347399,COMPLETE,74.7624056518132,74.7624056518132,OBSERVED_PRODUCTION_GEOMEAN_FIT_DESCRIPTIVE_ONLY,51.64414117096075,99.10312089651156,59.95851525441241,77.78447514465037,70.84465517081081,1.0,COMPLETE,80.53019730102116,56.25,87.2765002735559,71.06824679921615,77.78447514465037,62.769603349348515,COVERAGE_SHRUNK,37.5,BASKETBALL_REFERENCE_SRS,78.70506794111645,3.5,-0.125,0.1875,3.5625,82.26756794111645,1.0,CORE_GEOMEAN_RATE43_RUN22_RESPONSIBILITY15_FIT20_PLUS_BOUNDED_CONTEXT,0.0,0.0,0.0088,81.24684669978276,84.18023741536325,20000,20260910
2017-18,201939,Stephen Curry,Stephen,1610612744,GSW,30.0,15,11,4,0.733,554.9016666666666,137,304,0.451,64,162,0.395,45,47,0.957,9,82,91,81,43,26,11,19,38,59,383,147,681.7,1,0,693.0,747.0,33,16,58,20,16,5,5,101,2,2,50,10,22,22,49,11,17,9,6,5,15,205,189,10,5,3,5,31,8,5,5.0,1,113.4,114.2,114.2,100.4,101.2,101.2,13.0,13.0,13.0,0.229,1.88,18.3,0.017,0.136,0.081,9.7,9.6,0.556,0.5898115067143033,0.286,0.296,99.58,98.83,82.36,98.83,0.154,1142,9.1,20.3,29,23,23,40,51,51,19,22,22,32,68,69,128,87,103,125,123,63,64,18,19,75,105,105,22,12,8,4,Champion,SERIES_INFERENCE,POROUND_FILTER_IGNORED,36.99344444444444,25.533333333333335,20.266666666666666,1.8837209302325584,90.67515702942724,68.11538450858835,81.41592920353983,90.86857459999854,81.60208919523228,86.57700509069444,81.60208919523228,2,2,201142,Kevin Durant,0.303,0.2,Kevin Durant,Stephen Curry,OWNER_REVIEWED,Owner-reviewed: Durant was the primary option; Curry was the second.,OWNER_REVIEWED,25.15323992994746,10.63922942206655,2.4299474605954465,0.1651573954290642,0.1683277962347729,0.1480804387568556,0.1095561039815728,0.0962962962962963,0.0901639344262295,12.91930231860198,7.204711943973428,92.74193548387096,15.69108553610982,5.386801999738729,92.74193548387096,0.5610913311552339,0.0732679918677883,63.70967741935484,0.1878709677419354,0.0614920618718954,87.90322580645162,0.1368709677419355,0.1025660265501656,83.06451612903226,4.526980542056866,2.7812682842342435,99.19354838709675,28.696457698813692,7.724763570817032,87.90322580645162,1.897354111341554,0.7948753386138652,78.2258064516129,62,51775,0.5605363670767057,0.3706492089470813,0.269721767594108,97.83451612903224,107.0548387096774,0.0292751396375975,ALL_PLAYOFF_ROTATION_PLAYERS,4,4,1.0,40.5,27.5,0.5603096984515078,6.75,6.0,0.2370689655172413,0.2713864306784661,4,1.0,41.25,COMPLETE,True,Both stars played at least half of terminal-series games at 15+ MPG,0.5548206461041737,106.30669764289192,0.3684481851032419,87.80065226253566,162.19934773746434,HIGH,3.941247563352826,8.21,4,COMPLETE,15.7796442687747,6.6581294964028785,-9.327218934911244,6.703773584905661,9.121514772371825,25.15250729218873,1012.0,695.0,169.0,265.0,COMPLETE,CONTEXTUAL_NOT_CAUSAL,LOW,COMPLETE,NORMALIZED_NAME,7.1,5.8,1.2,22.3,0.182,1.1,1.0,2.1,1.3,15.4,11.7,95.16129032258064,95.16129032258064,66.12903225806451,93.5483870967742,88.70967741935483,95.16129032258064,74.07407407407408,85.18518518518519,PG,GUARD,,,75.0,0.4,0.529,-0.091,45.0,42.0,COMPLETE,807.365,138,25,0.3474243615013805,,,59.0,-0.103,84.0,10.509970234966556,0.7136399542261241,4.865726960632665,2.919436176379599,9.21244304546451,0.5140845070422535,3.0491888953298036,0.6666666666666666,PARTIAL,58.36693548387097,1.0,COMPLETE,72.62793707686181,1.0,COMPLETE,90.9090909090909,80.3763440860215,POSITION_GROUP_NEARBY_ERA_PERCENTILE,35.416666666666664,1.0,72.62793707686181,Defensive Anchor,6.153350714980213,1.1147374483659809,2.6307803781437142,36.875,60.416666666666664,75.0,36.875,39.583333333333336,25.0,21.52280745967742,28.7485584262578,22.727272727272727,24.332879537735987,71.94937686722754,0.2464065708418891,56.317095760083745,1.0,63.65516433809599,0.9444444444444444,63.65516433809599,PARTIAL,95.16129032258064,83.84683505722205,83.84683505722205,COMPLETE,82.89473684210526,83.75162523571036,83.75162523571036,COMPLETE,83.84683505722205,83.84683505722205,OBSERVED_PRODUCTION_GEOMEAN_FIT_DESCRIPTIVE_ONLY,66.93563851188621,91.09691126737374,82.44915230364322,78.95885577278928,80.25035375770022,1.0,COMPLETE,82.53673680356042,43.75,43.75,69.55531274884356,78.95885577278928,62.89654409709066,COVERAGE_SHRUNK,55.198505414549025,BASKETBALL_REFERENCE_SRS,77.86172890572335,3.5,0.051985054145490255,0.375,3.92698505414549,81.78871395986884,1.0,CORE_GEOMEAN_RATE43_RUN22_RESPONSIBILITY15_FIT20_PLUS_BOUNDED_CONTEXT,0.0,0.0,0.0,81.08209129625843,83.62484640429604,20000,20260910
2008-09,1497,Chauncey Billups,Chauncey,1610612743,DEN,32.0,16,10,6,0.625,619.28,90,197,0.457,44,94,0.468,106,117,0.906,5,56,61,109,31,20,4,7,38,81,330,124,607.7,2,0,592.0,681.0,20,19,148,35,10,13,14,79,2,7,21,5,6,34,94,23,30,4,18,10,49,156,168,9,8,5,10,16,3,9,10.0,1,115.6,116.6,116.6,105.1,106.8,106.8,10.5,9.8,9.8,0.282,3.52,28.4,0.009,0.098,0.053,8.1,8.0,0.569,0.6640373470701868,0.203,0.208,94.89,93.75,78.12,93.75,0.156,1212,5.6,12.3,14,15,15,97,118,118,31,35,35,17,10,21,151,107,116,60,58,33,13,64,65,41,63,63,19,35,34,2,Conference Finals,SERIES_INFERENCE,POROUND_FILTER_IGNORED,38.705,20.625,12.3125,3.5161290322580645,57.684923660643015,100.0,100.0,100.0,83.0739694642572,72.49520037941797,83.0739694642572,2,2,2546,Carmelo Anthony,0.314,0.192,Carmelo Anthony,Chauncey Billups,AMBIGUOUS_HIERARCHY,Model proposal retained.,MODEL_PROPOSAL,20.42079207920792,5.816831683168316,1.4851485148514851,0.1910828025477707,0.1569721115537848,0.3011049723756906,0.1612708333333333,0.0947204968944099,0.0481927710843373,12.849537330200944,6.635129277805238,90.35087719298248,16.143990543183012,5.037390573055384,85.08771929824562,0.5574657219735886,0.0588166471732462,99.12280701754386,0.192578947368421,0.0532955833621277,59.64912280701754,0.1318070175438596,0.0827275041975404,95.6140350877193,3.2316816842540272,2.5806280174944,78.0701754385965,30.577565632488117,8.419185749450742,78.0701754385965,1.9178713828856953,0.7400011044759552,32.45614035087719,57,49916,0.5590857397348518,0.2567864156174194,0.368141388471757,90.35245614035088,108.15438596491228,0.104951607335335,ALL_PLAYOFF_ROTATION_PLAYERS,6,6,1.0,40.833333333333336,18.166666666666668,0.579048023799405,6.0,3.8333333333333335,0.1781045751633987,0.1524008350730689,6,1.0,38.5,COMPLETE,True,Both stars played at least half of terminal-series games at 15+ MPG,0.5437256671598298,122.12727615725947,0.3870147939915381,89.13308913308913,160.86691086691084,HIGH,3.890458221024259,7.11,3,COMPLETE,10.169163424124513,10.565365853658538,5.657847533632286,5.827272727272728,-0.3962024295340249,-0.2267772358935831,1028.0,205.0,223.0,99.0,COMPLETE,CONTEXTUAL_NOT_CAUSAL,LOW,COMPLETE,NORMALIZED_NAME,6.1,5.8,0.4,22.9,0.249,2.8,0.4,3.2,1.3,11.0,11.1,92.98245614035088,94.73684210526316,33.33333333333333,91.2280701754386,92.98245614035088,42.98245614035088,65.21739130434783,100.0,PG,GUARD,,,,,,,,,NOT_MODELED,611.7533333333333,66,10,0.3580161048515479,,,,,,5.464410282909185,0.2325280971450717,,,5.987598501485596,0.4466019417475728,6.801446841493347,0.5,PARTIAL,83.00438596491229,0.6666666666666666,PARTIAL,82.69689168573608,0.6666666666666666,PARTIAL,71.42857142857143,32.291666666666664,POSITION_GROUP_NEARBY_ERA_PERCENTILE,37.5,1.0,82.69689168573608,Pressure Valve,3.883918354892495,0.5884724780140144,,51.25,65.625,31.25,51.25,34.375,68.75,42.53974780701755,28.427056516971778,49.10714285714286,40.02464906037739,77.78069453028806,0.4453441295546558,69.44528258830931,1.0,73.49491350815252,0.6666666666666666,73.49491350815252,PARTIAL,92.98245614035088,82.70111932643157,82.70111932643157,COMPLETE,57.89473684210527,80.22048107799893,80.22048107799893,COMPLETE,82.70111932643157,82.70111932643157,OBSERVED_PRODUCTION_GEOMEAN_FIT_DESCRIPTIVE_ONLY,50.394957792978104,92.1010859537312,38.500878603012794,35.9602152146725,55.602104469259515,1.0,COMPLETE,92.21760304193,93.75,93.75,65.39056864107954,35.9602152146725,65.66327567210168,COVERAGE_SHRUNK,43.30127018922193,BASKETBALL_REFERENCE_SRS,81.80878974638367,0.0,-0.06698729810778069,-0.0625,-0.1294872981077807,81.67930244827589,1.0,CORE_GEOMEAN_RATE43_RUN22_RESPONSIBILITY15_FIT20_PLUS_BOUNDED_CONTEXT,0.0,0.0,0.0555,80.73859666737272,84.08588528088963,20000,20260910
2003-04,1888,Richard Hamilton,Richard,1610612765,DET,26.0,23,16,7,0.696,933.285,181,405,0.447,15,39,0.385,117,138,0.848,32,74,106,97,72,27,1,27,72,2,494,178,778.7,1,0,768.0,878.0,1,1,155,11,2,3,2,60,19,24,27,3,3,36,11,14,13,5,2,7,100,189,187,1,2,2,5,35,5,5,5.0,1,99.2,100.8,100.8,90.2,90.3,90.3,9.0,10.4,10.4,0.224,1.35,15.3,0.035,0.08,0.058,11.4,11.3,0.465,0.5303615906553294,0.269,0.274,88.06,87.3,72.75,87.3,0.137,1698,7.9,17.6,47,28,28,28,40,40,16,18,18,37,64,78,92,126,116,88,88,71,55,14,14,157,180,180,23,6,6,4,Champion,SERIES_INFERENCE,POROUND_FILTER_IGNORED,40.577608695652174,21.47826086956522,17.608695652173914,1.3472222222222223,100.0,58.17405608905558,61.81818181818184,100.0,77.90676228126213,88.18104197254193,77.90676228126213,1,2,1497,Chauncey Billups,0.215,0.286,Richard Hamilton,Chauncey Billups,OWNER_REVIEWED,Owner-reviewed: Billups was the offensive engine; Hamilton was the scoring finisher.,OWNER_REVIEWED,21.819787985865727,1.722614840989399,1.2367491166077738,0.2466300549176235,0.2309007981755986,0.2170022371364653,0.166064946619217,0.1028128031037827,0.0060975609756097,11.845539014125972,6.196392225523099,91.81818181818184,14.264077046947618,4.6101561318273445,93.63636363636364,0.5077188874125962,0.0552309482808586,66.36363636363637,0.1881636363636363,0.0574553624798064,90.0,0.1496181818181818,0.0838911612874012,80.9090909090909,2.755961765964016,2.1109070312447846,37.27272727272727,31.4002387012965,8.733675427794237,84.54545454545455,2.096036745806613,0.6985168514507067,8.181818181818182,55,48963,0.5097786303755767,0.2078199052132701,0.3494075829383886,90.002,98.17636363636365,0.0205829602797527,ALL_PLAYOFF_ROTATION_PLAYERS,5,5,1.0,44.4,21.4,0.5001869857890799,4.0,5.2,0.2356828193832599,0.2513661202185792,5,1.0,38.4,COMPLETE,True,Both stars played at least half of terminal-series games at 15+ MPG,0.5000360211582743,106.06467698603184,0.3322690001025647,81.0257410296412,168.97425897035882,HIGH,3.104110320284698,4.93,4,COMPLETE,,,,,,,0.0,0.0,0.0,0.0,NOT_MODELED,NOT_MODELED,NOT_MODELED,COMPLETE,NORMALIZED_NAME,3.6,2.3,1.3,19.6,0.182,2.3,1.3,3.5,1.3,9.1,13.4,76.36363636363637,83.63636363636363,50.90909090909091,90.9090909090909,94.54545454545456,92.72727272727272,13.043478260869565,63.04347826086957,SG,GUARD,,,,,,,,,NOT_MODELED,883.415,107,2,0.3306043166096392,,,,,,1.504363618830261,0.0385734261238528,,,14.11787396133014,0.453551912568306,5.323132805091693,0.5,PARTIAL,75.71969696969697,0.6666666666666666,PARTIAL,28.20405138339921,0.6666666666666666,PARTIAL,71.42857142857143,31.704545454545453,POSITION_GROUP_NEARBY_ERA_PERCENTILE,56.25,1.0,56.25,Pressure Valve,4.360351590136006,0.0815018988810468,,33.125,59.375,6.25,33.125,40.625,93.75,25.08214962121212,11.45789587450593,66.96428571428572,34.50144373666792,68.5958196032823,0.5597014925373134,53.93673176204739,1.0,60.82626342247261,0.6666666666666666,60.82626342247261,PARTIAL,76.36363636363637,80.83993510565439,80.83993510565439,COMPLETE,,80.83993510565439,80.83993510565439,COMPLETE,80.83993510565439,80.83993510565439,OBSERVED_PRODUCTION_GEOMEAN_FIT_DESCRIPTIVE_ONLY,87.28140869405186,92.70944570168692,66.35500476413414,33.8026605531334,68.12386055938154,1.0,COMPLETE,77.9986534388527,87.5,87.5,90.38033490657118,33.8026605531334,57.21750894831507,COVERAGE_SHRUNK,33.07189138830738,BASKETBALL_REFERENCE_SRS,77.85412229975101,3.5,-0.16928108611692622,0.1875,3.5182189138830737,81.37234121363409,1.0,CORE_GEOMEAN_RATE43_RUN22_RESPONSIBILITY15_FIT20_PLUS_BOUNDED_CONTEXT,0.0,0.0,0.0198,80.66955475192414,83.92942604284303,20000,20260910
2011-12,2548,Dwyane Wade,Dwyane,1610612748,MIA,30.0,23,16,7,0.696,906.825,197,426,0.462,10,34,0.294,121,166,0.729,32,88,120,100,68,39,30,22,65,120,525,183,958.0,1,0,893.0,1052.0,1,1,166,25,2,3,2,68,33,30,73,3,2,90,11,10,11,4,3,3,4,200,200,2,3,2,2,28,4,3,2.0,1,108.2,109.9,109.9,98.1,99.9,99.9,10.2,10.0,10.0,0.211,1.47,15.1,0.039,0.101,0.071,10.3,10.2,0.474,0.5260099390830394,0.292,0.297,90.53,89.03,74.19,89.03,0.141,1689,8.6,18.5,31,27,27,71,96,96,30,35,35,31,66,78,85,108,100,101,100,100,79,10,12,130,160,160,32,8,8,4,Champion,SERIES_INFERENCE,POROUND_FILTER_IGNORED,39.42717391304348,22.82608695652174,18.52173913043478,1.4705882352941178,79.48922621365149,74.16695370405806,53.80116959064327,87.56914837391213,71.87452641303443,74.22338374610354,71.87452641303443,2,2,2544,LeBron James,0.326,0.27,LeBron James,Dwyane Wade,CLEAR,Model proposal retained.,MODEL_PROPOSAL,23.312611012433393,1.5097690941385435,3.063943161634103,0.2344796784278696,0.2435677530017152,0.2487562189054726,0.1628052064631957,0.1290322580645161,0.2631578947368421,11.301468030524047,6.561468148503979,92.85714285714286,14.859433775461552,5.23466572839926,94.44444444444444,0.5307735084594167,0.0677485590486187,50.0,0.188095238095238,0.0602973358240892,94.44444444444444,0.1275238095238095,0.0989349404860567,84.92063492063492,2.9199661241784467,2.4924050547467935,40.476190476190474,28.43894406317523,8.087283779712537,92.85714285714286,2.2188046997147484,0.9820508774409146,78.57142857142857,63,51267,0.533538372556529,0.2240958508986021,0.3079653871755047,91.0573015873016,103.14920634920637,-0.0075284334734896,ALL_PLAYOFF_ROTATION_PLAYERS,5,5,1.0,40.6,22.6,0.5155109489051095,5.2,6.0,0.2215686274509803,0.2395833333333333,5,1.0,44.0,COMPLETE,True,Both stars played at least half of terminal-series games at 15+ MPG,0.5200966603863213,101.13695763636048,0.3285401311658081,83.30539725108952,166.69460274891048,HIGH,3.4387964601769916,6.44,4,COMPLETE,13.990228013029316,-3.105769230769231,-16.354679802955665,-5.6937500000000005,17.095997243798546,27.75692704675421,1535.0,364.0,203.0,48.0,COMPLETE,CONTEXTUAL_NOT_CAUSAL,LOW,COMPLETE,NORMALIZED_NAME,5.3,3.9,1.4,22.0,0.165,1.8,1.3,3.1,1.7,11.5,12.0,88.88888888888889,91.26984126984128,68.25396825396825,96.03174603174604,96.82539682539682,95.23809523809524,3.4482758620689653,55.172413793103445,SG,GUARD,,,,,,,,,NOT_MODELED,983.265,85,16,0.3143444694062373,,,,,,1.34976428748656,1.1909684889587298,,,15.5619882557274,0.4770408163265306,6.5900256389049705,0.5,PARTIAL,76.45502645502646,0.6666666666666666,PARTIAL,23.48111658456486,0.6666666666666666,PARTIAL,75.0,59.12698412698413,POSITION_GROUP_NEARBY_ERA_PERCENTILE,62.5,1.0,62.5,Pressure Valve,3.112080670012662,0.5858034202376776,,75.0,25.0,37.5,75.0,75.0,62.5,57.34126984126984,17.610837438423644,46.875,40.60903575989783,71.10177404295051,0.2941176470588235,57.62624464697916,1.0,64.01037592323058,0.6666666666666666,64.01037592323058,PARTIAL,88.88888888888889,79.34920476158722,79.34920476158722,COMPLETE,88.1578947368421,80.2300737591127,80.2300737591127,COMPLETE,79.34920476158722,79.34920476158722,OBSERVED_PRODUCTION_GEOMEAN_FIT_DESCRIPTIVE_ONLY,88.52124086641187,96.4277549119523,63.35720306983928,79.93452873205803,80.73549429956776,1.0,COMPLETE,74.8740455645037,87.5,87.5,85.26063789033292,79.93452873205803,59.34025061548705,COVERAGE_SHRUNK,24.206145913796362,BASKETBALL_REFERENCE_SRS,77.04936658672183,3.5,-0.2579385408620364,0.1875,3.4295614591379637,80.47892804585979,1.0,CORE_GEOMEAN_RATE43_RUN22_RESPONSIBILITY15_FIT20_PLUS_BOUNDED_CONTEXT,0.0,0.0,0.0,79.56328500687901,82.58639366408148,20000,20260910
2001-02,977,Kobe Bryant,Kobe,1610612747,LAL,23.0,19,15,4,0.789,831.8883333333333,187,431,0.434,22,58,0.379,110,145,0.759,28,83,111,87,54,27,17,26,65,1,506,66,847.7,2,0,814.0,923.0,9,1,115,11,1,2,1,83,7,11,37,3,3,74,15,13,13,2,5,6,13,185,181,1,2,5,3,16,5,3,3.0,1,103.9,104.8,104.8,98.9,100.4,100.4,5.0,4.4,4.4,0.202,1.61,13.8,0.033,0.095,0.065,8.6,8.5,0.459,0.5113177041228779,0.292,0.299,94.26,93.16,77.63,93.16,0.132,1612,9.8,22.7,55,37,37,61,87,87,34,42,42,34,58,87,97,102,97,67,64,90,83,11,10,70,98,98,34,4,4,4,Champion,SERIES_INFERENCE,POROUND_FILTER_IGNORED,43.78359649122807,26.63157894736842,22.68421052631579,1.6111111111111112,93.27064032232364,85.70169983416253,59.02777777777778,100.0,82.77571052362266,86.00164174848217,82.77571052362266,1,2,406,Shaquille O'Neal,0.313,0.136,Kobe Bryant,Shaquille O'Neal,EDITORIAL_REVIEWED,Editorial sanity correction: Shaq remained the primary star; Kobe was the second option.,EDITORIAL_REVIEWED,23.542183622828787,2.698511166253102,2.0471464019851116,0.272189349112426,0.2818835840418574,0.2332439678284182,0.1814369320247182,0.1286210892236384,0.1545454545454545,12.7916826056369,6.757157527726527,93.859649122807,15.26648748266838,4.818884015625122,95.6140350877193,0.5248977350377261,0.0582379972619006,46.49122807017544,0.1931052631578947,0.0581328436957871,93.859649122807,0.1381228070175438,0.0803477245991509,79.82456140350878,2.8736871739923666,2.2974761386449485,42.98245614035088,31.2274073176362,9.114529112191304,92.10526315789474,2.0703700686800883,1.024560900724342,50.0,57,45959,0.5213058714767914,0.2182289736939607,0.3383969371372113,92.98701754385964,101.8561403508772,-0.0099881673539135,ALL_PLAYOFF_ROTATION_PLAYERS,4,4,1.0,43.75,26.75,0.6232525629077353,5.25,5.75,0.2523584905660377,0.2422145328719723,4,1.0,41.5,COMPLETE,True,Both stars played at least half of terminal-series games at 15+ MPG,0.514155510812597,99.44806451938362,0.344054082300588,83.9686573485811,166.0313426514189,HIGH,5.762241014799153,7.61,4,COMPLETE,,,,,,,0.0,0.0,0.0,0.0,NOT_MODELED,NOT_MODELED,NOT_MODELED,COMPLETE,NORMALIZED_NAME,4.3,4.1,0.2,20.5,0.148,1.7,0.8,2.6,1.3,10.6,9.8,85.96491228070175,91.2280701754386,28.947368421052634,94.73684210526316,98.24561403508773,83.33333333333334,13.043478260869565,50.0,SG,GUARD,,,,,,,,,NOT_MODELED,776.0966666666667,0,48,0.3358746293943244,,,,,,2.509952257214009,0.7356756615972095,,,16.141589516221128,0.4423592493297587,6.274880643035023,0.5,PARTIAL,76.64473684210526,0.6666666666666666,PARTIAL,26.50648360030511,0.6666666666666666,PARTIAL,55.55555555555556,45.723684210526315,POSITION_GROUP_NEARBY_ERA_PERCENTILE,70.83333333333333,1.0,70.83333333333333,Pressure Valve,0.0,2.226526764277646,,53.75,26.5625,81.25,53.75,73.4375,18.75,41.196546052631575,19.465698893974064,10.416666666666668,23.692970537757436,71.01083812314512,0.1284796573875803,53.78045821171166,1.0,61.79802110310999,0.6666666666666666,61.79802110310999,PARTIAL,85.96491228070175,77.38792532106413,77.38792532106413,COMPLETE,,77.38792532106413,77.38792532106413,COMPLETE,77.38792532106413,77.38792532106413,OBSERVED_PRODUCTION_GEOMEAN_FIT_DESCRIPTIVE_ONLY,92.52367406115675,96.47527778854398,83.2640738603383,49.40822843801139,77.75347537427668,1.0,COMPLETE,72.56679846032112,87.5,87.5,80.06738885065593,49.40822843801139,57.865347402073326,COVERAGE_SHRUNK,87.2765002735559,BASKETBALL_REFERENCE_SRS,74.93607039921007,3.5,0.37276500273555896,0.4375,4.310265002735559,79.24633540194563,1.0,CORE_GEOMEAN_RATE43_RUN22_RESPONSIBILITY15_FIT20_PLUS_BOUNDED_CONTEXT,0.0,0.0,0.0,78.23509343073604,81.26437896330397,20000,20260910
2013-14,201566,Russell Westbrook,Russell,1610612760,OKC,25.0,19,10,9,0.526,735.2733333333333,167,398,0.42,28,100,0.28,145,164,0.884,45,93,138,153,83,41,6,14,62,117,507,41,960.1,8,3,920.0,1092.0,17,22,190,41,6,4,2,110,11,5,97,1,1,31,3,10,8,1,1,1,34,196,201,3,3,21,1,3,1,2,1.0,1,110.0,110.2,110.2,105.7,107.8,107.8,4.3,2.4,2.4,0.384,1.84,21.5,0.067,0.12,0.095,11.7,11.8,0.455,0.5391781521184278,0.338,0.339,95.96,94.95,79.13,94.95,0.164,1457,8.8,20.9,54,54,54,87,110,110,54,70,70,6,51,43,55,83,65,135,136,124,85,1,1,51,78,78,9,6,4,2,Conference Finals,SERIES_INFERENCE,POROUND_FILTER_IGNORED,38.698596491228066,26.68421052631579,20.94736842105263,1.8433734939759037,93.3985477058076,90.91956059532248,100.0,84.63404836818094,93.86698967932882,94.03271448671624,93.86698967932882,1,2,201142,Kevin Durant,0.31,0.179,Russell Westbrook,Kevin Durant,OWNER_REVIEWED,Owner-reviewed: Durant was Oklahoma City's primary star.,OWNER_REVIEWED,26.09814687714482,5.147563486616336,2.4193548387096775,0.2604006163328197,0.2574385510996119,0.4180327868852459,0.1569420135183208,0.1606519208381839,0.0508474576271186,12.358860486323238,6.65942585974655,95.76271186440678,15.695960310265711,5.134586747332539,95.76271186440678,0.5551404007562643,0.052734634612543,41.52542372881356,0.1901864406779661,0.0582191868240176,99.15254237288136,0.1342711864406779,0.0890072993594925,97.45762711864408,3.683779806550587,2.6909682283998997,68.64406779661016,29.033465020565927,8.458013276363824,85.59322033898306,1.8746848634648408,0.7676077390644522,75.42372881355932,59,52235,0.5614689126066044,0.2807843996494303,0.3092681858019281,92.46610169491524,107.26440677966104,-0.0222907604881765,ALL_PLAYOFF_ROTATION_PLAYERS,6,6,1.0,36.833333333333336,26.833333333333332,0.5436250675310642,7.333333333333333,5.666666666666667,0.2733446519524618,0.2515337423312883,6,1.0,39.333333333333336,COMPLETE,True,Both stars played at least half of terminal-series games at 15+ MPG,0.5478621041070951,98.41493837161444,0.3360511384040796,89.61789844142785,160.38210155857217,HIGH,5.8904608294930885,8.0,3,COMPLETE,1.5362298528381215,-17.290123456790123,1.1769230769230778,-15.045731707317072,18.82635330962825,2.603698525388097,1427.0,243.0,78.0,164.0,COMPLETE,CONTEXTUAL_NOT_CAUSAL,LOW,COMPLETE,NORMALIZED_NAME,7.6,6.3,1.3,24.9,0.166,1.6,0.9,2.5,1.8,13.6,15.0,96.61016949152544,96.61016949152544,71.1864406779661,98.30508474576273,90.67796610169492,83.89830508474576,22.22222222222222,51.85185185185185,PG,GUARD,,,29.0,0.276,0.541,-0.089,70.0,53.0,COMPLETE,814.585,125,25,0.3536477291771409,,,82.0,-0.024,61.0,4.896138397512037,0.2937683038507221,1.4198801352784904,3.4272968782584257,14.590492424585868,0.4664429530201342,8.02966697191974,0.6666666666666666,PARTIAL,77.79837570621469,1.0,COMPLETE,41.470139245562976,1.0,COMPLETE,87.5,60.53436911487759,POSITION_GROUP_NEARBY_ERA_PERCENTILE,68.75,1.0,68.75,Defensive Anchor,5.524285372306144,1.1048570744612287,3.62393120423283,61.25,59.72222222222222,56.25,61.25,40.27777777777778,43.75,47.65150512005649,16.703250529462867,38.28125,34.21200188317312,78.21136107690313,0.3011472275334608,66.55369418434987,1.0,72.14745322500285,0.9444444444444444,72.14745322500285,PARTIAL,96.61016949152544,78.56141585878905,78.56141585878905,COMPLETE,64.47368421052632,77.15264269396278,77.15264269396278,COMPLETE,78.56141585878905,78.56141585878905,OBSERVED_PRODUCTION_GEOMEAN_FIT_DESCRIPTIVE_ONLY,93.49242873540118,94.41453882851154,76.3544662367343,76.65717700710753,83.49921209323365,1.0,COMPLETE,72.69610086832904,93.75,93.75,86.13558569192233,76.65717700710753,70.91703915694714,COVERAGE_SHRUNK,74.73912964438374,BASKETBALL_REFERENCE_SRS,78.59335783577414,0.0,0.24739129644383737,0.375,0.6223912964438374,79.21574913221798,1.0,CORE_GEOMEAN_RATE43_RUN22_RESPONSIBILITY15_FIT20_PLUS_BOUNDED_CONTEXT,0.0,0.0,0.0,78.19137931837584,80.28570315224829,20000,20260910
2008-09,2200,Pau Gasol,Pau,1610612747,LAL,28.0,23,16,7,0.696,930.9116666666666,160,276,0.58,0,0,0.0,100,140,0.714,68,181,249,58,44,19,45,18,69,119,420,152,953.8,16,0,855.0,977.0,5,1,169,24,4,3,7,15,114,135,114,6,5,102,2,2,2,10,5,14,2,193,193,4,6,3,3,2,3,3,3.0,1,109.4,110.9,110.9,100.6,101.7,101.7,8.8,9.2,9.2,0.103,1.32,13.2,0.077,0.194,0.138,10.0,10.0,0.58,0.6220379146919431,0.187,0.189,93.37,92.22,76.85,92.22,0.157,1783,7.0,12.0,41,35,35,49,64,64,37,38,38,82,81,86,36,31,25,99,98,29,28,84,88,63,90,90,18,16,38,4,Champion,SERIES_INFERENCE,POROUND_FILTER_IGNORED,40.47442028985507,18.26086956521739,12.0,1.318181818181818,42.906468075400795,32.962352532963216,78.67647058823529,98.4699704228976,51.64390915825298,51.84423214109878,51.64390915825298,2,2,977,Kobe Bryant,0.326,0.26,Kobe Bryant,Pau Gasol,CLEAR,Model proposal retained.,MODEL_PROPOSAL,17.6668536174986,0.0,2.69209197980931,0.1783439490445859,0.1490280777537797,0.1300448430493273,0.1671295631358468,0.2574974146845915,0.3125,12.849537330200944,6.635129277805238,83.33333333333334,16.143990543183012,5.037390573055384,67.54385964912281,0.5574657219735886,0.0588166471732462,81.57894736842105,0.192578947368421,0.0532955833621277,50.877192982456144,0.1318070175438596,0.0827275041975404,46.49122807017544,3.2316816842540272,2.5806280174944,8.771929824561402,30.577565632488117,8.419185749450742,90.35087719298248,1.9178713828856953,0.7400011044759552,88.59649122807018,57,49916,0.5590857397348518,0.2567864156174194,0.368141388471757,90.35245614035088,108.15438596491228,0.0629521749570913,ALL_PLAYOFF_ROTATION_PLAYERS,5,5,1.0,42.4,18.6,0.6469115191986645,2.2,9.2,0.1848906560636183,0.1442307692307692,5,1.0,43.8,COMPLETE,True,Both stars played at least half of terminal-series games at 15+ MPG,0.5437256671598298,114.40289695007044,0.3565323565323565,89.13308913308913,160.86691086691084,HIGH,4.020302491103203,6.48,4,COMPLETE,10.854276923076924,18.315,-0.6728643216080417,-6.8136363636363635,-7.460723076923074,-13.601495118951396,1625.0,220.0,199.0,154.0,COMPLETE,CONTEXTUAL_NOT_CAUSAL,LOW,COMPLETE,NORMALIZED_NAME,5.3,3.7,1.6,21.9,0.221,2.6,1.6,4.3,1.7,22.5,11.5,91.2280701754386,89.47368421052632,73.68421052631578,94.73684210526316,94.73684210526316,98.24561403508773,23.91304347826087,73.91304347826086,C,BIG,,,,,,,,,NOT_MODELED,939.7316666666668,106,21,0.3543064301491267,,,,,,0.0,1.7402295599116997,,,10.673407967458424,0.5797101449275363,5.414047519725287,0.5,PARTIAL,36.62280701754386,0.6666666666666666,PARTIAL,33.17124332570557,0.6666666666666666,PARTIAL,75.0,80.59210526315789,POSITION_GROUP_NEARBY_ERA_PERCENTILE,68.75,1.0,68.75,Defensive Anchor,4.060733649144525,0.8044849682267455,,71.875,59.375,62.5,71.875,40.625,37.5,26.32264254385965,13.475817601067888,28.125,22.64115338164251,54.91822002923977,0.25,57.59818632716315,1.0,56.24224275400382,0.6666666666666666,56.24224275400382,PARTIAL,91.2280701754386,71.11380234424198,71.11380234424198,COMPLETE,28.947368421052634,66.89715895192305,66.89715895192305,COMPLETE,71.11380234424198,71.11380234424198,OBSERVED_PRODUCTION_GEOMEAN_FIT_DESCRIPTIVE_ONLY,36.020877274917154,94.73684210526312,69.18490540558099,86.23853618266635,67.94350758268521,1.0,COMPLETE,79.51165984658896,31.25,81.00925873009825,69.44277329786856,86.23853618266635,54.16149516933588,COVERAGE_SHRUNK,39.52847075210474,BASKETBALL_REFERENCE_SRS,74.98969700655383,3.5,-0.10471529247895262,0.375,3.7702847075210473,78.75998171407487,1.0,CORE_GEOMEAN_RATE43_RUN22_RESPONSIBILITY15_FIT20_PLUS_BOUNDED_CONTEXT,0.0,0.0,0.0,77.87699492969078,81.31804775830778,20000,20260910
2016-17,202681,Kyrie Irving,Kyrie,1610612739,CLE,25.0,18,13,5,0.722,653.3266666666667,173,370,0.468,44,118,0.373,76,84,0.905,13,38,51,95,48,23,8,19,38,50,466,124,714.7,2,0,718.0,800.0,1,11,146,23,2,2,2,86,3,2,70,8,8,43,38,46,40,7,6,5,24,212,198,14,3,7,4,20,6,3,3.0,1,118.3,120.9,120.9,109.0,111.5,111.5,9.3,9.4,9.4,0.236,1.98,17.5,0.021,0.057,0.039,8.9,8.7,0.527,0.5725378415569098,0.299,0.305,99.32,97.13,80.94,97.13,0.125,1322,9.6,20.6,19,17,17,119,135,135,40,37,37,26,63,76,117,163,154,92,92,89,80,14,12,68,112,112,47,7,6,3,Finals,SERIES_INFERENCE,POROUND_FILTER_IGNORED,36.29592592592593,25.88888888888889,20.555555555555557,1.9791666666666667,86.19626438553072,66.06573939445774,49.31506849315068,79.94761391960633,70.6243753918176,76.4945401846512,70.6243753918176,2,2,2544,LeBron James,0.311,0.33,LeBron James,Kyrie Irving,CLEAR,Model proposal retained.,MODEL_PROPOSAL,26.43721633888049,6.694402420574886,1.7586989409984872,0.2227533460803059,0.2474916387959866,0.2392947103274559,0.151233024691358,0.067193675889328,0.0952380952380952,12.748473563214455,7.342691314073462,89.68253968253968,16.32479602932717,5.8673388841845755,91.26984126984128,0.5597641253433279,0.060036305300154,62.698412698412696,0.1936666666666666,0.0602452659010819,92.85714285714286,0.1442222222222222,0.0919279297497643,86.5079365079365,4.510650346220229,2.52559079030645,81.74603174603175,27.72045149405485,7.553770812999532,86.5079365079365,1.9490474474054356,0.8345247097723952,43.65079365079365,63,47139,0.5708459252649567,0.3636794689426268,0.2875770507349455,96.41095238095238,110.37619047619047,0.001691916291953,ALL_PLAYOFF_ROTATION_PLAYERS,5,5,1.0,40.4,29.4,0.5576631259484066,4.4,4.0,0.2560975609756097,0.2727272727272727,5,1.0,42.4,COMPLETE,True,Both stars played at least half of terminal-series games at 15+ MPG,0.5631705611874479,101.663311439737,0.3648811606813517,90.27626713073744,159.72373286926256,HIGH,4.972818791946308,11.35,4,COMPLETE,13.219638455217748,13.425000000000004,-17.94485294117647,-19.8576,-0.2053615447822565,-2.1181086036057835,1217.0,316.0,136.0,125.0,COMPLETE,CONTEXTUAL_NOT_CAUSAL,LOW,COMPLETE,NORMALIZED_NAME,2.2,4.0,-1.8,21.3,0.147,1.6,0.4,2.0,0.7,6.5,10.6,72.22222222222221,87.3015873015873,6.349206349206349,84.12698412698413,88.88888888888889,65.07936507936508,33.33333333333333,76.66666666666667,PG,GUARD,,,27.0,0.556,0.649,0.013,69.0,88.0,COMPLETE,744.2033333333334,107,23,0.3761239975650908,,,31.0,-0.185,106.0,6.5021071643588195,0.4408208247022928,1.4877702833702382,3.802079613057275,13.885855978122224,0.5119047619047619,4.628618659374075,0.6666666666666666,PARTIAL,74.52876984126985,1.0,COMPLETE,37.92989417989418,1.0,COMPLETE,30.76923076923077,39.61640211640212,POSITION_GROUP_NEARBY_ERA_PERCENTILE,60.416666666666664,1.0,60.416666666666664,Pressure Valve,5.17600476572263,1.1125991552487895,1.4995901657701076,75.0,41.666666666666664,75.0,75.0,58.333333333333336,25.0,55.89657738095239,22.125771604938272,7.6923076923076925,28.571552226066117,62.42017302872567,0.1578947368421052,62.46866220095438,1.0,62.44441290825455,0.9444444444444444,62.44441290825455,PARTIAL,72.22222222222221,78.70775069069819,78.70775069069819,COMPLETE,53.94736842105263,76.23171246373363,76.23171246373363,COMPLETE,78.70775069069819,78.70775069069819,OBSERVED_PRODUCTION_GEOMEAN_FIT_DESCRIPTIVE_ONLY,81.55786133589565,86.47516490080152,77.39971235549105,26.22516913815246,64.6199287336716,1.0,COMPLETE,74.48775688890244,81.25,81.25,87.07274709853272,26.22516913815246,61.75305663557374,COVERAGE_SHRUNK,77.56046028744288,BASKETBALL_REFERENCE_SRS,75.89735513333106,1.5,0.2756046028744288,0.3125,2.088104602874429,77.98545973620548,1.0,CORE_GEOMEAN_RATE43_RUN22_RESPONSIBILITY15_FIT20_PLUS_BOUNDED_CONTEXT,0.0,0.0,0.0,77.40282267293261,79.70214377277834,20000,20260910
2004-05,2405,Amar'e Stoudemire,Amar'e,1610612756,PHX,22.0,15,9,6,0.6,600.4933333333333,153,284,0.539,0,3,0.0,143,183,0.781,60,100,160,18,47,10,30,27,59,0,449,21,741.0,7,0,707.0,765.0,17,25,147,37,14,4,8,24,104,104,104,3,3,69,4,10,5,54,8,36,6,184,177,12,5,35,7,6,3,7,8.0,1,114.8,115.7,115.7,112.3,113.3,113.3,2.4,2.3,2.3,0.05,0.38,4.2,0.108,0.165,0.137,10.9,10.9,0.539,0.6158784154504554,0.304,0.305,96.48,95.68,79.73,95.68,0.151,1194,10.2,18.9,21,16,16,142,147,147,57,57,57,133,142,155,22,30,20,112,115,42,28,11,11,38,52,52,15,3,10,2,Conference Finals,SERIES_INFERENCE,POROUND_FILTER_IGNORED,40.03288888888889,29.933333333333337,18.933333333333337,0.3829787234042553,100.0,0.0,93.20388349514562,78.99825062148975,67.25088340486089,87.5906892301036,67.25088340486089,2,2,959,Steve Nash,0.259,0.428,Steve Nash,Amar'e Stoudemire,OWNER_REVIEWED,Owner-reviewed: Nash drove the offense; Stoudemire was the lead scoring complement.,OWNER_REVIEWED,28.2035175879397,0.1884422110552764,2.5125628140703515,0.2672619047619047,0.2232704402515723,0.0586319218241042,0.1656533333333333,0.2472952086553323,0.3191489361702128,13.235005750669368,6.7045918001214435,99.12280701754386,15.89826819678689,5.035033660109637,99.12280701754386,0.5488761685581063,0.062311097464444,81.57894736842105,0.1924561403508772,0.0606529009373884,93.859649122807,0.1302807017543859,0.0963203271228425,20.175438596491222,2.6090699339438426,2.2374553436677513,27.192982456140353,31.268722795657887,8.709064235788219,83.33333333333334,2.0900201563329026,1.0121370785062644,64.03508771929825,57,51312,0.5450246521057968,0.2119565217391304,0.3531499556344277,91.6880701754386,105.68070175438596,0.0708537633446586,ALL_PLAYOFF_ROTATION_PLAYERS,5,5,1.0,41.4,37.0,0.6108029582673006,1.4,9.8,0.3557692307692308,0.3108433734939759,5,1.0,42.0,COMPLETE,True,Both stars played at least half of terminal-series games at 15+ MPG,0.533965580009062,115.34047109178896,0.3523952623857877,89.15600138360429,160.8439986163957,HIGH,5.859425287356323,7.84,3,COMPLETE,,,,,,,0.0,0.0,0.0,0.0,NOT_MODELED,NOT_MODELED,NOT_MODELED,COMPLETE,NORMALIZED_NAME,4.4,5.0,-0.6,27.6,0.218,2.4,0.3,2.7,1.0,17.7,11.4,82.75862068965517,93.10344827586206,19.82758620689655,86.20689655172413,92.24137931034484,43.103448275862064,56.52173913043478,78.26086956521739,C,BIG,,,,,,,,,NOT_MODELED,610.7883333333333,54,3,0.3623552677092246,,,,,,0.1798521215889157,1.7985212158891577,,,16.84614872216178,0.5444839857651246,10.970979416923864,0.5,PARTIAL,40.095029239766085,0.6666666666666666,PARTIAL,55.303680396643784,0.6666666666666666,PARTIAL,14.285714285714285,53.66379310344828,POSITION_GROUP_NEARBY_ERA_PERCENTILE,85.41666666666667,1.0,85.41666666666667,Gravity Engine,3.182771991388179,0.1768206661882321,,60.0,75.0,18.75,60.0,25.0,81.25,24.05701754385965,13.825920099160946,11.607142857142856,16.496693500054484,34.296738085816045,0.4887218045112781,64.54350329434418,1.0,47.04924683379243,0.6666666666666666,47.04924683379243,PARTIAL,82.75862068965517,89.02479143252965,89.02479143252965,COMPLETE,,89.02479143252965,89.02479143252965,COMPLETE,89.02479143252965,89.02479143252965,OBSERVED_PRODUCTION_GEOMEAN_FIT_DESCRIPTIVE_ONLY,90.00221208254764,89.17310717921208,78.03358969289653,37.96644702390443,73.30539161020512,1.0,COMPLETE,87.46916440620272,93.75,93.75,79.10262757873288,37.96644702390443,48.03283122252829,COVERAGE_SHRUNK,90.57110466368403,BASKETBALL_REFERENCE_SRS,76.75123493714113,0.0,0.40571104663684027,0.375,0.7807110466368403,77.53194598377797,1.0,CORE_GEOMEAN_RATE43_RUN22_RESPONSIBILITY15_FIT20_PLUS_BOUNDED_CONTEXT,0.0,0.0,0.0,76.95249684179956,81.46303525747476,20000,20260910
2022-23,203076,Anthony Davis,Anthony,1610612747,LAL,30.0,16,8,8,0.5,607.7083333333334,132,254,0.52,5,15,0.333,92,108,0.852,38,187,225,41,34,22,50,16,46,85,361,54,874.5,13,0,776.0,884.0,26,27,194,71,16,10,9,49,104,109,82,4,4,59,7,2,3,29,15,6,1,210,205,5,10,13,5,3,6,6,6.0,1,113.8,114.9,114.9,109.0,111.2,111.2,4.8,3.7,3.7,0.104,1.21,10.8,0.064,0.27,0.175,9.0,9.0,0.53,0.5986335898116212,0.237,0.241,101.37,99.92,83.26,99.92,0.168,1268,8.3,15.9,56,48,48,92,121,121,45,50,50,101,115,143,45,10,9,118,120,92,61,43,50,65,104,104,11,20,29,2,Conference Finals,SERIES_INFERENCE,POROUND_FILTER_IGNORED,37.981770833333336,22.5625,15.875,1.2058823529411764,85.88737150867655,24.230169991592614,100.0,96.75948185406564,71.46197369365169,83.08778257250229,71.46197369365169,2,2,2544,LeBron James,0.258,0.272,LeBron James,Anthony Davis,CLEAR,Model proposal retained.,MODEL_PROPOSAL,21.35252365930599,0.8872239747634069,4.2586750788643535,0.2008903728436282,0.182209469153515,0.1027568922305764,0.1572337214316516,0.315126050420168,0.4901960784313725,13.858254426678874,8.036653921323381,80.50847457627118,16.302033034410933,5.861409887430356,78.8135593220339,0.5702049542589005,0.065490393492109,77.11864406779661,0.187457627118644,0.0636418266774611,75.42372881355932,0.1443898305084745,0.0843939545085925,47.45762711864407,5.200042549084217,2.7076771790462204,11.016949152542372,29.464532982656596,8.014407446345722,82.20338983050848,1.859547094289429,0.8243639042638506,99.15254237288136,59,54433,0.5752466702686629,0.3850887812752219,0.2565577078288942,97.34322033898304,112.14406779661016,0.0233869195429582,ALL_PLAYOFF_ROTATION_PLAYERS,4,4,1.0,41.25,26.75,0.6038374717832957,2.25,14.0,0.2388392857142857,0.2113095238095238,4,1.0,42.75,COMPLETE,True,Both stars played at least half of terminal-series games at 15+ MPG,0.5664783636095112,105.67633792705196,0.3501455787615488,87.78857837181044,162.21142162818956,HIGH,2.6995580110497244,3.6,3,COMPLETE,1.6345759552656114,-8.52734375,4.700829875518672,9.580412371134022,10.16191970526561,15.04150220088096,1073.0,256.0,241.0,97.0,COMPLETE,CONTEXTUAL_NOT_CAUSAL,LOW,COMPLETE,NORMALIZED_NAME,5.7,2.8,3.0,24.0,0.202,1.1,1.4,2.6,1.2,30.9,10.1,89.83050847457628,83.05084745762711,93.22033898305084,89.83050847457628,93.22033898305084,100.0,29.166666666666668,77.08333333333334,C,BIG,,,14.0,0.357,0.489,-0.163,47.0,41.0,COMPLETE,619.2483333333333,106,18,0.3252488156511529,,,69.0,-0.13,65.0,0.8885841618100787,2.9619472060335963,0.8293452176894069,2.7842303736715803,14.15810764484059,0.5313807531380753,6.397805965032568,0.6666666666666666,PARTIAL,44.78283898305085,1.0,COMPLETE,27.530602636534837,1.0,COMPLETE,85.71428571428571,93.5734463276836,POSITION_GROUP_NEARBY_ERA_PERCENTILE,75.0,1.0,75.0,Defensive Anchor,6.162309681899292,1.0464299459828983,4.011314792934445,30.0,45.833333333333336,87.5,30.0,54.166666666666664,12.5,13.434851694915256,14.91240976145637,10.714285714285714,13.020515723552448,67.00772835434583,0.1293103448275862,47.64189015409025,1.0,56.50110471249976,0.9444444444444444,56.50110471249976,PARTIAL,89.83050847457628,80.10747554728397,80.10747554728397,COMPLETE,73.68421052631578,79.46514904518715,79.46514904518715,COMPLETE,80.10747554728397,80.10747554728397,OBSERVED_PRODUCTION_GEOMEAN_FIT_DESCRIPTIVE_ONLY,60.367278674638946,91.5097287233429,85.27187784931071,97.41029175230064,81.85976936270201,1.0,COMPLETE,81.7324896362989,43.75,93.74999999999997,78.6292245715771,97.41029175230064,56.139932228472,COVERAGE_SHRUNK,30.618621784789724,BASKETBALL_REFERENCE_SRS,77.27597756465431,0.0,-0.19381378215210276,0.4375,0.24368621784789724,77.5196637825022,1.0,CORE_GEOMEAN_RATE43_RUN22_RESPONSIBILITY15_FIT20_PLUS_BOUNDED_CONTEXT,0.0,0.0,0.0,76.91761495287354,80.08275296858746,20000,20260910
2007-08,1718,Paul Pierce,Paul,1610612738,BOS,30.0,26,16,10,0.615,989.56,163,370,0.441,43,119,0.361,142,177,0.802,21,108,129,119,82,28,8,23,90,161,511,135,870.3,1,0,874.0,986.0,1,1,198,33,1,3,3,86,2,2,45,2,2,68,23,5,9,4,1,5,27,198,201,1,3,3,3,34,4,3,3.0,1,108.2,109.5,109.5,100.2,101.7,101.7,8.1,7.8,7.8,0.221,1.45,18.2,0.024,0.119,0.072,12.5,12.6,0.499,0.5704653032062159,0.256,0.258,89.04,87.85,73.2,87.85,0.126,1808,6.3,14.2,37,27,27,44,75,75,24,30,30,32,71,54,109,84,94,161,161,74,47,30,32,130,164,164,31,27,23,4,Champion,SERIES_INFERENCE,POROUND_FILTER_IGNORED,38.059999999999995,19.653846153846153,14.23076923076923,1.451219512195122,90.51968419096588,51.65296788517537,41.836734693877546,100.0,67.16294771540835,77.37043845142088,67.16294771540835,2,2,708,Kevin Garnett,0.265,0.176,Kevin Garnett,Paul Pierce,CLEAR,Model proposal retained.,MODEL_PROPOSAL,21.197455752212388,4.936393805309735,1.4933628318584071,0.2090834697217675,0.1894521249359959,0.2128801431127012,0.1585833333333333,0.1240384615384615,0.0714285714285714,12.510899590605474,6.472534867164353,83.03571428571429,15.633217362380126,4.759119740800918,88.39285714285714,0.547154698718597,0.0487784785327653,70.53571428571429,0.1898392857142857,0.0579956207662373,84.82142857142857,0.1420535714285714,0.1042052267065293,79.46428571428571,2.9261559431791615,2.5216636334216225,70.53571428571429,30.460398625493323,8.262586480898168,74.10714285714286,1.9007938846506889,0.9556108649004246,41.964285714285715,56,50491,0.5471916447192039,0.222561320221544,0.3335593986662145,90.04160714285715,106.54642857142858,0.023273658487012,ALL_PLAYOFF_ROTATION_PLAYERS,6,6,1.0,38.833333333333336,21.833333333333332,0.5883938196191161,6.333333333333333,4.5,0.2137030995106036,0.1896551724137931,6,1.0,38.0,COMPLETE,True,Both stars played at least half of terminal-series games at 15+ MPG,0.5320488069584092,107.2204834867358,0.3534452016711085,87.42127941663905,162.57872058336096,HIGH,3.043026941362916,7.34,4,COMPLETE,9.53404255319149,19.03993288590604,-2.47608695652174,-23.342857142857145,-9.50589033271455,-30.372660519049955,1551.0,298.0,322.0,203.0,COMPLETE,CONTEXTUAL_NOT_CAUSAL,LOW,COMPLETE,NORMALIZED_NAME,3.6,2.6,1.0,17.4,0.145,1.6,1.3,3.0,1.4,13.5,15.5,75.89285714285714,78.57142857142857,59.82142857142857,92.85714285714286,94.64285714285714,95.53571428571428,63.63636363636363,90.9090909090909,SF,WING,,,,,,,,,NOT_MODELED,986.6466666666666,8,29,0.3465941062660428,,,,,,4.3291968147459485,0.2910384413274587,,,9.131331096649015,0.4780876494023904,6.4392255143700226,0.5,PARTIAL,69.34523809523809,0.6666666666666666,PARTIAL,64.79301948051949,0.6666666666666666,PARTIAL,56.25,54.910714285714285,POSITION_GROUP_NEARBY_ERA_PERCENTILE,45.833333333333336,1.0,64.79301948051949,Pressure Valve,0.2918978087393663,1.058129556680203,,35.0,28.125,68.75,35.0,71.875,31.25,24.27083333333333,46.569982751623385,17.578125,29.472980361652237,64.01371300268359,0.2262443438914027,45.97694322635075,1.0,54.250851130948114,0.6666666666666666,54.250851130948114,PARTIAL,75.89285714285714,79.59452247592723,79.59452247592723,COMPLETE,10.526315789473683,72.68770180728188,72.68770180728188,COMPLETE,79.59452247592723,79.59452247592723,OBSERVED_PRODUCTION_GEOMEAN_FIT_DESCRIPTIVE_ONLY,67.17020622706126,93.74574820290484,59.91954317321077,62.12991938461932,71.4786177118474,1.0,COMPLETE,77.92480327107168,62.5,62.5,64.23699277218894,62.12991938461932,52.83390075396541,COVERAGE_SHRUNK,28.641098093473996,BASKETBALL_REFERENCE_SRS,72.94578800917935,3.5,-0.21358901906526004,0.1875,3.47391098093474,76.4196989901141,1.0,CORE_GEOMEAN_RATE43_RUN22_RESPONSIBILITY15_FIT20_PLUS_BOUNDED_CONTEXT,0.0,0.0,0.0,75.43913264236063,78.95684341127682,20000,20260910
2024-25,1627783,Pascal Siakam,Pascal,1610612754,IND,31.0,23,15,8,0.652,770.545,175,341,0.513,35,82,0.427,87,122,0.713,30,116,146,78,30,28,16,17,66,91,472,103,866.2,3,0,819.0,906.0,1,8,204,36,4,4,4,45,10,18,37,5,4,104,9,4,6,10,18,10,8,210,215,4,4,8,4,13,7,4,4.0,1,112.6,113.6,113.6,106.2,107.2,107.2,6.4,6.4,6.4,0.164,2.6,15.6,0.04,0.137,0.091,6.0,6.0,0.565,0.5979527718658153,0.236,0.243,100.75,99.83,83.19,99.83,0.14,1603,7.6,14.8,66,63,63,64,76,76,55,57,57,70,32,108,101,88,79,43,45,67,69,42,43,64,80,80,37,22,25,3,Finals,SERIES_INFERENCE,POROUND_FILTER_IGNORED,33.50195652173913,20.52173913043478,14.826086956521738,2.6,96.42857142857142,39.26400603636699,73.33333333333336,99.6315116132404,73.66553929633403,86.25321427953682,73.66553929633403,2,2,1630169,Tyrese Haliburton,0.219,0.371,Tyrese Haliburton,Pascal Siakam,OWNER_REVIEWED,Owner-reviewed: Haliburton was the offensive engine; Siakam was the second option.,OWNER_REVIEWED,22.083593262632565,3.836556456643793,2.0586400499064252,0.1798780487804878,0.1757731958762886,0.1282894736842105,0.1383384201077199,0.1563169164882226,0.123076923076923,13.72715568449264,6.943714589992584,79.16666666666666,16.784699530073528,5.809957129098887,77.5,0.5703948992329066,0.0659510839391149,72.5,0.1916666666666666,0.0619886190271156,74.16666666666667,0.1486166666666666,0.089453729504265,59.166666666666664,5.5435357494001005,2.5646123304140325,15.833333333333332,29.087042298881336,7.395436912104441,67.5,1.9982642026549495,0.7404899489176957,54.166666666666664,60,53903,0.5724285368838344,0.4030743835757763,0.2871144124626019,97.4225,112.74833333333332,0.0255242349819808,ALL_PLAYOFF_ROTATION_PLAYERS,7,7,1.0,33.42857142857143,19.285714285714285,0.5735893949694085,3.7142857142857144,7.714285714285714,0.1809651474530831,0.169284467713787,7,1.0,29.857142857142858,COMPLETE,True,Both stars played at least half of terminal-series games at 15+ MPG,0.5662606100269713,105.5967449046711,0.3718505306140764,88.45437616387338,161.54562383612665,HIGH,7.601550522648083,12.7,4,COMPLETE,14.076051188299814,-1.928042328042328,-6.942342342342342,-21.459139784946235,16.00409351634214,1.48729607373825,1094.0,567.0,555.0,186.0,COMPLETE,CONTEXTUAL_NOT_CAUSAL,LOW,COMPLETE,NORMALIZED_NAME,4.3,3.1,1.1,20.3,0.161,1.8,0.8,2.6,1.2,16.5,7.1,78.33333333333333,77.5,54.166666666666664,92.5,98.33333333333331,85.0,26.08695652173913,60.86956521739131,PF,BIG,,,74.0,0.432,0.604,-0.054,90.0,78.0,COMPLETE,771.9083333333333,159,15,0.3482992082246293,,,31.0,-0.041,71.0,3.831054643142192,0.7475228571984764,3.457293214542953,4.20481607174143,12.100526250900336,0.5405405405405406,5.699861786138383,0.6666666666666666,PARTIAL,72.39583333333334,1.0,COMPLETE,48.65338164251208,1.0,COMPLETE,77.77777777777779,63.888888888888886,POSITION_GROUP_NEARBY_ERA_PERCENTILE,68.75,1.0,68.75,Defensive Anchor,7.415388269332499,0.6995649310691037,1.4457675242094807,45.0,50.0,68.75,45.0,50.0,31.25,32.57812500000001,24.326690821256037,24.305555555555557,27.070123792270532,72.28410341034103,0.2475247524752475,57.85372364097363,1.0,64.66764679758673,0.9444444444444444,64.66764679758673,PARTIAL,78.33333333333333,75.58728900226374,75.58728900226374,COMPLETE,63.1578947368421,74.34434957572158,74.34434957572158,COMPLETE,75.58728900226374,75.58728900226374,OBSERVED_PRODUCTION_GEOMEAN_FIT_DESCRIPTIVE_ONLY,55.89530808869255,95.3720783737742,41.500571988762054,62.94497261974953,63.745876999078654,1.0,COMPLETE,76.06685118982588,43.75,68.75000000000001,57.61084478441573,62.94497261974953,63.85277753105413,COVERAGE_SHRUNK,90.57110466368403,BASKETBALL_REFERENCE_SRS,74.04543831213043,1.5,0.40571104663684027,-0.0625,1.8432110466368403,75.88864935876727,1.0,CORE_GEOMEAN_RATE43_RUN22_RESPONSIBILITY15_FIT20_PLUS_BOUNDED_CONTEXT,0.0,0.0,0.0,74.42231482629764,77.51437393704082,20000,20260910
2017-18,101108,Chris Paul,Chris,1610612745,HOU,33.0,15,11,4,0.733,516.8283333333334,118,257,0.459,37,99,0.374,44,53,0.83,9,80,89,87,28,30,4,4,47,70,317,62,628.3,4,0,598.0,682.0,33,16,58,20,20,8,10,91,11,12,62,11,16,55,49,12,19,7,17,3,60,135,200,6,8,10,9,13,8,10,8.0,1,107.7,109.1,109.1,103.7,102.3,102.3,4.0,6.8,6.8,0.299,3.11,22.0,0.016,0.165,0.086,7.1,7.1,0.531,0.5654252283105023,0.262,0.267,98.42,98.45,82.04,98.45,0.155,1055,7.9,17.1,75,57,57,61,57,57,56,46,46,11,18,44,131,60,91,66,66,82,79,27,27,101,109,109,21,16,18,2,Conference Finals,SERIES_INFERENCE,POROUND_FILTER_IGNORED,34.455222222222226,21.133333333333333,17.133333333333333,3.107142857142857,68.4338429812797,87.78571428571429,95.0,90.00079663247521,81.95929130984993,76.76060919802701,81.95929130984993,2,2,201935,James Harden,0.357,0.356,James Harden,Chris Paul,CLEAR,Model proposal retained.,MODEL_PROPOSAL,22.53554502369668,7.0379146919431275,2.417061611374407,0.1776905829596412,0.1772413793103448,0.271875,0.1266736111111111,0.121751025991792,0.043010752688172,12.91930231860198,7.204711943973428,84.67741935483872,15.69108553610982,5.386801999738729,87.90322580645162,0.5610913311552339,0.0732679918677883,47.58064516129033,0.1878709677419354,0.0614920618718954,86.29032258064517,0.1368709677419355,0.1025660265501656,91.12903225806453,4.526980542056866,2.7812682842342435,78.2258064516129,28.696457698813692,7.724763570817032,68.54838709677419,1.897354111341554,0.7948753386138652,76.61290322580645,62,51775,0.5605363670767057,0.3706492089470813,0.269721767594108,97.83451612903224,107.0548387096774,0.0048888612337966,ALL_PLAYOFF_ROTATION_PLAYERS,7,5,0.7142857142857143,37.0,19.8,0.5221518987341772,4.6,6.8,0.1436865021770682,0.1493055555555555,7,1.0,38.142857142857146,COMPLETE,True,Both stars played at least half of terminal-series games at 15+ MPG,0.5548206461041737,101.91135320590384,0.3575949921562626,87.80065226253566,162.19934773746434,HIGH,4.541133501259446,5.79,3,COMPLETE,11.269093406593406,0.8226785714285703,-3.3404011461318044,-43.19324324324324,10.446414835164836,-29.406427261946597,728.0,560.0,349.0,74.0,COMPLETE,CONTEXTUAL_NOT_CAUSAL,LOW,COMPLETE,NORMALIZED_NAME,6.6,4.2,2.5,22.8,0.193,1.4,0.7,2.1,1.1,17.4,9.1,93.5483870967742,91.93548387096774,91.12903225806453,90.32258064516128,88.70967741935483,79.83870967741935,44.44444444444444,62.96296296296296,PG,GUARD,,,18.0,0.389,0.699,0.078,83.0,71.0,COMPLETE,620.605,174,11,0.3297185194871124,,,19.0,-0.046,111.0,6.89590676465751,0.2786224955417176,1.253801229937729,5.7814167824906395,11.005588573897844,0.5126582278481012,3.691748065927758,0.6666666666666666,PARTIAL,91.22983870967742,1.0,COMPLETE,30.86170848267622,1.0,COMPLETE,36.36363636363637,44.95967741935484,POSITION_GROUP_NEARBY_ERA_PERCENTILE,60.416666666666664,1.0,60.416666666666664,Pressure Valve,10.093376624422945,0.6380870279807607,1.1021503210576775,88.75,41.666666666666664,46.875,88.75,58.333333333333336,53.125,80.96648185483872,18.00266328156113,19.31818181818182,39.429108984860555,67.69334571250418,0.2653485952133194,70.0773438132154,1.0,68.8750307539823,0.9444444444444444,68.8750307539823,PARTIAL,93.5483870967742,76.22692207072906,76.22692207072906,COMPLETE,11.842105263157894,69.78844038997195,69.78844038997195,COMPLETE,76.22692207072906,76.22692207072906,OBSERVED_PRODUCTION_GEOMEAN_FIT_DESCRIPTIVE_ONLY,72.70174518616042,89.5124962936233,35.930411196308434,82.29827442157844,68.1205210354017,1.0,COMPLETE,73.14036911965799,93.75,93.75,73.95504251806369,82.29827442157844,67.82641793431662,COVERAGE_SHRUNK,50.77524002897475,BASKETBALL_REFERENCE_SRS,75.44438552141794,0.0,0.007752400289747499,-0.125,-0.1172475997102525,75.32713792170769,1.0,CORE_GEOMEAN_RATE43_RUN22_RESPONSIBILITY15_FIT20_PLUS_BOUNDED_CONTEXT,0.0,0.0,0.0,74.54820722959516,76.22362951548365,20000,20260910
2015-16,202691,Klay Thompson,Klay,1610612744,GSW,26.0,24,15,9,0.625,848.865,201,453,0.444,98,231,0.424,82,96,0.854,15,73,88,54,47,26,9,25,53,81,582,64,826.6,0,0,892.0,883.0,1,7,201,24,2,2,1,100,1,1,39,4,7,53,32,18,23,14,8,7,26,214,207,7,1,14,5,49,4,4,5.0,1,107.9,108.7,108.7,102.4,105.3,105.3,5.5,3.4,3.4,0.113,1.15,9.1,0.017,0.076,0.048,7.9,7.9,0.552,0.587593893869639,0.275,0.279,100.57,98.79,82.32,98.79,0.124,1749,8.4,18.9,53,42,42,94,122,122,57,64,64,98,115,149,138,152,138,84,84,54,48,29,30,28,56,56,43,8,11,3,Finals,SERIES_INFERENCE,POROUND_FILTER_IGNORED,35.369375,24.25,18.875,1.148936170212766,92.90109071596046,19.73684210526316,66.3157894736842,86.75893411160277,63.99838299196432,79.9604977762176,63.99838299196432,3,2,201939,Stephen Curry,0.308,0.267,Stephen Curry,Klay Thompson,CLEAR,Model proposal retained.,MODEL_PROPOSAL,24.95711835334477,9.90566037735849,1.5008576329331045,0.2251450676982591,0.2204379562043795,0.0926243567753001,0.1467355229040622,0.0848601735776277,0.0687022900763358,12.371054139888775,6.739923989632318,89.34426229508196,15.707951884245748,5.532958160999728,87.70491803278688,0.5517874569737373,0.060215404810257,72.95081967213115,0.1898688524590164,0.0662636253628197,84.42622950819673,0.1378688524590164,0.1024548641781595,50.0,3.927288724587106,2.7231468414964755,97.54098360655738,28.50492392580427,7.213032103284304,82.78688524590164,2.0506619254755467,1.0107551547152778,35.24590163934426,61,53324,0.547542485370824,0.3182820539745878,0.2803738317757009,95.02639344262296,106.90655737704915,0.040051408498815,ALL_PLAYOFF_ROTATION_PLAYERS,7,7,1.0,35.142857142857146,19.571428571428573,0.5600065402223676,1.8571428571428572,3.0,0.1959942775393419,0.1903114186851211,7,1.0,35.142857142857146,COMPLETE,True,Both stars played at least half of terminal-series games at 15+ MPG,0.5339780462561203,110.04083369895736,0.3879768757927603,88.6168772563177,161.38312274368232,HIGH,4.23905,7.09,4,COMPLETE,0.9371075166508084,9.946996466431097,6.05,5.6338709677419345,-9.009888949780288,-9.426017982038353,1051.0,283.0,770.0,372.0,COMPLETE,CONTEXTUAL_NOT_CAUSAL,LOW,COMPLETE,NORMALIZED_NAME,4.2,4.6,-0.4,19.5,0.143,1.9,0.6,2.5,1.3,9.2,8.7,81.9672131147541,88.52459016393442,22.950819672131143,91.8032786885246,93.44262295081968,64.75409836065575,73.07692307692307,80.76923076923077,SG,GUARD,,,178.0,0.444,0.518,-0.085,67.0,80.0,COMPLETE,614.28,198,5,0.3763769581614234,,,78.0,0.102,52.0,9.796610768496755,0.3816861338375359,7.548903535897934,2.8414412185683235,9.41492463465922,0.4639639639639639,4.071318760933718,0.6666666666666666,PARTIAL,44.544057377049185,1.0,COMPLETE,88.71409555835784,1.0,COMPLETE,64.28571428571429,47.23360655737705,POSITION_GROUP_NEARBY_ERA_PERCENTILE,31.25,1.0,88.71409555835784,Gravity Engine,11.603828872826725,0.2930259816370384,4.571205313537801,56.25,85.41666666666667,18.75,56.25,14.583333333333329,81.25,25.05603227459017,12.93747226892718,52.23214285714286,30.075215800220068,59.32645308536562,0.5342465753424658,68.55288508886224,1.0,63.77303129921649,0.9444444444444444,63.77303129921649,PARTIAL,81.9672131147541,81.57234015820697,81.57234015820697,COMPLETE,38.15789473684211,77.23089561607048,77.23089561607048,COMPLETE,81.57234015820697,81.57234015820697,OBSERVED_PRODUCTION_GEOMEAN_FIT_DESCRIPTIVE_ONLY,71.85592446128885,92.6193238808232,36.411882878049255,37.41605788047073,59.402080362677026,1.0,COMPLETE,80.64264506165354,62.5,62.5,50.905628840434204,37.41605788047073,63.00786289370446,COVERAGE_SHRUNK,40.50462936504913,BASKETBALL_REFERENCE_SRS,73.85689112514805,1.5,-0.09495370634950874,-0.125,1.2800462936504913,75.13693741879854,1.0,CORE_GEOMEAN_RATE43_RUN22_RESPONSIBILITY15_FIT20_PLUS_BOUNDED_CONTEXT,0.0,0.0,0.0,73.42027436115154,77.2392692813022,20000,20260910
2010-11,1891,Jason Terry,Jason,1610612742,DAL,33.0,21,16,5,0.762,683.92,128,268,0.478,42,95,0.442,70,83,0.843,6,34,40,67,32,26,3,8,44,57,368,148,571.5,0,0,575.0,629.0,1,1,129,12,9,8,8,54,2,4,24,9,10,38,80,44,48,10,12,5,65,157,175,14,8,2,9,46,5,9,9.0,1,115.1,115.0,115.0,104.0,104.3,104.3,11.1,10.7,10.7,0.18,2.09,16.5,0.01,0.055,0.033,7.9,7.9,0.556,0.6042296072507554,0.232,0.235,89.95,89.84,74.86,89.84,0.12,1285,6.1,12.8,10,6,6,94,97,97,19,20,20,46,42,61,141,152,146,63,63,39,29,41,43,110,116,116,47,23,27,4,Champion,SERIES_INFERENCE,POROUND_FILTER_IGNORED,32.56761904761905,17.523809523809526,12.761904761904765,2.09375,61.01900893895564,54.1574047316714,57.324840764331206,71.91552903133298,58.58181163773314,60.138840887921205,58.58181163773314,3,2,1717,Dirk Nowitzki,0.311,0.13,Dirk Nowitzki,Jason Terry,CLEAR,Model proposal retained.,MODEL_PROPOSAL,21.47859922178988,5.544747081712062,1.6926070038910506,0.178380998545807,0.1704834605597964,0.1583924349881796,0.1350286278381046,0.0496277915632754,0.0348837209302325,11.5197099530525,6.8921076841697175,80.15873015873017,15.016759214081151,5.552795180651874,84.92063492063492,0.5336758327155487,0.0611491692345472,89.68253968253968,0.1863968253968253,0.0643466652069493,78.57142857142857,0.1281111111111111,0.0928870471451044,80.15873015873017,2.8945164012170825,2.657505486269762,80.15873015873017,28.965640225396584,8.80062468360359,62.698412698412696,2.087559235753856,0.876057618746247,40.476190476190474,63,49490,0.5384248749868726,0.2231769623780771,0.3406874129122155,89.58603174603176,104.268253968254,0.0658047322638827,ALL_PLAYOFF_ROTATION_PLAYERS,6,6,1.0,32.5,18.0,0.6045678459471563,3.1666666666666665,2.0,0.1901408450704225,0.1766055045871559,6,1.0,40.333333333333336,COMPLETE,True,Both stars played at least half of terminal-series games at 15+ MPG,0.5294851364542746,114.11644362616316,0.3686952526493472,85.19986216402481,164.8001378359752,HIGH,4.741201550387596,6.76,4,COMPLETE,15.158581016299134,-0.0782688766114183,-10.466993464052289,-31.79594594594594,15.236849892910552,-6.092102588983099,1043.0,543.0,306.0,74.0,COMPLETE,CONTEXTUAL_NOT_CAUSAL,LOW,COMPLETE,NORMALIZED_NAME,4.6,3.4,1.2,20.3,0.179,2.1,0.5,2.6,1.1,6.0,9.5,87.3015873015873,88.88888888888889,61.904761904761905,90.47619047619048,91.26984126984128,65.87301587301587,48.148148148148145,92.5925925925926,SG,GUARD,,,,,,,,,NOT_MODELED,825.92,50,13,0.360666207213416,,,,,,5.000584863726752,0.15791320622295,,,9.106328225523454,0.4971098265895953,4.368932038834951,0.5,PARTIAL,82.07671957671958,0.6666666666666666,PARTIAL,78.95171957671957,0.6666666666666666,PARTIAL,55.55555555555556,37.20238095238095,POSITION_GROUP_NEARBY_ERA_PERCENTILE,33.333333333333336,1.0,78.95171957671957,Pressure Valve,2.1793878341728012,0.5666408368849284,,46.25,53.125,25.0,46.25,46.875,75.0,37.9604828042328,37.0086185515873,41.66666666666667,38.87858934082893,69.3744345115163,0.4460966542750929,63.18778630403412,1.0,66.20888869990873,0.6666666666666666,66.20888869990873,PARTIAL,87.3015873015873,85.01625693927438,85.01625693927438,COMPLETE,44.73684210526316,80.98831545587326,80.98831545587326,COMPLETE,85.01625693927438,85.01625693927438,OBSERVED_PRODUCTION_GEOMEAN_FIT_DESCRIPTIVE_ONLY,43.00385555747238,90.87214943788788,31.23749249299229,54.85426647492121,56.37224755062521,1.0,COMPLETE,87.27993691118925,43.75,43.75,35.025491633192345,54.85426647492121,60.805925799939146,COVERAGE_SHRUNK,81.00925873009825,BASKETBALL_REFERENCE_SRS,71.43232655754917,3.5,0.31009258730098255,-0.3125,3.4975925873009825,74.92991914485016,1.0,CORE_GEOMEAN_RATE43_RUN22_RESPONSIBILITY15_FIT20_PLUS_BOUNDED_CONTEXT,0.0,0.0,0.0,71.99781093801225,78.29720892260697,20000,20260910
2015-16,201566,Russell Westbrook,Russell,1610612760,OKC,27.0,18,11,7,0.611,674.02,159,393,0.405,34,105,0.324,116,140,0.829,41,83,124,198,78,46,2,18,43,99,468,119,979.8,15,1,920.0,1132.0,25,19,184,31,11,5,6,128,9,9,95,2,2,63,8,12,11,1,1,2,92,208,196,4,5,8,3,1,2,2,2.0,1,112.2,115.3,115.3,104.3,106.5,106.5,7.9,8.8,8.8,0.484,2.54,27.0,0.059,0.119,0.089,10.7,10.7,0.448,0.5147382314122305,0.335,0.337,99.63,97.24,81.04,97.24,0.17,1365,8.8,21.8,22,11,11,112,134,134,41,33,33,3,26,27,54,92,71,131,132,139,110,5,6,39,79,79,17,5,4,2,Conference Finals,SERIES_INFERENCE,POROUND_FILTER_IGNORED,37.44555555555556,26.0,21.833333333333332,2.5384615384615383,94.20162812379198,100.0,100.0,87.18874919740685,97.04008870938712,95.59049574033514,97.04008870938712,1,2,201142,Kevin Durant,0.312,0.144,Russell Westbrook,Kevin Durant,OWNER_REVIEWED,Owner-reviewed: Durant was Oklahoma City's primary star.,OWNER_REVIEWED,25.714285714285715,5.769230769230769,2.6373626373626373,0.2443864229765013,0.2583826429980276,0.5365853658536586,0.1560231481481481,0.1467455621301775,0.0206185567010309,12.371054139888775,6.739923989632318,94.26229508196722,15.707951884245748,5.532958160999728,92.62295081967213,0.5517874569737373,0.060215404810257,28.688524590163933,0.1898688524590164,0.0662636253628197,99.18032786885246,0.1378688524590164,0.1024548641781595,99.18032786885246,3.927288724587106,2.7231468414964755,74.59016393442623,28.50492392580427,7.213032103284304,89.34426229508196,2.0506619254755467,1.0107551547152778,76.22950819672131,61,53324,0.547542485370824,0.3182820539745878,0.2803738317757009,95.02639344262296,106.90655737704915,-0.0328042539585934,ALL_PLAYOFF_ROTATION_PLAYERS,7,7,1.0,39.142857142857146,26.714285714285715,0.5085944299390774,11.285714285714286,7.0,0.2493333333333333,0.2536348949919224,7,1.0,41.42857142857143,COMPLETE,True,Both stars played at least half of terminal-series games at 15+ MPG,0.5339780462561203,96.3968902881334,0.3453996542431484,88.6168772563177,161.38312274368232,HIGH,7.870952380952381,10.38,3,COMPLETE,10.187297734627832,-6.861567164179105,6.369364161849711,-3.24017857142857,17.048864898806936,7.4393221655286546,1236.0,268.0,173.0,112.0,COMPLETE,CONTEXTUAL_NOT_CAUSAL,LOW,COMPLETE,NORMALIZED_NAME,9.1,7.4,1.7,26.9,0.208,2.0,0.9,2.9,1.9,13.5,14.6,96.72131147540983,99.18032786885246,78.68852459016394,98.36065573770492,95.08196721311477,96.72131147540983,30.76923076923077,30.76923076923077,PG,GUARD,,,35.0,0.4,0.444,-0.174,78.0,76.0,COMPLETE,725.565,110,18,0.3322691034897713,,,66.0,-0.188,60.0,5.608142191626362,0.1068217560309783,1.8693807305421208,4.166048485208154,15.382332868460876,0.4340277777777778,7.477522922168483,0.6666666666666666,PARTIAL,87.09016393442623,1.0,COMPLETE,39.087676895053946,1.0,COMPLETE,85.71428571428571,61.64617486338798,POSITION_GROUP_NEARBY_ERA_PERCENTILE,64.58333333333333,1.0,64.58333333333333,Pressure Valve,5.457815633334022,0.8930971036364763,3.2746893800004133,55.0,41.666666666666664,71.875,55.0,58.333333333333336,28.125,47.89959016393443,22.801144855448136,24.107142857142858,31.60262595884181,77.53544209639239,0.198821796759941,60.54205573368142,1.0,68.51390411248958,0.9444444444444444,68.51390411248958,PARTIAL,96.72131147540983,71.05483506569472,71.05483506569472,COMPLETE,65.78947368421053,70.5282989275463,70.5282989275463,COMPLETE,71.05483506569472,71.05483506569472,OBSERVED_PRODUCTION_GEOMEAN_FIT_DESCRIPTIVE_ONLY,93.67650399426842,96.70741772952542,39.05900786507299,83.40374765644864,73.167492897355,1.0,COMPLETE,63.5793867099378,93.75,93.75,91.0765830256144,83.40374765644864,67.48535388401794,COVERAGE_SHRUNK,83.85254915624205,BASKETBALL_REFERENCE_SRS,74.46978364782672,0.0,0.3385254915624205,0.0,0.3385254915624205,74.80830913938914,1.0,CORE_GEOMEAN_RATE43_RUN22_RESPONSIBILITY15_FIT20_PLUS_BOUNDED_CONTEXT,0.0,0.0,0.0,73.06263783330552,76.23909714762725,20000,20260910
2006-07,2430,Carlos Boozer,Carlos,1610612762,UTA,25.0,17,9,8,0.529,653.99,162,302,0.536,0,0,0.0,76,103,0.738,54,153,207,50,51,17,5,21,52,74,400,5,738.4,13,0,701.0,773.0,20,27,176,63,7,4,4,26,97,130,97,6,6,90,3,2,2,15,5,15,36,188,178,8,4,52,3,2,2,3,5.0,1,105.2,106.7,106.7,106.1,106.3,106.3,-0.9,0.4,0.4,0.145,0.98,11.2,0.089,0.244,0.168,11.4,11.4,0.536,0.5758378440631119,0.27,0.273,94.6,93.8,78.17,93.8,0.175,1278,9.5,17.8,46,39,39,117,129,129,83,81,81,55,101,101,29,5,6,104,104,41,45,20,20,54,77,77,12,3,10,2,Conference Finals,SERIES_INFERENCE,POROUND_FILTER_IGNORED,38.47,23.529411764705884,17.764705882352942,0.9803921568627452,100.0,26.426134590736417,100.0,99.22353937341236,77.88901734589153,92.60379042774426,77.88901734589153,2,2,101114,Deron Williams,0.252,0.381,Deron Williams,Carlos Boozer,OWNER_REVIEWED,Owner-reviewed: Williams was the offensive engine; Boozer was the scoring complement.,OWNER_REVIEWED,23.47417840375587,0.0,1.2910798122065728,0.2403846153846154,0.2237037037037037,0.1326259946949602,0.1593154689403167,0.2756324900133156,0.0617283950617283,12.695277465053003,6.279243847175439,93.859649122807,15.459009748896012,4.787007430207778,95.6140350877193,0.5442205142557004,0.0543851527932405,74.56140350877193,0.1913859649122807,0.0561250966117919,90.35087719298248,0.1388771929824561,0.1130736555750414,69.2982456140351,3.0264832845206797,2.4922178804338966,7.017543859649122,30.882753916443413,8.272733626639221,72.80701754385966,1.938676491368398,0.9134173741019408,27.192982456140353,57,48244,0.541525836955661,0.2343787407230069,0.3384007661000718,92.1159649122807,104.52105263157894,0.0343120071074508,ALL_PLAYOFF_ROTATION_PLAYERS,5,5,1.0,36.2,21.4,0.5676994906621392,2.2,12.0,0.2286324786324786,0.2230971128608924,5,1.0,36.8,COMPLETE,True,Both stars played at least half of terminal-series games at 15+ MPG,0.5299716968775449,108.65445220108892,0.3498098859315589,87.45247148288973,162.5475285171103,HIGH,4.6522077922077925,8.35,3,COMPLETE,,,,,,,0.0,0.0,0.0,0.0,NOT_MODELED,NOT_MODELED,NOT_MODELED,COMPLETE,NORMALIZED_NAME,5.1,4.7,0.4,24.2,0.181,1.7,0.8,2.5,1.2,27.6,12.8,82.45614035087719,92.98245614035088,42.10526315789473,92.98245614035088,93.859649122807,80.7017543859649,19.565217391304348,82.6086956521739,PF,BIG,,,,,,,,,NOT_MODELED,657.0466666666666,57,4,0.3467507214426376,,,,,,0.0,0.2752335662624811,,,16.624107402253856,0.5364238410596026,5.66981146500711,0.5,PARTIAL,61.54970760233919,0.6666666666666666,PARTIAL,41.02069031273837,0.6666666666666666,PARTIAL,14.285714285714285,46.05263157894737,POSITION_GROUP_NEARBY_ERA_PERCENTILE,85.41666666666667,1.0,85.41666666666667,Pressure Valve,3.1230658400722424,0.2191625150927889,,57.5,50.0,31.25,57.5,50.0,68.75,35.39108187134504,20.510345156369183,9.821428571428571,21.907618533047597,49.884166681479115,0.3900709219858156,62.42100862455643,1.0,55.80161286785014,0.6666666666666666,55.80161286785014,PARTIAL,82.45614035087719,85.36852429636205,85.36852429636205,COMPLETE,,85.36852429636205,85.36852429636205,COMPLETE,85.36852429636205,85.36852429636205,OBSERVED_PRODUCTION_GEOMEAN_FIT_DESCRIPTIVE_ONLY,81.90222702778777,93.42002305667734,45.78551876855884,45.209052126577795,67.01891602546367,1.0,COMPLETE,83.76956130528454,93.75,93.75,59.60479786055639,45.209052126577795,53.8677419119001,COVERAGE_SHRUNK,71.80703308172535,BASKETBALL_REFERENCE_SRS,74.64175019291541,0.0,0.2180703308172535,-0.125,0.0930703308172535,74.73482052373267,1.0,CORE_GEOMEAN_RATE43_RUN22_RESPONSIBILITY15_FIT20_PLUS_BOUNDED_CONTEXT,0.0,0.0,0.0,73.64467894044846,77.5699210093642,20000,20260910
2007-08,1888,Richard Hamilton,Richard,1610612765,DET,30.0,17,10,7,0.588,655.66,134,285,0.47,8,26,0.308,92,101,0.911,19,53,72,67,48,23,9,18,48,81,368,71,602.9,0,0,579.0,670.0,20,20,166,42,11,7,7,64,42,36,60,5,8,25,31,25,25,12,6,9,25,193,185,9,6,9,12,45,4,11,12.0,1,106.7,107.8,107.8,102.2,102.3,102.3,4.5,5.5,5.5,0.195,1.4,15.1,0.033,0.091,0.062,10.8,10.8,0.484,0.5585235551238465,0.276,0.279,87.93,87.45,72.87,87.45,0.14,1197,7.9,16.8,57,41,41,70,81,81,47,43,43,39,79,77,93,110,106,135,135,84,60,16,17,159,170,170,23,14,14,2,Conference Finals,SERIES_INFERENCE,POROUND_FILTER_IGNORED,38.56823529411764,21.647058823529413,16.764705882352942,1.3958333333333333,100.0,45.90993204708167,88.6792452830189,94.7607656830152,80.68082921902999,92.06488054546271,80.68082921902999,2,2,1497,Chauncey Billups,0.235,0.305,Chauncey Billups,Richard Hamilton,OWNER_REVIEWED,Owner-reviewed principle: Billups was the offensive engine; Hamilton was the scoring finisher.,OWNER_REVIEWED,23.05764411027569,1.6290726817042605,2.0050125313283207,0.2368082368082368,0.2251184834123222,0.1919770773638968,0.1607009803921568,0.1168831168831168,0.0909090909090909,12.510899590605474,6.472534867164353,91.96428571428572,15.633217362380126,4.759119740800918,93.75,0.547154698718597,0.0487784785327653,58.03571428571429,0.1898392857142857,0.0579956207662373,91.96428571428572,0.1420535714285714,0.1042052267065293,75.89285714285714,2.9261559431791615,2.5216636334216225,43.75,30.460398625493323,8.262586480898168,79.46428571428571,1.9007938846506889,0.9556108649004246,59.82142857142857,56,50491,0.5471916447192039,0.222561320221544,0.3335593986662145,90.04160714285715,106.54642857142858,0.0113319104046426,ALL_PLAYOFF_ROTATION_PLAYERS,6,6,1.0,39.5,22.0,0.6378044066486277,4.333333333333333,3.1666666666666665,0.2448979591836734,0.204326923076923,6,1.0,33.166666666666664,COMPLETE,True,Both stars played at least half of terminal-series games at 15+ MPG,0.5320488069584092,104.97599991188534,0.3457292732486922,87.42127941663905,162.57872058336096,HIGH,5.177621483375959,9.3,3,COMPLETE,6.653403141361258,-14.6,8.229847494553377,-2.988484848484848,21.25340314136126,10.035070798323035,764.0,129.0,459.0,165.0,COMPLETE,CONTEXTUAL_NOT_CAUSAL,LOW,COMPLETE,NORMALIZED_NAME,3.8,3.1,0.7,20.0,0.14,1.2,0.7,1.9,1.0,10.4,12.7,78.57142857142857,85.71428571428571,41.964285714285715,80.35714285714286,79.46428571428571,72.32142857142857,21.73913043478261,43.47826086956522,SG,GUARD,,,,,,,,,NOT_MODELED,480.1483333333333,64,1,0.3548448389064938,,,,,,1.427569166946283,0.494158557789098,,,14.22078516304182,0.4864864864864865,5.5455571485221,0.5,PARTIAL,64.28571428571428,0.6666666666666666,PARTIAL,19.497282608695652,0.6666666666666666,PARTIAL,87.5,55.35714285714286,POSITION_GROUP_NEARBY_ERA_PERCENTILE,60.416666666666664,1.0,60.416666666666664,Defensive Anchor,4.798517124916259,0.0749768300768165,,41.25,81.25,6.25,41.25,18.75,93.75,26.51785714285714,3.655740489130435,82.03125,37.40161587732919,77.96893147502904,0.6097560975609756,60.77935383887697,1.0,68.83967805386617,0.6666666666666666,68.83967805386617,PARTIAL,78.57142857142857,79.18403263757038,79.18403263757038,COMPLETE,68.42105263157895,78.10773463697123,78.10773463697123,COMPLETE,79.18403263757038,79.18403263757038,OBSERVED_PRODUCTION_GEOMEAN_FIT_DESCRIPTIVE_ONLY,82.63746720899076,79.90946726880158,80.44073758218042,56.624085861737846,75.05472176502614,1.0,COMPLETE,75.33158177328622,75.0,75.0,75.54171279696955,56.624085861737846,62.55978536924411,COVERAGE_SHRUNK,73.95099728874526,BASKETBALL_REFERENCE_SRS,73.56289856022119,0.0,0.23950997288745257,0.4375,0.6770099728874526,74.23990853310863,1.0,CORE_GEOMEAN_RATE43_RUN22_RESPONSIBILITY15_FIT20_PLUS_BOUNDED_CONTEXT,0.0,0.0,0.0,73.95963081231986,75.46882079249106,20000,20260910
2001-02,1710,Mike Bibby,Mike,1610612758,SAC,24.0,16,10,6,0.625,660.2783333333333,114,257,0.444,25,59,0.424,71,86,0.826,14,46,60,80,37,23,3,15,30,0,324,48,557.0,0,0,541.0,622.0,20,18,147,24,9,8,8,78,5,10,26,8,9,40,43,27,33,3,10,11,57,177,150,15,8,14,10,52,5,8,8.0,1,106.1,106.6,106.6,101.8,102.9,102.9,4.4,3.7,3.7,0.197,2.16,19.3,0.021,0.064,0.043,8.9,9.0,0.492,0.5494505494505494,0.217,0.219,97.22,96.5,80.42,96.5,0.118,1327,7.1,16.1,35,27,27,90,104,104,40,48,48,37,29,47,116,133,129,74,76,61,50,45,51,36,59,59,45,19,20,2,Conference Finals,SERIES_INFERENCE,POROUND_FILTER_IGNORED,41.26739583333333,20.25,16.0625,2.1621621621621623,69.67228963372483,93.09815950920247,62.88659793814432,98.35934144595562,76.43798026308454,72.09209087276803,76.43798026308454,2,2,185,Chris Webber,0.268,0.212,Chris Webber,Mike Bibby,CLEAR,Model proposal retained.,MODEL_PROPOSAL,18.311981914091938,3.3345892991710624,1.46948003014318,0.2003710575139146,0.1948445792266868,0.2424242424242424,0.1697373607540702,0.0823045267489712,0.04,12.7916826056369,6.757157527726527,83.33333333333334,15.26648748266838,4.818884015625122,72.80701754385966,0.5248977350377261,0.0582379972619006,69.2982456140351,0.1931052631578947,0.0581328436957871,69.2982456140351,0.1381228070175438,0.0803477245991509,78.0701754385965,2.8736871739923666,2.2974761386449485,55.26315789473685,31.2274073176362,9.114529112191304,83.33333333333334,2.0703700686800883,1.024560900724342,30.70175438596491,57,45959,0.5213058714767914,0.2182289736939607,0.3383969371372113,92.98701754385964,101.8561403508772,0.0281446779737579,ALL_PLAYOFF_ROTATION_PLAYERS,7,7,1.0,44.714285714285715,22.714285714285715,0.5331276824034334,4.428571428571429,3.5714285714285716,0.2281205164992826,0.2191780821917808,7,1.0,45.57142857142857,COMPLETE,True,Both stars played at least half of terminal-series games at 15+ MPG,0.514155510812597,106.86466212959,0.3526493765326249,83.9686573485811,166.0313426514189,HIGH,5.053713527851459,7.15,3,COMPLETE,,,,,,,0.0,0.0,0.0,0.0,NOT_MODELED,NOT_MODELED,NOT_MODELED,COMPLETE,NORMALIZED_NAME,4.1,2.8,1.3,18.2,0.142,1.6,0.4,2.0,1.0,7.2,11.1,83.33333333333334,82.45614035087719,61.40350877192983,87.71929824561403,88.59649122807018,49.122807017543856,30.434782608695656,78.26086956521739,PG,GUARD,,,,,,,,,NOT_MODELED,665.0533333333333,4,25,0.3305852651518941,,,,,,3.2168252277448652,0.1635673844616033,,,10.79544737446582,0.4494949494949495,4.688931687899295,0.5,PARTIAL,78.28947368421053,0.6666666666666666,PARTIAL,49.549485125858126,0.6666666666666666,PARTIAL,77.77777777777779,46.32675438596492,POSITION_GROUP_NEARBY_ERA_PERCENTILE,43.75,1.0,49.549485125858126,Pressure Valve,0.2165239880510836,1.3532749253192728,,50.0,31.25,62.5,50.0,68.75,37.5,39.14473684210527,34.06527102402746,29.16666666666667,34.1255581775998,65.52107170099163,0.24,50.957870518153086,1.0,57.78247388222277,0.6666666666666666,57.78247388222277,PARTIAL,83.33333333333334,73.46984417354305,73.46984417354305,COMPLETE,,73.46984417354305,73.46984417354305,COMPLETE,73.46984417354305,73.46984417354305,OBSERVED_PRODUCTION_GEOMEAN_FIT_DESCRIPTIVE_ONLY,60.41351015856221,88.1568036940429,69.79536443265746,45.24249208856613,65.82250778012877,1.0,COMPLETE,74.91545329105082,81.25,81.25,75.02435855968601,45.24249208856613,55.188315921481845,COVERAGE_SHRUNK,62.50000000000002,BASKETBALL_REFERENCE_SRS,73.05867016998536,0.0,0.12500000000000022,0.1875,0.3125000000000002,73.37117016998536,1.0,CORE_GEOMEAN_RATE43_RUN22_RESPONSIBILITY15_FIT20_PLUS_BOUNDED_CONTEXT,0.0,0.0,0.0,72.71823287917678,75.4683047737236,20000,20260910
1999-00,739,Rasheed Wallace,Rasheed,1610612757,POR,25.0,16,10,6,0.625,606.6716666666666,110,225,0.489,8,13,0.615,58,75,0.773,31,72,103,28,23,15,20,9,51,2,286,49,533.6,3,0,495.0,550.0,20,20,140,21,13,5,9,38,36,50,8,13,13,70,8,12,9,36,24,16,7,155,167,41,6,11,8,11,5,8,9.0,1,105.4,105.9,105.9,99.5,100.7,100.7,5.9,5.2,5.2,0.094,1.22,9.1,0.057,0.129,0.093,7.5,7.4,0.507,0.5542635658914729,0.225,0.23,87.76,87.03,72.53,87.03,0.128,1096,6.9,14.1,44,40,40,72,90,90,34,42,42,102,77,113,59,63,60,45,45,41,40,46,42,147,148,148,33,16,27,2,Conference Finals,SERIES_INFERENCE,POROUND_FILTER_IGNORED,37.916979166666664,17.875,14.0625,1.2173913043478262,100.0,27.84477223713021,96.36363636363636,97.51319636673536,77.32000058038493,91.93286431477708,77.32000058038493,2,2,937,Scottie Pippen,0.209,0.198,Scottie Pippen,Rasheed Wallace,CLEAR,Model proposal retained.,MODEL_PROPOSAL,19.57116788321168,0.8895985401459854,2.39507299270073,0.1932432432432432,0.1923076923076923,0.0909090909090909,0.1579908418151435,0.1685761047463175,0.3278688524590163,11.359791514470952,6.6089270496150965,83.89830508474576,14.777908400516038,5.13035013835119,83.89830508474576,0.516551351120051,0.0521744556986767,80.50847457627118,0.1887118644067796,0.0545993266387539,68.64406779661016,0.134135593220339,0.0976129432976199,41.52542372881356,2.2474373835189745,2.0017564238505776,38.13559322033898,29.28887382778286,8.953824667411578,80.50847457627118,1.9782163798642471,0.8362818979335862,72.03389830508475,59,47354,0.5255272620224152,0.1867199806131103,0.3465406518841633,89.25508474576272,101.77796610169491,0.0287363038690576,ALL_PLAYOFF_ROTATION_PLAYERS,7,7,1.0,38.857142857142854,23.285714285714285,0.5816443048815301,1.7142857142857142,7.285714285714286,0.2451127819548872,0.2275334608030592,7,1.0,41.714285714285715,COMPLETE,True,Both stars played at least half of terminal-series games at 15+ MPG,0.5174294393913443,107.11867622829052,0.3648222524072773,87.94825238311394,162.05174761688608,HIGH,6.005358090185676,8.41,3,COMPLETE,,,,,,,0.0,0.0,0.0,0.0,NOT_MODELED,NOT_MODELED,NOT_MODELED,COMPLETE,NORMALIZED_NAME,4.3,3.2,1.2,19.4,0.172,1.4,0.8,2.2,1.0,15.1,8.2,84.7457627118644,87.28813559322035,68.64406779661016,90.67796610169492,93.22033898305084,86.4406779661017,76.92307692307693,80.76923076923077,PF,BIG,,,,,,,,,NOT_MODELED,614.6183333333333,70,7,0.3404632886972311,,,,,,0.771422213553185,1.1868034054664385,,,12.580116097944249,0.4811320754716981,4.450512770499144,0.5,PARTIAL,47.83427495291901,0.6666666666666666,PARTIAL,53.76466753585398,0.6666666666666666,PARTIAL,66.66666666666666,63.48870056497175,POSITION_GROUP_NEARBY_ERA_PERCENTILE,58.333333333333336,1.0,58.333333333333336,Defensive Anchor,4.100105485518113,0.4100105485518113,,35.0,33.333333333333336,50.0,35.0,66.66666666666666,50.0,16.741996233521654,35.843111690569316,33.33333333333333,28.63948041914143,58.65772645433662,0.3296703296703296,42.50641985918397,1.0,49.93325493749826,0.6666666666666666,49.93325493749826,PARTIAL,84.7457627118644,79.17333652670641,79.17333652670641,COMPLETE,,79.17333652670641,79.17333652670641,COMPLETE,79.17333652670641,79.17333652670641,OBSERVED_PRODUCTION_GEOMEAN_FIT_DESCRIPTIVE_ONLY,49.25105782867474,91.94036511942716,69.50724808513398,75.32735153168133,71.56434576813841,1.0,COMPLETE,83.03048842454484,25.0,83.33333333333334,57.55726781926559,75.32735153168133,49.95550329166551,COVERAGE_SHRUNK,87.40073734751267,BASKETBALL_REFERENCE_SRS,72.60645408585549,0.0,0.37400737347512675,0.3333333333333334,0.7073407068084602,73.31379479266396,1.0,CORE_GEOMEAN_RATE43_RUN22_RESPONSIBILITY15_FIT20_PLUS_BOUNDED_CONTEXT,0.0,0.0,0.0,72.2180354558068,76.45468711062824,20000,20260910
2011-12,201566,Russell Westbrook,Russell,1610612760,OKC,23.0,20,13,7,0.65,767.0716666666667,177,407,0.435,18,65,0.277,89,111,0.802,22,87,109,117,45,31,8,18,49,85,461,94,839.3,2,0,783.0,921.0,7,9,166,33,8,4,3,92,15,11,80,6,6,54,22,11,14,3,6,4,31,196,191,7,4,11,5,16,4,5,5.0,1,111.1,112.1,112.1,104.8,105.7,105.7,6.3,6.3,6.3,0.27,2.6,18.9,0.031,0.117,0.075,7.3,7.3,0.457,0.5056598806598807,0.302,0.305,93.75,92.92,77.44,92.92,0.138,1485,8.9,20.4,16,13,13,132,144,144,48,50,50,22,21,54,98,88,91,52,53,110,101,8,10,44,71,71,37,7,5,3,Finals,SERIES_INFERENCE,POROUND_FILTER_IGNORED,38.35358333333333,23.05,20.35,2.6,90.20958083832336,89.46676970633693,67.6923076923077,86.16760816197238,84.15532057840596,85.42974646210403,84.15532057840596,1,2,201142,Kevin Durant,0.285,0.163,Russell Westbrook,Kevin Durant,OWNER_REVIEWED,Owner-reviewed: Durant was Oklahoma City's primary star.,OWNER_REVIEWED,23.282828282828284,3.282828282828283,1.9696969696969695,0.2276543209876543,0.2545340838023764,0.325,0.1598065972222222,0.1371069182389937,0.0583941605839416,11.301468030524047,6.561468148503979,94.44444444444444,14.859433775461552,5.23466572839926,92.85714285714286,0.5307735084594167,0.0677485590486187,32.53968253968254,0.188095238095238,0.0602973358240892,96.03174603174604,0.1275238095238095,0.0989349404860567,92.06349206349206,2.9199661241784467,2.4924050547467935,48.41269841269841,28.43894406317523,8.087283779712537,86.5079365079365,2.2188046997147484,0.9820508774409146,48.41269841269841,63,51267,0.533538372556529,0.2240958508986021,0.3079653871755047,91.0573015873016,103.14920634920637,-0.0278784918966483,ALL_PLAYOFF_ROTATION_PLAYERS,5,5,1.0,42.2,27.0,0.5001481920569057,6.6,6.4,0.2755102040816326,0.2985074626865671,5,1.0,42.6,COMPLETE,True,Both stars played at least half of terminal-series games at 15+ MPG,0.5200966603863213,97.22421218476634,0.3216044357177445,83.30539725108952,166.69460274891048,HIGH,4.703387096774193,7.28,4,COMPLETE,5.742984257357974,-1.132828282828283,37.00689655172413,-5.324,6.875812540186256,-35.45508401153788,1461.0,198.0,58.0,175.0,COMPLETE,CONTEXTUAL_NOT_CAUSAL,LOW,COMPLETE,NORMALIZED_NAME,3.4,3.9,-0.5,22.6,0.133,1.8,0.3,2.1,1.0,13.4,9.0,72.22222222222221,91.26984126984128,15.873015873015872,92.06349206349206,89.68253968253968,37.301587301587304,20.689655172413794,31.03448275862069,PG,GUARD,,,,,,,,,NOT_MODELED,836.94,110,24,0.3452927701419153,,,,,,3.0505624202866746,0.3754538363429753,,,16.050651503662195,0.4649122807017544,5.209421979258782,0.5,PARTIAL,93.9484126984127,0.6666666666666666,PARTIAL,20.400588396278053,0.6666666666666666,PARTIAL,25.0,17.311507936507937,POSITION_GROUP_NEARBY_ERA_PERCENTILE,56.25,1.0,56.25,Pressure Valve,4.731521972901283,1.0323320668148253,,48.75,78.125,87.5,48.75,21.875,12.5,45.79985119047619,4.4626287116858245,3.125,17.795826634054006,73.65959541711422,0.150375939849624,66.98342402790026,1.0,70.2422373899646,0.6666666666666666,70.2422373899646,PARTIAL,72.22222222222221,67.65946745618749,67.65946745618749,COMPLETE,6.578947368421052,61.55141544741084,61.55141544741084,COMPLETE,67.65946745618749,67.65946745618749,OBSERVED_PRODUCTION_GEOMEAN_FIT_DESCRIPTIVE_ONLY,86.95729362196528,90.86521765943944,68.81915741235248,30.60426950448276,64.61074161357533,1.0,COMPLETE,60.20508286413607,87.5,87.5,90.25618593861188,30.60426950448276,63.49482492664306,COVERAGE_SHRUNK,84.31710977020026,BASKETBALL_REFERENCE_SRS,70.78788853972311,1.5,0.3431710977020026,0.3125,2.155671097702003,72.94355963742511,1.0,CORE_GEOMEAN_RATE43_RUN22_RESPONSIBILITY15_FIT20_PLUS_BOUNDED_CONTEXT,0.0,0.0,0.0,71.27042722293452,74.42931945261617,20000,20260910
2008-09,1740,Rashard Lewis,Rashard,1610612753,ORL,29.0,24,13,11,0.542,985.8583333333332,156,348,0.448,52,132,0.394,91,116,0.784,29,124,153,70,50,25,13,14,50,100,455,49,807.6,3,0,806.0,862.0,1,11,193,44,1,5,2,88,1,1,35,8,7,73,10,4,5,7,4,6,14,188,183,6,4,20,5,12,3,5,5.0,1,106.0,107.1,107.1,102.0,104.6,104.6,4.0,2.5,2.5,0.127,1.4,13.5,0.032,0.134,0.084,9.6,9.6,0.523,0.5701182838813151,0.218,0.221,91.51,89.93,74.94,89.93,0.123,1848,6.5,14.5,65,54,54,66,91,91,60,72,72,67,72,82,91,66,69,91,91,55,55,51,56,92,125,125,36,19,24,3,Finals,SERIES_INFERENCE,POROUND_FILTER_IGNORED,41.07743055555556,18.958333333333332,14.5,1.4,91.1264022498668,40.06171910281499,49.6124031007752,100.0,65.87217740598503,78.16081399284997,65.87217740598503,2,2,2730,Dwight Howard,0.233,0.093,Dwight Howard,Rashard Lewis,CLEAR,Model proposal retained.,MODEL_PROPOSAL,18.46590909090909,5.357142857142857,1.5422077922077924,0.1955307262569832,0.1922651933701657,0.1545253863134658,0.1689560125678377,0.1661237785016286,0.1120689655172413,12.849537330200944,6.635129277805238,86.8421052631579,16.143990543183012,5.037390573055384,76.31578947368422,0.5574657219735886,0.0588166471732462,57.01754385964912,0.192578947368421,0.0532955833621277,71.05263157894737,0.1318070175438596,0.0827275041975404,59.64912280701754,3.2316816842540272,2.5806280174944,74.56140350877193,30.577565632488117,8.419185749450742,93.859649122807,1.9178713828856953,0.7400011044759552,35.96491228070175,57,49916,0.5590857397348518,0.2567864156174194,0.368141388471757,90.35245614035088,108.15438596491228,0.0110325441464633,ALL_PLAYOFF_ROTATION_PLAYERS,5,5,1.0,42.6,17.4,0.5456598093326643,4.0,7.6,0.1907894736842105,0.1968085106382978,5,1.0,42.6,COMPLETE,True,Both stars played at least half of terminal-series games at 15+ MPG,0.5437256671598298,104.85403178763806,0.3694583485159401,89.13308913308913,160.86691086691084,HIGH,6.189123711340206,8.68,4,COMPLETE,-1.4433898305084745,6.85785440613027,12.454421768707482,-13.116666666666667,-8.301244236638745,-33.872332672012895,1475.0,261.0,441.0,90.0,COMPLETE,CONTEXTUAL_NOT_CAUSAL,LOW,COMPLETE,NORMALIZED_NAME,3.9,2.9,1.1,16.9,0.132,1.5,1.2,2.7,1.5,15.7,11.1,82.45614035087719,84.21052631578947,61.40350877192983,92.98245614035088,91.2280701754386,92.98245614035088,95.65217391304348,47.82608695652174,PF,BIG,,,,,,,,,NOT_MODELED,902.6966666666668,2,60,0.3537027346551156,,,,,,4.820165169099685,0.4747132363507265,,,7.887543003981301,0.4814814814814814,4.235902724360328,0.5,PARTIAL,53.98391812865497,0.6666666666666666,PARTIAL,83.17839435545386,0.6666666666666666,PARTIAL,25.0,55.70175438596492,POSITION_GROUP_NEARBY_ERA_PERCENTILE,31.25,1.0,83.17839435545386,Gravity Engine,0.0797610123740348,2.392830371221045,,10.625,28.125,87.5,10.625,71.875,12.5,5.7357913011695905,59.78447094298246,3.125,22.881754081384017,72.25817078331795,0.131578947368421,36.15838864433234,1.0,51.11495888594405,0.6666666666666666,51.11495888594405,PARTIAL,82.45614035087719,71.05694294900806,71.05694294900806,COMPLETE,7.894736842105263,64.74072233831778,64.74072233831778,COMPLETE,71.05694294900806,71.05694294900806,OBSERVED_PRODUCTION_GEOMEAN_FIT_DESCRIPTIVE_ONLY,76.29136343671868,92.1010859537312,43.74544389475727,58.99624936982965,66.37748226957386,1.0,COMPLETE,71.0583801304959,62.5,62.5,74.66959924011871,58.99624936982965,50.743305923962694,COVERAGE_SHRUNK,81.24999999999997,BASKETBALL_REFERENCE_SRS,70.85657405020034,1.5,0.3124999999999997,0.0625,1.8749999999999998,72.73157405020034,1.0,CORE_GEOMEAN_RATE43_RUN22_RESPONSIBILITY15_FIT20_PLUS_BOUNDED_CONTEXT,0.0,0.0,0.0,71.81478303548245,75.1546142734681,20000,20260910
2009-10,2749,Jameer Nelson,Jameer,1610612753,ORL,28.0,14,10,4,0.714,479.475,91,190,0.479,33,84,0.393,51,62,0.823,9,41,50,67,35,14,0,10,38,55,266,98,433.5,0,0,444.0,492.0,29,20,53,12,19,12,14,67,6,7,40,15,15,67,57,38,44,8,12,18,128,174,174,13,11,3,17,40,3,15,17.0,1,108.8,109.1,109.1,97.9,99.2,99.2,10.9,9.9,9.9,0.276,1.91,20.9,0.021,0.093,0.058,10.9,11.0,0.566,0.6121134020618557,0.252,0.255,89.72,89.0,74.16,89.0,0.15,894,6.5,13.6,55,55,55,44,56,56,26,27,27,22,43,40,118,107,106,112,112,36,30,35,37,150,163,163,21,22,27,2,Conference Finals,SERIES_INFERENCE,POROUND_FILTER_IGNORED,34.24821428571429,19.0,13.571428571428571,1.9142857142857144,98.5483870967742,89.66950959488274,100.0,89.07748380429592,95.77408190738927,97.4772767626063,95.77408190738927,1,2,2730,Dwight Howard,0.261,0.075,Jameer Nelson,Dwight Howard,OWNER_REVIEWED,Owner-reviewed: Howard was the structural primary; Nelson was the next scoring/creation option.,OWNER_REVIEWED,22.315436241610737,7.046979865771812,1.174496644295302,0.1967455621301775,0.1917255297679112,0.2838983050847458,0.1416469719350074,0.0884955752212389,0.0,12.924128779476218,6.124157519889224,83.92857142857143,16.04716962721104,4.692696700342907,90.17857142857144,0.5572696804512256,0.0504907590734256,84.82142857142857,0.1927142857142857,0.0526846122444394,80.35714285714286,0.1343928571428571,0.0989259605122199,90.17857142857144,3.114113607057574,2.620878935084517,93.75,30.365641202116553,7.638837510390997,61.60714285714286,1.9185244840570623,0.8725833197570031,18.75,56,48118,0.5576281701635099,0.2443799854967367,0.3660865361372976,91.67357142857144,108.37857142857142,0.0544852318983458,ALL_PLAYOFF_ROTATION_PLAYERS,6,6,1.0,35.5,17.0,0.5589653660675142,4.166666666666667,4.833333333333333,0.1875,0.1915887850467289,6,1.0,40.333333333333336,COMPLETE,True,Both stars played at least half of terminal-series games at 15+ MPG,0.5433689349683445,112.651526922038,0.3602263081278111,87.31558691468891,162.6844130853111,MEDIUM,3.165243902439025,4.44,3,COMPLETE,11.879113018597996,3.693073593073593,11.806103286384978,19.963358778625953,8.186039425524404,16.343294917765377,699.0,231.0,213.0,131.0,COMPLETE,CONTEXTUAL_NOT_CAUSAL,LOW,COMPLETE,NORMALIZED_NAME,5.2,4.6,0.6,20.9,0.223,1.4,0.8,2.2,0.9,10.3,13.9,84.82142857142857,90.17857142857144,46.42857142857143,85.71428571428571,85.71428571428571,75.89285714285714,82.6086956521739,78.26086956521739,PG,GUARD,,,,,,,,,NOT_MODELED,497.0133333333333,0,49,0.3492623476587556,,,,,,6.306898169873299,0.0,,,7.958704833411543,0.5471698113207547,4.6550915063350535,0.5,PARTIAL,81.84523809523809,0.6666666666666666,PARTIAL,78.46467391304347,0.6666666666666666,PARTIAL,42.857142857142854,26.339285714285715,POSITION_GROUP_NEARBY_ERA_PERCENTILE,52.083333333333336,1.0,78.46467391304347,Pressure Valve,0.0,3.5492005579997854,,25.0,15.625,93.75,25.0,84.375,6.25,20.46130952380952,66.20456861413044,2.6785714285714284,29.78148318883713,77.27087530076659,0.054054054054054,40.12430609692093,1.0,55.68159707609836,0.6666666666666666,55.68159707609836,PARTIAL,84.82142857142857,84.97374337383646,84.97374337383646,COMPLETE,76.31578947368422,84.10794798382123,84.10794798382123,COMPLETE,84.97374337383646,84.97374337383646,OBSERVED_PRODUCTION_GEOMEAN_FIT_DESCRIPTIVE_ONLY,74.54500949001074,85.7142857142857,31.533615572014295,40.42616075969524,58.6190209488222,1.0,COMPLETE,86.57081487103589,81.25,81.25,54.65072843896131,40.42616075969524,53.78773138406558,COVERAGE_SHRUNK,8.838834764831844,BASKETBALL_REFERENCE_SRS,73.30228154712097,0.0,-0.41161165235168157,-0.1875,-0.5991116523516815,72.70316989476929,1.0,CORE_GEOMEAN_RATE43_RUN22_RESPONSIBILITY15_FIT20_PLUS_BOUNDED_CONTEXT,0.0,0.0,0.0,71.60836529768879,75.70738814527786,20000,20260910
2014-15,202691,Klay Thompson,Klay,1610612744,GSW,25.0,21,16,5,0.762,760.9666666666667,149,334,0.446,57,146,0.39,36,45,0.8,9,72,81,54,41,16,19,19,64,52,391,120,633.2,0,0,653.0,685.0,1,1,146,13,4,3,3,74,2,2,41,18,21,66,58,20,25,14,7,20,10,203,206,16,4,3,7,54,5,7,7.0,1,107.7,108.2,108.2,98.3,99.5,99.5,9.3,8.6,8.6,0.118,1.32,12.1,0.012,0.09,0.053,9.2,9.1,0.531,0.5525720746184285,0.233,0.236,96.0,95.18,79.32,95.18,0.094,1504,7.1,15.9,34,33,33,61,69,69,33,34,34,91,95,113,133,120,119,108,104,58,65,44,45,104,121,121,90,18,15,4,Champion,SERIES_INFERENCE,POROUND_FILTER_IGNORED,36.23650793650794,18.61904761904762,15.904761904761903,1.3170731707317074,63.54046223794594,15.131578947368425,14.893617021276595,85.62314836021368,37.96022025271874,50.07433917166771,37.96022025271874,3,2,201939,Stephen Curry,0.301,0.3,Stephen Curry,Klay Thompson,AMBIGUOUS_SECONDARY,Model proposal retained.,MODEL_PROPOSAL,19.498005319148938,7.280585106382978,1.745345744680851,0.1802674043337943,0.1888072357263991,0.1048543689320388,0.1487715868361029,0.0845511482254697,0.1570247933884297,12.710126470099835,6.268978213368377,82.20338983050848,15.307993898613082,4.716685561110355,80.50847457627118,0.5316583834698956,0.0607497513626842,66.94915254237289,0.1908474576271186,0.057959311724435,77.11864406779661,0.1492711864406779,0.0992611400072632,50.84745762711864,3.926058865781535,2.704896839914963,90.67796610169492,29.97469343703606,7.538887085057772,75.42372881355932,2.0285294141689816,0.8198863932399741,39.83050847457627,59,52551,0.5359515510966474,0.3153409090909091,0.3064903846153846,96.14101694915256,104.09661016949154,0.0166205235217811,ALL_PLAYOFF_ROTATION_PLAYERS,6,6,1.0,38.0,15.833333333333334,0.5092195540308748,1.6666666666666667,4.333333333333333,0.1572847682119205,0.1767068273092369,6,1.0,42.5,COMPLETE,True,Both stars played at least half of terminal-series games at 15+ MPG,0.526232473993668,105.00531645735671,0.3611391762515222,86.01111379560281,163.9888862043972,HIGH,3.441532567049808,4.08,4,COMPLETE,11.394546850998465,5.533491686460809,-8.072156862745098,16.34014598540146,5.861055164537654,30.273358012684213,1302.0,421.0,255.0,137.0,COMPLETE,CONTEXTUAL_NOT_CAUSAL,LOW,COMPLETE,NORMALIZED_NAME,1.9,2.0,0.0,14.8,0.118,0.9,1.0,1.9,0.7,10.2,10.4,55.932203389830505,74.57627118644068,25.42372881355932,78.8135593220339,82.20338983050848,93.22033898305084,70.37037037037037,64.81481481481481,SG,GUARD,,,112.0,0.375,0.574,-0.018,51.0,58.0,COMPLETE,825.8316666666667,232,3,0.3817657962564373,,,113.0,0.0,59.0,6.907004248981558,0.8988567173332165,5.298523807437907,2.412720662315476,8.893950676770775,0.4893617021276595,2.1288711726313023,0.6666666666666666,PARTIAL,44.49152542372882,1.0,COMPLETE,78.32948465010611,1.0,COMPLETE,75.0,50.1412429378531,POSITION_GROUP_NEARBY_ERA_PERCENTILE,25.0,1.0,78.32948465010611,Gravity Engine,10.113441197661349,0.1307772568663105,4.925943341964363,56.875,91.66666666666669,18.75,56.875,8.333333333333329,81.25,25.304555084745765,6.527457054175505,60.9375,30.923170712973757,63.34191440495336,0.554765291607397,67.51985511893442,1.0,65.39752964430993,0.9444444444444444,65.39752964430993,PARTIAL,55.932203389830505,69.43876670954408,69.43876670954408,COMPLETE,92.10526315789474,71.70541635437915,71.70541635437915,COMPLETE,69.43876670954408,69.43876670954408,OBSERVED_PRODUCTION_GEOMEAN_FIT_DESCRIPTIVE_ONLY,68.25756749166314,80.4906313857647,35.05813556008643,45.53254498097528,57.13757130491915,1.0,COMPLETE,67.05268968598432,56.25,56.25,66.8115485815119,45.53254498097528,64.54211133073716,COVERAGE_SHRUNK,19.764235376052376,BASKETBALL_REFERENCE_SRS,69.23398112061432,3.5,-0.30235764623947625,-0.0625,3.1351423537605236,72.36912347437485,1.0,CORE_GEOMEAN_RATE43_RUN22_RESPONSIBILITY15_FIT20_PLUS_BOUNDED_CONTEXT,0.0,0.0,0.0,71.67988169708772,72.97946135506483,20000,20260910
2012-13,201579,Roy Hibbert,Roy,1610612754,IND,26.0,19,11,8,0.579,694.3883333333333,120,235,0.511,0,0,0.0,83,103,0.806,90,98,188,26,43,3,37,15,74,100,323,86,664.6,7,0,617.0,683.0,18,19,203,40,8,6,10,33,112,148,112,5,5,71,1,9,4,38,7,100,1,201,209,3,8,9,8,2,4,6,7.0,1,104.2,105.9,105.9,99.4,100.1,100.1,4.8,5.8,5.8,0.072,0.6,7.4,0.144,0.142,0.143,12.2,12.3,0.511,0.5761272831050228,0.217,0.218,89.32,88.31,73.59,88.31,0.137,1283,6.3,12.4,68,57,57,70,75,75,57,49,49,125,141,144,2,68,17,133,133,62,43,59,65,171,188,188,28,25,40,2,Conference Finals,SERIES_INFERENCE,POROUND_FILTER_IGNORED,36.54675438596491,17.0,12.36842105263158,0.6046511627906976,81.33777444947948,0.0,100.0,81.62406999669011,61.616313279626304,76.95075689199616,61.616313279626304,4,2,202331,Paul George,0.241,0.239,Paul George,Roy Hibbert,AMBIGUOUS_SECONDARY,Model proposal retained.,MODEL_PROPOSAL,18.88152766952455,0.0,2.338269680436477,0.1852064220183486,0.1663128096249115,0.0783132530120482,0.1514478371501272,0.2168396770472895,0.4352941176470588,11.920664119405052,6.295923339780513,81.35593220338984,15.194074768349116,4.913479990604506,83.89830508474576,0.5332962200794799,0.0780630158006757,73.72881355932203,0.1893050847457627,0.0570177653662935,66.94915254237289,0.1329322033898304,0.0847720501602114,23.728813559322035,3.2611947927352656,2.6966355415351204,8.47457627118644,29.59470782339899,8.376584142700228,75.42372881355932,2.011729692027309,0.8791862683305296,65.2542372881356,59,50936,0.5363499358322769,0.2486089472512797,0.3050300467393723,90.8864406779661,103.86779661016948,0.0397773472727459,ALL_PLAYOFF_ROTATION_PLAYERS,7,7,1.0,39.57142857142857,22.142857142857142,0.6139100126742713,1.0,10.428571428571429,0.2421875,0.2103174603174603,7,1.0,40.285714285714285,COMPLETE,True,Both stars played at least half of terminal-series games at 15+ MPG,0.5289863601292061,108.9115573725384,0.3440890919474585,86.02227298686464,163.97772701313534,HIGH,4.055909090909091,7.03,3,COMPLETE,7.080605564648118,-13.172222222222224,-13.890425531914891,-11.246857142857143,20.25282778687034,22.89639617592809,1222.0,270.0,94.0,175.0,COMPLETE,CONTEXTUAL_NOT_CAUSAL,LOW,COMPLETE,NORMALIZED_NAME,2.9,1.8,1.0,21.2,0.187,1.9,0.8,2.7,0.9,15.9,13.3,72.03389830508475,78.8135593220339,51.69491525423729,84.7457627118644,96.61016949152544,82.20338983050848,25.0,70.45454545454545,C,BIG,,,,,,,,,NOT_MODELED,779.5166666666667,104,9,0.3390459688894481,,,,,,0.0,1.9182349933874656,,,12.18338441746093,0.5106382978723404,5.33995146807862,0.5,PARTIAL,32.309322033898304,0.6666666666666666,PARTIAL,45.86864406779661,0.6666666666666666,PARTIAL,70.0,69.59745762711864,POSITION_GROUP_NEARBY_ERA_PERCENTILE,52.083333333333336,1.0,52.083333333333336,Defensive Anchor,4.80297620320284,0.4156421714310149,,28.75,53.125,37.5,28.75,46.875,62.5,9.288930084745765,21.50092690677966,43.75,24.846618997175145,56.07456476723675,0.4524886877828054,41.53966716965678,1.0,48.26301645270814,0.6666666666666666,48.26301645270814,PARTIAL,72.03389830508475,73.90402788182686,73.90402788182686,COMPLETE,81.57894736842105,74.67151983048629,74.67151983048629,COMPLETE,73.90402788182686,73.90402788182686,OBSERVED_PRODUCTION_GEOMEAN_FIT_DESCRIPTIVE_ONLY,51.55108344228333,90.48371400026537,82.5410177968788,65.21018378121784,71.39903032885546,1.0,COMPLETE,76.37931931604874,68.75,68.75,72.04663785101361,65.21018378121784,48.842010968472096,COVERAGE_SHRUNK,41.92627457812106,BASKETBALL_REFERENCE_SRS,71.8663923678422,0.0,-0.0807372542187894,0.4375,0.3567627457812106,72.2231551136234,1.0,CORE_GEOMEAN_RATE43_RUN22_RESPONSIBILITY15_FIT20_PLUS_BOUNDED_CONTEXT,0.0,0.0,0.0,71.4475875821113,75.10032589615103,20000,20260910
2023-24,1627759,Jaylen Brown,Jaylen,1610612738,BOS,27.0,19,16,3,0.842,706.8783333333333,175,339,0.516,36,110,0.327,68,103,0.66,22,91,113,62,51,23,12,16,51,94,454,88,736.6,0,0,735.0,,9,1,53,10,6,3,5,41,10,8,98,5,4,121,18,11,13,17,3,3,15,208,204,4,4,8,5,46,6,5,,1,115.2,116.1,116.1,107.4,109.9,109.9,7.8,6.2,6.2,0.153,1.22,12.4,0.033,0.133,0.083,10.2,10.3,0.569,0.5906536219816819,0.28,0.284,95.22,93.78,78.15,93.78,0.121,1382,9.2,17.8,42,40,40,82,102,102,52,60,60,77,113,141,96,94,105,144,144,56,63,18,23,97,151,151,53,15,19,4,Champion,SERIES_INFERENCE,POROUND_FILTER_IGNORED,37.20412280701754,23.894736842105264,17.842105263157894,1.2156862745098038,94.23305853518796,27.580645161290324,65.0,85.10319130918677,66.47257652792162,81.26471212946055,66.47257652792162,2,2,1628369,Jayson Tatum,0.28,0.251,Jayson Tatum,Jaylen Brown,CLEAR,Model proposal retained.,MODEL_PROPOSAL,24.638205499276413,5.969609261939218,1.899421128798842,0.2196419932268989,0.2128060263653484,0.1371681415929203,0.154171937477281,0.1381418092909535,0.1176470588235294,13.768335238625886,7.475553109479136,87.06896551724138,16.569666732029205,5.677875912233556,88.79310344827587,0.5724858009192877,0.0495633117871568,66.37931034482759,0.1888793103448275,0.0632815486498582,86.20689655172413,0.1500862068965517,0.0919102419122645,59.48275862068966,5.194435638691659,2.350459658240146,54.310344827586206,30.120455154798655,8.404579449086352,78.44827586206897,1.8086614774837555,0.6417618204829968,54.310344827586206,58,50676,0.5757706146225975,0.3898432467253597,0.233841528881254,94.67827586206896,112.92586206896551,0.0148830073590844,ALL_PLAYOFF_ROTATION_PLAYERS,5,5,1.0,38.2,20.8,0.5349794238683128,5.0,5.4,0.2047244094488189,0.2014388489208633,5,1.0,40.2,COMPLETE,True,Both stars played at least half of terminal-series games at 15+ MPG,0.5657395866811947,104.4037991837624,0.3437403619836052,87.74653031409788,162.25346968590213,HIGH,2.0629310344827587,2.75,4,COMPLETE,6.008702791461412,19.452727272727273,4.953488372093024,5.34022988505747,-13.44402448126586,-13.057282968301417,1218.0,330.0,215.0,87.0,COMPLETE,CONTEXTUAL_NOT_CAUSAL,LOW,COMPLETE,NORMALIZED_NAME,1.8,1.0,0.8,19.1,0.133,0.9,1.1,2.0,0.7,15.0,11.7,52.58620689655172,56.896551724137936,43.103448275862064,78.44827586206897,87.06896551724138,96.55172413793105,10.0,80.0,SF,WING,,,59.0,0.356,0.652,0.007,76.0,77.0,COMPLETE,768.4483333333334,138,13,0.3266663152425203,,,40.0,-0.04,125.0,5.602095598723968,0.6111377016789783,3.0047603665883096,3.870538777300195,11.662544473707168,0.6069868995633187,5.2455986060778965,0.6666666666666666,PARTIAL,61.422413793103445,1.0,COMPLETE,37.80172413793104,1.0,COMPLETE,50.0,47.701149425287355,POSITION_GROUP_NEARBY_ERA_PERCENTILE,66.66666666666667,1.0,66.66666666666667,Pressure Valve,6.464975958045324,0.6090194743086176,1.8739060747957463,30.0,37.5,50.0,30.0,62.5,50.0,18.426724137931032,23.626077586206897,25.0,22.350933908045977,59.714660213752765,0.3508771929824561,46.46318018021272,1.0,52.67383617045349,0.9444444444444444,52.67383617045349,PARTIAL,52.58620689655172,71.89628611694435,71.89628611694435,COMPLETE,31.57894736842105,67.86455224209203,67.86455224209203,COMPLETE,71.89628611694435,71.89628611694435,OBSERVED_PRODUCTION_GEOMEAN_FIT_DESCRIPTIVE_ONLY,81.5749997209007,82.64629589958356,52.66082413263152,60.914152035412855,68.91893492586944,1.0,COMPLETE,67.67494929792518,87.5,87.5,77.8293422889971,60.914152035412855,52.525289716539405,COVERAGE_SHRUNK,15.30931089239486,BASKETBALL_REFERENCE_SRS,68.64649313091594,3.5,-0.3469068910760514,0.0,3.1530931089239487,71.7995862398399,1.0,CORE_GEOMEAN_RATE43_RUN22_RESPONSIBILITY15_FIT20_PLUS_BOUNDED_CONTEXT,0.0,0.0,0.0,71.13544456119928,73.73858444857169,20000,20260910
1999-00,977,Kobe Bryant,Kobe,1610612747,LAL,21.0,22,15,7,0.682,857.675,174,394,0.442,22,64,0.344,95,126,0.754,26,72,98,97,55,32,32,19,89,4,465,47,865.1,2,0,810.0,949.0,14,1,155,8,4,2,2,70,6,7,46,4,4,77,14,12,12,3,2,1,3,180,181,19,4,12,2,18,5,2,2.0,1,108.0,109.5,109.5,106.0,107.1,107.1,2.0,2.4,2.4,0.197,1.76,16.1,0.03,0.085,0.057,9.1,9.1,0.47,0.517310430758277,0.263,0.265,92.46,91.36,76.14,91.36,0.113,1636,7.9,17.9,26,20,20,134,146,146,57,56,56,45,49,66,96,110,104,69,68,75,77,21,21,66,91,91,49,9,10,4,Champion,SERIES_INFERENCE,POROUND_FILTER_IGNORED,38.98522727272727,21.136363636363637,17.90909090909091,1.7636363636363637,70.86839952264535,59.47384015285123,37.68115942028986,84.01501852329315,59.81055263615063,63.74882651522723,59.81055263615063,2,2,406,Shaquille O'Neal,0.312,0.141,Shaquille O'Neal,Kobe Bryant,CLEAR,Model proposal retained.,MODEL_PROPOSAL,21.31723716381418,2.93398533007335,2.93398533007335,0.2026143790849673,0.2130881557598702,0.1932270916334661,0.1546823571847242,0.0982948846539618,0.2285714285714285,11.359791514470952,6.6089270496150965,90.67796610169492,14.777908400516038,5.13035013835119,88.98305084745762,0.516551351120051,0.0521744556986767,43.22033898305085,0.1887118644067796,0.0545993266387539,92.3728813559322,0.134135593220339,0.0976129432976199,75.42372881355932,2.2474373835189745,2.0017564238505776,61.86440677966102,29.28887382778286,8.953824667411578,85.59322033898306,1.9782163798642471,0.8362818979335862,90.67796610169492,59,47354,0.5255272620224152,0.1867199806131103,0.3465406518841633,89.25508474576272,101.77796610169491,-0.0082168312641381,ALL_PLAYOFF_ROTATION_PLAYERS,6,5,0.8333333333333334,34.4,15.6,0.4112188949810206,4.2,4.6,0.1240063593004769,0.17578125,6,1.0,45.0,COMPLETE,True,Both stars played at least half of terminal-series games at 15+ MPG,0.5174294393913443,99.97700002666888,0.350153670009917,87.94825238311394,162.05174761688608,HIGH,4.7370743405275775,6.36,3,COMPLETE,,,,,,,0.0,0.0,0.0,0.0,NOT_MODELED,NOT_MODELED,NOT_MODELED,COMPLETE,NORMALIZED_NAME,4.2,3.2,1.1,19.3,0.115,1.5,0.5,2.1,1.4,9.9,10.9,83.05084745762711,87.28813559322035,65.2542372881356,96.61016949152544,91.52542372881356,68.64406779661016,17.5,45.0,SG,GUARD,,,,,,,,,NOT_MODELED,1000.205,0,55,0.3517930095324557,,,,,,2.686332235403854,1.343166117701927,,,13.85140058880112,0.4606060606060606,5.2887165884513365,0.5,PARTIAL,80.93220338983052,0.6666666666666666,PARTIAL,24.007768361581917,0.6666666666666666,PARTIAL,83.33333333333334,74.29378531073448,POSITION_GROUP_NEARBY_ERA_PERCENTILE,69.44444444444444,1.0,69.44444444444444,Defensive Anchor,0.0,1.9795941831924455,,55.0,31.25,75.0,55.0,68.75,25.0,44.51271186440678,16.505340748587567,20.833333333333336,27.283795315442564,76.02628622070297,0.1680672268907563,56.65129855836783,1.0,65.62764538647544,0.6666666666666666,65.62764538647544,PARTIAL,83.05084745762711,73.70059684510193,73.70059684510193,COMPLETE,,73.70059684510193,73.70059684510193,COMPLETE,73.70059684510193,73.70059684510193,OBSERVED_PRODUCTION_GEOMEAN_FIT_DESCRIPTIVE_ONLY,70.24239973510966,94.03343394359456,18.444698661672025,74.05786140269998,58.15125265484208,1.0,COMPLETE,68.35650396252213,75.0,75.0,48.695052068104964,74.05786140269998,60.418430257650286,COVERAGE_SHRUNK,57.73502691896257,BASKETBALL_REFERENCE_SRS,67.9882793742931,3.5,0.07735026918962568,-0.25,3.3273502691896257,71.31562964348272,1.0,CORE_GEOMEAN_RATE43_RUN22_RESPONSIBILITY15_FIT20_PLUS_BOUNDED_CONTEXT,0.0,0.0,0.0,69.38520980740485,72.91684636587337,20000,20260910
2007-08,2200,Pau Gasol,Pau,1610612747,LAL,27.0,21,14,7,0.667,835.515,141,266,0.53,0,0,0.0,72,104,0.692,55,140,195,83,44,11,40,23,60,100,354,82,821.5,10,0,734.0,868.0,9,8,166,15,5,5,9,28,109,141,109,9,7,106,4,4,4,9,10,29,1,198,192,5,8,8,5,3,4,5,5.0,1,109.4,111.4,111.4,105.0,105.8,105.8,4.3,5.6,5.6,0.161,1.89,18.8,0.069,0.164,0.118,10.0,10.0,0.53,0.5677444187836798,0.195,0.194,95.78,94.56,78.8,94.56,0.131,1641,6.7,12.7,26,16,16,97,118,118,50,42,42,56,49,52,46,45,38,114,115,45,51,75,79,35,57,57,27,19,29,3,Finals,SERIES_INFERENCE,POROUND_FILTER_IGNORED,39.78642857142857,16.857142857142858,12.666666666666666,1.8863636363636365,41.69879764054476,51.89056785786275,65.71428571428571,94.6168798288169,53.406104833589005,50.16697638643836,53.406104833589005,2,2,977,Kobe Bryant,0.325,0.264,Kobe Bryant,Pau Gasol,CLEAR,Model proposal retained.,MODEL_PROPOSAL,16.179159049360145,0.0,2.330895795246801,0.1645746164574616,0.1611144760751059,0.1903669724770642,0.1649585389930898,0.2346570397111913,0.3603603603603603,12.510899590605474,6.472534867164353,74.10714285714286,15.633217362380126,4.759119740800918,63.39285714285714,0.547154698718597,0.0487784785327653,66.96428571428571,0.1898392857142857,0.0579956207662373,59.82142857142857,0.1420535714285714,0.1042052267065293,66.96428571428571,2.9261559431791615,2.5216636334216225,9.821428571428571,30.460398625493323,8.262586480898168,84.82142857142857,1.9007938846506889,0.9556108649004246,70.53571428571429,56,50491,0.5471916447192039,0.222561320221544,0.3335593986662145,90.04160714285715,106.54642857142858,0.0205527740644758,ALL_PLAYOFF_ROTATION_PLAYERS,6,6,1.0,38.666666666666664,14.666666666666666,0.5717255717255717,3.3333333333333335,10.166666666666666,0.1563055062166962,0.1380846325167037,6,1.0,42.833333333333336,COMPLETE,True,Both stars played at least half of terminal-series games at 15+ MPG,0.5320488069584092,106.70908596324716,0.3496851176665562,87.42127941663905,162.57872058336096,HIGH,6.756858237547893,9.3,4,COMPLETE,4.583181818181818,-1.6285714285714277,10.769655172413792,-23.32974683544304,6.211753246753245,-27.887648761103584,1540.0,196.0,145.0,158.0,COMPLETE,CONTEXTUAL_NOT_CAUSAL,LOW,COMPLETE,NORMALIZED_NAME,4.2,3.3,0.9,18.9,0.146,1.6,0.9,2.5,1.3,18.7,12.4,84.82142857142857,87.5,55.35714285714286,90.17857142857144,91.07142857142856,82.14285714285714,27.27272727272727,68.18181818181817,C,BIG,,,,,,,,,NOT_MODELED,862.9783333333334,106,8,0.3354530320692108,,,,,,0.0,1.723487908655141,,,11.461194592556687,0.5300751879699248,4.481068562503366,0.5,PARTIAL,63.095238095238095,0.6666666666666666,PARTIAL,21.77353896103896,0.6666666666666666,PARTIAL,66.66666666666666,71.42857142857143,POSITION_GROUP_NEARBY_ERA_PERCENTILE,52.083333333333336,1.0,52.083333333333336,Defensive Anchor,4.42189548984428,0.3337279614976814,,73.75,40.625,31.25,73.75,59.375,68.75,46.532738095238095,12.928038758116882,45.83333333333333,35.0980367288961,61.07271856110865,0.3405572755417956,57.10683175476301,1.0,59.056493831544245,0.6666666666666666,59.056493831544245,PARTIAL,84.82142857142857,68.12577915702063,68.12577915702063,COMPLETE,15.789473684210526,62.89214860973962,62.89214860973962,COMPLETE,68.12577915702063,68.12577915702063,OBSERVED_PRODUCTION_GEOMEAN_FIT_DESCRIPTIVE_ONLY,39.85203857974531,90.6239004155671,23.26512147755249,68.45169081429812,52.31411175710861,1.0,COMPLETE,71.1425972904684,37.5,87.2765002735559,58.066875374893314,68.45169081429812,56.037662554362825,COVERAGE_SHRUNK,90.57110466368403,BASKETBALL_REFERENCE_SRS,69.38961118309183,1.5,0.40571104663684027,-0.375,1.5307110466368403,70.92032222972867,1.0,CORE_GEOMEAN_RATE43_RUN22_RESPONSIBILITY15_FIT20_PLUS_BOUNDED_CONTEXT,0.0,0.0,0.0,69.74875589235606,72.65869693729765,20000,20260910
2018-19,1627783,Pascal Siakam,Pascal,1610612761,TOR,25.0,24,16,8,0.667,891.2766666666666,180,383,0.47,29,104,0.279,66,87,0.759,40,131,171,66,33,24,17,28,67,59,455,97,849.2,6,0,803.0,881.0,1,1,191,20,3,3,3,63,15,9,111,8,8,101,7,5,5,12,13,7,9,211,207,12,3,10,4,6,7,4,5.0,1,108.2,109.0,109.0,102.1,103.8,103.8,6.2,5.2,5.2,0.126,2.0,12.6,0.045,0.143,0.095,6.3,6.3,0.508,0.5400208887200912,0.228,0.232,97.8,96.64,80.54,96.64,0.116,1796,7.5,16.0,71,67,67,70,86,86,57,65,65,91,64,115,70,84,81,66,66,83,93,44,48,157,176,176,60,18,22,4,Champion,SERIES_INFERENCE,POROUND_FILTER_IGNORED,37.13652777777778,18.958333333333332,15.958333333333334,2.0,57.43479427396072,36.70669200158231,48.29931972789115,91.352495161774,50.62838000012047,55.230774181899626,50.62838000012047,3,2,202695,Kawhi Leonard,0.31,0.188,Kawhi Leonard,Pascal Siakam,CLEAR,Model proposal retained.,MODEL_PROPOSAL,19.000556792873052,4.342984409799555,1.7121380846325167,0.1778733385457388,0.1882989183874139,0.121996303142329,0.1534039013195639,0.1683070866141732,0.1545454545454545,13.385667800525791,7.268751720992255,78.2258064516129,16.123365025369086,5.3011748805214145,78.2258064516129,0.5582918141827451,0.0573966531165552,34.67741935483871,0.1914193548387096,0.0597207340628288,78.2258064516129,0.1473225806451613,0.0859800753726245,50.806451612903224,4.974319680928566,2.4173470164623296,34.67741935483871,28.78044998507836,7.929425731693668,81.45161290322581,1.805668812730304,0.7783441383438016,49.193548387096776,62,55019,0.5645724004593624,0.3887009125397314,0.2921152465907926,98.87209677419354,108.9241935483871,-0.0245515117392711,ALL_PLAYOFF_ROTATION_PLAYERS,6,6,1.0,40.166666666666664,19.833333333333332,0.5600527108433735,3.6666666666666665,7.5,0.1778774289985052,0.191699604743083,6,1.0,40.5,COMPLETE,True,Both stars played at least half of terminal-series games at 15+ MPG,0.5505126440564706,98.0941844933714,0.3253891045495864,86.1877430105536,163.8122569894464,HIGH,4.672707275803722,8.04,4,COMPLETE,7.377928232904536,9.849358974358974,-4.794794520547945,-5.858260869565216,-2.471430741454438,-3.534897090471709,1477.0,468.0,365.0,115.0,COMPLETE,CONTEXTUAL_NOT_CAUSAL,LOW,COMPLETE,NORMALIZED_NAME,2.6,1.8,0.8,17.1,0.127,1.0,1.4,2.4,1.0,16.2,7.3,66.93548387096774,75.0,48.38709677419355,85.48387096774194,93.5483870967742,98.38709677419357,52.0,32.0,PF,BIG,,,96.0,0.292,0.627,-0.013,107.0,99.0,COMPLETE,939.4633333333334,145,17,0.3574373240773509,,,63.0,-0.125,124.0,4.200715827109427,0.686655471739041,3.877583840408702,4.321890322122199,11.26922803618779,0.5412186379928315,3.514060355370386,0.6666666666666666,PARTIAL,66.63306451612902,1.0,COMPLETE,35.27956989247312,1.0,COMPLETE,50.0,57.79569892473118,POSITION_GROUP_NEARBY_ERA_PERCENTILE,64.58333333333333,1.0,64.58333333333333,Pressure Valve,5.556363739581818,0.651435748778558,2.4141442454734796,42.5,54.166666666666664,59.375,42.5,45.833333333333336,40.625,28.319052419354833,16.169802867383513,20.3125,21.600451762246113,60.66474716417392,0.3150242326332794,56.18088583134711,1.0,58.37978446703956,0.9444444444444444,58.37978446703956,PARTIAL,66.93548387096774,61.390450301468746,61.390450301468746,COMPLETE,48.68421052631579,60.11982632395345,60.11982632395345,COMPLETE,61.390450301468746,61.390450301468746,OBSERVED_PRODUCTION_GEOMEAN_FIT_DESCRIPTIVE_ONLY,67.50539200893523,89.42526629438137,51.891846571158936,61.6394308789065,65.27869353776192,1.0,COMPLETE,56.62624221008776,50.0,84.31710977020026,76.8268135695179,61.6394308789065,57.91424088553737,COVERAGE_SHRUNK,81.24999999999997,BASKETBALL_REFERENCE_SRS,65.8419794999884,3.5,0.3124999999999997,0.125,3.9374999999999996,69.7794794999884,1.0,CORE_GEOMEAN_RATE43_RUN22_RESPONSIBILITY15_FIT20_PLUS_BOUNDED_CONTEXT,0.0,0.0,0.0,68.20895814455069,71.11662124758554,20000,20260910
2021-22,1627759,Jaylen Brown,Jaylen,1610612738,BOS,25.0,24,14,10,0.583,919.8116666666666,197,419,0.47,60,161,0.373,100,131,0.763,33,133,166,85,74,27,10,24,71,123,554,73,917.7,2,0,939.0,1001.0,1,7,213,39,2,3,3,91,4,4,76,5,5,105,9,5,4,9,2,4,18,214,213,2,3,13,3,24,3,3,3.0,1,108.6,110.7,110.7,104.8,106.3,106.3,3.9,4.4,4.4,0.167,1.15,13.4,0.037,0.138,0.089,11.7,11.6,0.542,0.5811513930849278,0.265,0.269,97.56,95.94,79.95,95.94,0.126,1835,8.2,17.5,104,89,89,66,79,79,63,64,64,69,120,135,87,95,98,144,145,89,89,23,27,123,149,149,45,12,18,3,Finals,SERIES_INFERENCE,POROUND_FILTER_IGNORED,38.32548611111111,23.083333333333332,17.458333333333332,1.148648648648649,86.10099270972724,45.09584226917448,88.09523809523809,85.18502697475138,74.25221063719033,82.35352845602533,74.25221063719033,2,2,1628369,Jayson Tatum,0.288,0.263,Jayson Tatum,Jaylen Brown,CLEAR,Model proposal retained.,MODEL_PROPOSAL,22.643051771117168,6.5803814713896465,1.5122615803814714,0.2187129885511251,0.2135575942915392,0.1445578231292517,0.1596895254629629,0.1611650485436893,0.0666666666666666,13.56653879656336,7.199313249338581,85.83333333333333,16.300144789246772,5.824806076018429,82.5,0.5783376102207521,0.0696937130809069,50.83333333333333,0.1898833333333333,0.0690965729171055,84.16666666666667,0.1514833333333333,0.095581987784775,65.83333333333333,5.4377116621519095,2.61427005331089,62.5,29.383935946086684,7.520510574473456,85.83333333333333,1.888596749502386,0.8029924971853363,35.833333333333336,60,55031,0.5739352069464334,0.4211062442701436,0.2687175308138942,97.45266666666669,110.17833333333331,0.0072161861384943,ALL_PLAYOFF_ROTATION_PLAYERS,6,6,1.0,39.0,23.5,0.5438136377661216,3.6666666666666665,7.333333333333333,0.2330578512396694,0.2348178137651821,6,1.0,40.666666666666664,COMPLETE,True,Both stars played at least half of terminal-series games at 15+ MPG,0.5673856332656823,102.42617348980347,0.3618175105651586,88.7069968422802,161.2930031577198,HIGH,4.360940919037199,5.52,3,COMPLETE,5.8871779141104295,3.016585365853659,-3.2241379310344844,1.9341176470588248,2.8705925482567705,8.028848126350079,1630.0,410.0,261.0,85.0,COMPLETE,CONTEXTUAL_NOT_CAUSAL,LOW,COMPLETE,NORMALIZED_NAME,2.6,1.8,0.8,17.2,0.115,0.9,1.3,2.2,1.1,15.7,13.4,66.66666666666666,69.16666666666667,40.0,90.0,93.33333333333331,96.66666666666669,36.36363636363637,63.63636363636363,SF,WING,,,114.0,0.342,0.625,-0.038,89.0,88.0,COMPLETE,983.055,196,21,0.3715403516643054,,,78.0,-0.062,102.0,6.301289937976434,0.391384468197294,4.461782937449152,3.4833217669559167,10.097719279490184,0.5310077519379846,5.127136533384552,0.6666666666666666,PARTIAL,56.25,1.0,COMPLETE,74.81060606060606,1.0,COMPLETE,28.57142857142857,42.5,POSITION_GROUP_NEARBY_ERA_PERCENTILE,47.916666666666664,1.0,74.81060606060606,Gravity Engine,7.177624853136397,0.7690312342646138,2.8564017272685662,43.75,66.66666666666667,65.625,43.75,33.33333333333333,34.375,24.609375,24.936868686868685,9.821428571428571,19.78922408609909,53.2644536149209,0.308411214953271,60.11458880311362,1.0,56.58595874316781,0.9444444444444444,56.58595874316781,PARTIAL,66.66666666666666,69.64867383734223,69.64867383734223,COMPLETE,67.10526315789474,69.39433276939748,69.39433276939748,COMPLETE,69.64867383734223,69.64867383734223,OBSERVED_PRODUCTION_GEOMEAN_FIT_DESCRIPTIVE_ONLY,75.87291487053916,91.6515138991168,57.95227732287129,51.74574547774231,67.98559201299565,1.0,COMPLETE,65.38885903903318,75.0,75.0,65.12181299435096,51.74574547774231,56.22007214632515,COVERAGE_SHRUNK,39.52847075210474,BASKETBALL_REFERENCE_SRS,68.29274827456814,1.5,-0.10471529247895262,0.0625,1.4577847075210473,69.75053298208918,1.0,CORE_GEOMEAN_RATE43_RUN22_RESPONSIBILITY15_FIT20_PLUS_BOUNDED_CONTEXT,0.0,0.0,0.0,68.5638135321795,71.21902888859178,20000,20260910
2011-12,708,Kevin Garnett,Kevin,1610612738,BOS,36.0,20,11,9,0.55,737.0016666666667,159,320,0.497,1,4,0.25,65,80,0.813,31,175,206,30,44,23,29,8,59,95,384,138,788.2,13,0,725.0,806.0,7,17,199,46,9,5,5,54,93,98,86,9,9,50,13,1,2,28,7,11,5,165,197,6,5,3,6,2,4,6,6.0,1,100.4,100.8,100.8,90.8,90.7,90.7,9.6,10.1,10.1,0.083,0.68,7.0,0.046,0.234,0.145,10.3,10.3,0.498,0.5405405405405406,0.261,0.266,89.95,89.88,74.9,89.88,0.173,1379,8.0,16.0,94,86,86,23,28,28,31,34,34,105,120,133,75,8,19,103,102,80,64,21,21,145,142,142,12,11,15,2,Conference Finals,SERIES_INFERENCE,POROUND_FILTER_IGNORED,36.85008333333333,19.2,16.0,0.6818181818181818,100.0,15.037324616450933,100.0,74.75968347698877,73.24918155878473,90.24171663549453,73.24918155878473,2,2,1718,Paul Pierce,0.258,0.148,Rajon Rondo,Kevin Garnett,OWNER_REVIEWED,Owner-reviewed: Pierce was the first option; Garnett was the second.,OWNER_REVIEWED,20.88469905728789,0.2175489485134155,2.8281363306744014,0.2145251396648044,0.2073882047958522,0.0757575757575757,0.151179829059829,0.2584692597239649,0.2959183673469387,11.301468030524047,6.561468148503979,89.68253968253968,14.859433775461552,5.23466572839926,88.09523809523809,0.5307735084594167,0.0677485590486187,62.698412698412696,0.188095238095238,0.0602973358240892,88.09523809523809,0.1275238095238095,0.0989349404860567,37.301587301587304,2.9199661241784467,2.4924050547467935,27.77777777777778,28.43894406317523,8.087283779712537,76.98412698412699,2.2188046997147484,0.9820508774409146,75.39682539682539,63,51267,0.533538372556529,0.2240958508986021,0.3079653871755047,91.0573015873016,103.14920634920637,0.0070021679840115,ALL_PLAYOFF_ROTATION_PLAYERS,7,7,1.0,36.42857142857143,19.142857142857142,0.5239286831404442,1.2857142857142858,9.428571428571429,0.2077519379844961,0.2093862815884476,7,1.0,40.0,COMPLETE,True,Both stars played at least half of terminal-series games at 15+ MPG,0.5200966603863213,103.9307847389433,0.331911012799565,83.30539725108952,166.69460274891048,HIGH,4.188833693304535,5.72,3,COMPLETE,7.312840809146878,-24.27421052631579,23.762181818181816,-22.722727272727273,31.587051335462668,-14.897857755446417,1137.0,380.0,275.0,88.0,COMPLETE,CONTEXTUAL_NOT_CAUSAL,LOW,COMPLETE,NORMALIZED_NAME,3.9,2.1,1.9,20.5,0.149,0.7,1.6,2.3,1.1,27.3,11.0,80.95238095238095,71.42857142857143,77.77777777777779,93.65079365079364,92.06349206349206,99.20634920634922,78.26086956521739,65.21739130434783,C,BIG,,,,,,,,,NOT_MODELED,777.5816666666667,87,18,0.3273157188459629,,,,,,0.1953862609989575,1.4165503922424418,,,15.435514618917642,0.5,3.9077252199791497,0.5,PARTIAL,45.96560846560846,0.6666666666666666,PARTIAL,51.509661835748794,0.6666666666666666,PARTIAL,57.14285714285714,73.26388888888889,POSITION_GROUP_NEARBY_ERA_PERCENTILE,47.916666666666664,1.0,51.509661835748794,Defensive Anchor,4.027872742198568,0.8333529811445314,,21.25,43.75,62.5,21.25,56.25,37.5,9.7676917989418,28.974184782608695,21.428571428571427,20.05681600337397,52.32212870445385,0.3260869565217391,39.36242648693856,1.0,45.382000228826435,0.6666666666666666,45.382000228826435,PARTIAL,80.95238095238095,79.22235714194292,79.22235714194292,COMPLETE,27.631578947368425,74.06327932248547,74.06327932248547,COMPLETE,79.22235714194292,79.22235714194292,OBSERVED_PRODUCTION_GEOMEAN_FIT_DESCRIPTIVE_ONLY,71.66551432049619,92.8537511251408,45.46419703205163,83.48004725125874,72.4839628853304,1.0,COMPLETE,76.46796549186391,56.25,80.28270361665702,60.46092885766243,83.48004725125874,46.92133348588429,COVERAGE_SHRUNK,27.950849718747378,BASKETBALL_REFERENCE_SRS,69.87267521670105,0.0,-0.22049150281252622,0.0,-0.22049150281252622,69.65218371388853,1.0,CORE_GEOMEAN_RATE43_RUN22_RESPONSIBILITY15_FIT20_PLUS_BOUNDED_CONTEXT,0.0,0.0,0.0,68.60346521118964,72.65183662477389,20000,20260910
2023-24,202681,Kyrie Irving,Kyrie,1610612742,DAL,32.0,22,13,9,0.591,879.2933333333333,186,398,0.467,53,136,0.39,62,73,0.849,22,59,81,113,51,23,7,29,62,59,487,113,792.7,0,0,794.0,,1,8,200,48,2,2,2,74,3,5,53,9,9,62,18,24,21,4,3,3,35,214,212,11,2,4,3,46,6,3,,1,115.0,116.6,116.6,109.4,110.9,110.9,5.6,5.7,5.7,0.204,2.22,19.2,0.026,0.067,0.047,8.6,8.6,0.534,0.5661210824886078,0.24,0.246,94.52,93.27,77.72,93.27,0.108,1715,8.5,18.1,43,37,37,95,116,116,63,62,62,46,57,72,117,187,182,113,113,82,84,41,41,119,165,165,64,18,18,3,Finals,SERIES_INFERENCE,POROUND_FILTER_IGNORED,39.96787878787879,22.136363636363637,18.09090909090909,2.215686274509804,71.10765067483604,52.16496094047176,45.669291338582674,96.19053132859888,60.31939795315156,65.37985386683708,60.31939795315156,2,2,1629029,Luka Dončić,0.324,0.35,Luka Dončić,Kyrie Irving,CLEAR,Model proposal retained.,MODEL_PROPOSAL,21.29737609329446,5.947521865889213,1.3119533527696794,0.2089232089232089,0.2178434592227695,0.243010752688172,0.1665328282828282,0.0854430379746835,0.0603448275862069,13.768335238625886,7.475553109479136,85.34482758620689,16.569666732029205,5.677875912233556,80.17241379310344,0.5724858009192877,0.0495633117871568,45.689655172413794,0.1888793103448275,0.0632815486498582,78.44827586206897,0.1500862068965517,0.0919102419122645,73.27586206896551,5.194435638691659,2.350459658240146,52.58620689655172,30.120455154798655,8.404579449086352,90.51724137931036,1.8086614774837555,0.6417618204829968,23.275862068965516,58,50676,0.5757706146225975,0.3898432467253597,0.233841528881254,94.67827586206896,112.92586206896551,-0.0096495321339896,ALL_PLAYOFF_ROTATION_PLAYERS,5,5,1.0,38.8,19.8,0.4807692307692308,5.0,3.0,0.1995967741935483,0.2362768496420047,5,1.0,38.8,COMPLETE,True,Both stars played at least half of terminal-series games at 15+ MPG,0.5657395866811947,100.06743311169916,0.3646283168759012,87.74653031409788,162.25346968590213,HIGH,7.156341463414634,10.75,4,COMPLETE,7.190231362467866,-17.052203389830506,-11.42563025210084,-10.035869565217396,24.242434752298372,25.632195439181817,1556.0,295.0,238.0,92.0,COMPLETE,CONTEXTUAL_NOT_CAUSAL,LOW,COMPLETE,NORMALIZED_NAME,2.4,2.6,-0.2,16.6,0.116,1.4,0.7,2.1,1.0,7.6,10.6,66.37931034482759,81.03448275862068,18.103448275862068,87.93103448275862,89.65517241379311,76.72413793103449,29.629629629629623,57.407407407407405,SG,GUARD,,,50.0,0.38,0.658,0.032,70.0,82.0,COMPLETE,899.455,211,8,0.3378449681433793,,,42.0,-0.034,106.0,5.568107722868364,0.2865937798535187,2.047098427525134,2.8659377985351875,10.7267957602317,0.5076335877862596,2.9887637041866957,0.6666666666666666,PARTIAL,59.80603448275862,1.0,COMPLETE,47.03597275436356,1.0,COMPLETE,25.0,18.534482758620687,POSITION_GROUP_NEARBY_ERA_PERCENTILE,14.583333333333334,1.0,47.03597275436356,Pressure Valve,8.445113985691336,0.3201938951920885,1.6810179497584647,88.75,52.083333333333336,28.125,88.75,47.916666666666664,71.875,53.07785560344828,22.53807027813254,17.96875,31.19489196052694,44.87576865450429,0.3446553446553447,61.17495326844667,1.0,52.3953533276084,0.9444444444444444,52.3953533276084,PARTIAL,66.37931034482759,66.08680324905117,66.08680324905117,COMPLETE,84.21052631578947,67.89917555572501,67.89917555572501,COMPLETE,66.08680324905117,66.08680324905117,OBSERVED_PRODUCTION_GEOMEAN_FIT_DESCRIPTIVE_ONLY,82.12621311591403,88.78891854885332,33.88507513536917,31.85662030755316,55.364667009173495,1.0,COMPLETE,62.41541443479554,87.5,87.5,80.14644064777251,31.85662030755316,52.262278142741266,COVERAGE_SHRUNK,81.00925873009825,BASKETBALL_REFERENCE_SRS,67.58257439102458,1.5,0.31009258730098255,-0.1875,1.6225925873009825,69.20516697832556,1.0,CORE_GEOMEAN_RATE43_RUN22_RESPONSIBILITY15_FIT20_PLUS_BOUNDED_CONTEXT,0.0,0.0,0.0,68.08558791531014,71.15472591747915,20000,20260910
2003-04,84,Latrell Sprewell,Latrell,1610612750,MIN,33.0,18,10,8,0.556,770.7,130,309,0.421,37,96,0.385,60,77,0.779,11,68,79,72,47,29,12,9,35,0,357,18,635.8,0,0,627.0,703.0,19,19,175,73,10,5,4,84,1,3,26,9,11,61,55,19,22,10,7,4,12,162,151,18,6,36,8,53,5,8,8.0,1,101.3,103.0,103.0,100.2,101.4,101.4,1.1,1.6,1.6,0.172,1.53,15.6,0.015,0.086,0.052,10.2,10.2,0.481,0.5205902939804014,0.236,0.237,92.29,90.96,75.8,90.96,0.111,1458,7.2,17.2,21,12,12,117,130,130,59,58,58,54,53,73,140,120,131,74,74,61,61,36,37,82,118,118,53,10,8,2,Conference Finals,SERIES_INFERENCE,POROUND_FILTER_IGNORED,42.81666666666667,19.833333333333332,17.166666666666668,1.5319148936170213,77.49289914031019,52.24338031019059,39.568345323741006,97.09159842873618,61.41684000155332,68.3629714584057,61.41684000155332,3,2,708,Kevin Garnett,0.303,0.235,Kevin Garnett,Latrell Sprewell,AMBIGUOUS_SECONDARY,Model proposal retained.,MODEL_PROPOSAL,18.364197530864196,4.938271604938272,2.109053497942387,0.2157099697885196,0.2227829848594087,0.207492795389049,0.1773762945914844,0.1044973544973544,0.1290322580645161,11.845539014125972,6.196392225523099,88.18181818181819,14.264077046947618,4.6101561318273445,71.81818181818181,0.5077188874125962,0.0552309482808586,60.909090909090914,0.1881636363636363,0.0574553624798064,73.63636363636363,0.1496181818181818,0.0838911612874012,68.18181818181817,2.755961765964016,2.1109070312447846,82.72727272727273,31.4002387012965,8.733675427794237,91.81818181818184,2.096036745806613,0.6985168514507067,53.63636363636364,55,48963,0.5097786303755767,0.2078199052132701,0.3494075829383886,90.002,98.17636363636365,0.0108116636048246,ALL_PLAYOFF_ROTATION_PLAYERS,6,6,1.0,43.5,20.833333333333332,0.5138112463005591,5.0,4.0,0.2319109461966604,0.2363238512035011,6,1.0,44.166666666666664,COMPLETE,True,Both stars played at least half of terminal-series games at 15+ MPG,0.5000360211582743,104.1105584302738,0.3411148584671711,81.0257410296412,168.97425897035882,HIGH,4.111774580335731,5.41,3,COMPLETE,,,,,,,0.0,0.0,0.0,0.0,NOT_MODELED,NOT_MODELED,NOT_MODELED,COMPLETE,NORMALIZED_NAME,3.1,2.0,1.0,17.7,0.102,1.3,0.4,1.6,1.0,9.7,12.1,69.0909090909091,77.27272727272727,36.36363636363637,87.27272727272727,80.9090909090909,45.45454545454545,60.0,70.0,SF,WING,,,,,,,,,NOT_MODELED,783.1016666666667,16,41,0.3234050414648165,,,,,,4.484235110938108,0.5605293888672634,,,9.949396652393926,0.4366197183098591,3.596730245231607,0.5,PARTIAL,74.35606060606061,0.6666666666666666,PARTIAL,60.68181818181819,0.6666666666666666,PARTIAL,25.0,43.18181818181819,POSITION_GROUP_NEARBY_ERA_PERCENTILE,16.666666666666668,1.0,60.68181818181819,Pressure Valve,0.7355366799968501,1.8848127424919283,,61.25,34.375,68.75,61.25,65.625,31.25,45.54308712121212,39.82244318181819,7.8125,31.059343434343436,58.92681758294406,0.1976284584980237,56.57884166192798,1.0,57.74089609338173,0.6666666666666666,57.74089609338173,PARTIAL,69.0909090909091,68.6842944110466,68.6842944110466,COMPLETE,,68.6842944110466,68.6842944110466,COMPLETE,68.6842944110466,68.6842944110466,OBSERVED_PRODUCTION_GEOMEAN_FIT_DESCRIPTIVE_ONLY,69.90361364861053,84.03069096939157,59.876941267026375,44.58971028658197,64.04096273218836,1.0,COMPLETE,67.10874908620005,68.75,68.75,74.36971810052908,44.58971028658197,55.160597395587814,COVERAGE_SHRUNK,53.033008588991045,BASKETBALL_REFERENCE_SRS,68.85359011684768,0.0,0.03033008588991045,0.0625,0.09283008588991046,68.9464202027376,1.0,CORE_GEOMEAN_RATE43_RUN22_RESPONSIBILITY15_FIT20_PLUS_BOUNDED_CONTEXT,0.0,0.0,0.0,68.22040507787786,70.53736753539178,20000,20260910
2005-06,1890,Shawn Marion,Shawn,1610612756,PHX,28.0,20,10,10,0.5,849.0,163,333,0.489,22,70,0.314,59,67,0.881,57,176,233,31,22,37,23,14,65,66,407,46,891.1,12,0,813.0,882.0,15,17,190,74,4,4,4,64,13,10,70,16,21,37,3,2,2,37,36,2,9,185,182,16,5,17,3,2,3,3,4.0,1,112.1,113.5,113.5,108.9,110.2,110.2,3.2,3.3,3.3,0.058,1.41,7.5,0.074,0.218,0.148,5.3,5.3,0.523,0.561410284705363,0.212,0.213,94.58,93.48,77.9,93.48,0.139,1650,8.2,16.7,24,8,8,129,143,143,56,56,56,126,71,133,39,15,16,46,45,65,70,60,64,55,87,87,27,12,16,2,Conference Finals,SERIES_INFERENCE,POROUND_FILTER_IGNORED,42.45,20.35,16.65,1.4090909090909092,94.24242424242424,14.345740162116428,89.65517241379312,100.0,69.41448484905291,85.62318425654603,69.41448484905291,3,2,959,Steve Nash,0.231,0.397,Steve Nash,Shawn Marion,AMBIGUOUS_SECONDARY,Model proposal retained.,MODEL_PROPOSAL,18.5,3.181818181818182,2.727272727272727,0.1898320895522388,0.2004816375677302,0.0662393162393162,0.1732653061224489,0.3178717598908595,0.264367816091954,13.07956108672662,7.267484544029071,82.75862068965517,15.558360204087224,5.938044513997743,69.82758620689656,0.5547562988804241,0.0645415705193837,50.86206896551724,0.1879655172413793,0.0662539434134747,62.06896551724138,0.1227931034482758,0.0901152056939624,28.448275862068968,2.6329163822653885,2.1925520932293163,59.48275862068966,31.552796374742048,7.8889486411941325,93.96551724137932,1.789207957951289,0.7739849754004261,87.06896551724138,58,56388,0.5574795851281296,0.2189189189189189,0.3576923076923077,91.1403448275862,107.01551724137931,0.0039306995772334,ALL_PLAYOFF_ROTATION_PLAYERS,6,6,1.0,41.666666666666664,16.833333333333332,0.5823339483394834,0.6666666666666666,13.166666666666666,0.1663920922570016,0.1666666666666666,6,1.0,38.0,COMPLETE,True,Both stars played at least half of terminal-series games at 15+ MPG,0.5468698947918709,102.6588389765039,0.3414744947848761,87.27183833116037,162.72816166883962,HIGH,3.426061269146608,5.96,3,COMPLETE,,,,,,,0.0,0.0,0.0,0.0,NOT_MODELED,NOT_MODELED,NOT_MODELED,COMPLETE,NORMALIZED_NAME,3.5,3.0,0.5,20.9,0.154,1.7,1.0,2.7,1.2,24.4,5.7,75.86206896551724,82.75862068965517,41.37931034482759,89.65517241379311,95.6896551724138,85.34482758620689,70.83333333333334,41.66666666666667,PF,BIG,,,,,,,,,NOT_MODELED,797.5683333333334,87,5,0.3539223689351939,,,,,,2.9681978798586575,0.9752650176678446,,,11.151943462897526,0.5361216730038023,2.8409893992932864,0.5,PARTIAL,51.00574712643678,0.6666666666666666,PARTIAL,41.95402298850575,0.6666666666666666,PARTIAL,50.0,55.064655172413794,POSITION_GROUP_NEARBY_ERA_PERCENTILE,27.083333333333332,1.0,41.95402298850575,Pressure Valve,3.9269362499764906,0.2256859913779592,,53.75,71.875,43.75,53.75,28.125,56.25,27.415589080459768,11.799568965517242,28.125,22.446719348659,48.753055598897376,0.4072398190045249,53.636484612041585,1.0,51.136508645196606,0.6666666666666666,51.136508645196606,PARTIAL,75.86206896551724,63.94845561815357,63.94845561815357,COMPLETE,,63.94845561815357,63.94845561815357,COMPLETE,63.94845561815357,63.94845561815357,OBSERVED_PRODUCTION_GEOMEAN_FIT_DESCRIPTIVE_ONLY,57.64186372173531,92.6232828866434,47.5844261979915,67.49546795225395,64.26959139437554,1.0,COMPLETE,64.58751543343548,31.25,83.85254915624205,76.93659174844726,67.49546795225395,50.757672430131066,COVERAGE_SHRUNK,46.77071733467426,BASKETBALL_REFERENCE_SRS,68.40102461223951,0.0,-0.03229282665325741,0.125,0.09270717334674258,68.49373178558625,1.0,CORE_GEOMEAN_RATE43_RUN22_RESPONSIBILITY15_FIT20_PLUS_BOUNDED_CONTEXT,0.0,0.0,0.0,67.35433255679715,70.66537602115065,20000,20260910
2024-25,1631114,Jalen Williams,Jalen,1610612760,OKC,24.0,23,16,7,0.696,795.825,178,396,0.449,35,115,0.304,101,128,0.789,24,103,127,111,41,32,9,29,50,91,492,110,892.9,1,0,847.0,964.0,1,1,179,20,2,3,2,99,10,7,119,3,3,77,20,8,9,5,9,5,30,219,206,4,3,5,3,30,7,3,3.0,1,113.9,115.2,115.2,106.7,107.4,107.4,7.1,7.8,7.8,0.214,2.71,18.3,0.029,0.123,0.076,6.8,6.8,0.494,0.5438627520339583,0.259,0.263,101.92,101.03,84.19,101.03,0.133,1666,7.7,17.2,57,46,46,77,78,78,49,51,51,40,29,84,135,102,124,56,56,135,113,28,30,47,60,60,45,18,18,4,Champion,SERIES_INFERENCE,POROUND_FILTER_IGNORED,34.60108695652174,21.39130434782609,17.217391304347824,2.707317073170732,68.32191864739035,70.38954519299645,67.14285714285715,83.54675786920127,69.40868319602943,69.05411096213486,69.40868319602943,2,2,1628983,Shai Gilgeous-Alexander,0.322,0.308,Shai Gilgeous-Alexander,Jalen Williams,CLEAR,Model proposal retained.,MODEL_PROPOSAL,22.14885954381753,5.177070828331332,1.8457382953181272,0.1865049279757392,0.1916747337850919,0.2102272727272727,0.1435211902614968,0.1267465069860279,0.0692307692307692,13.72715568449264,6.943714589992584,80.83333333333333,16.784699530073528,5.809957129098887,79.16666666666666,0.5703948992329066,0.0659510839391149,30.833333333333336,0.1916666666666666,0.0619886190271156,84.16666666666667,0.1486166666666666,0.089453729504265,79.16666666666666,5.5435357494001005,2.5646123304140325,47.5,29.087042298881336,7.395436912104441,70.83333333333334,1.9982642026549495,0.7404899489176957,47.5,60,53903,0.5724285368838344,0.4030743835757763,0.2871144124626019,97.4225,112.74833333333332,-0.0285657848498761,ALL_PLAYOFF_ROTATION_PLAYERS,7,7,1.0,34.57142857142857,23.571428571428573,0.540912667191188,3.7142857142857144,5.0,0.2156862745098039,0.214527027027027,7,1.0,38.142857142857146,COMPLETE,True,Both stars played at least half of terminal-series games at 15+ MPG,0.5662606100269713,96.04460250343988,0.3382311675722558,88.45437616387338,161.54562383612665,HIGH,3.541655052264809,5.15,4,COMPLETE,7.6373959121877375,15.880539499036612,11.361363636363638,-3.9118644067796615,-8.243143586848873,-23.51637162999217,1321.0,519.0,396.0,177.0,COMPLETE,CONTEXTUAL_NOT_CAUSAL,LOW,COMPLETE,NORMALIZED_NAME,4.2,2.5,1.7,19.1,0.153,1.3,1.2,2.5,1.2,14.2,8.3,75.0,75.0,77.5,92.5,95.83333333333334,96.66666666666669,10.714285714285714,39.285714285714285,SG,GUARD,,,79.0,0.329,0.647,0.008,56.0,44.0,COMPLETE,850.9883333333333,113,20,0.3318302373660423,,,14.0,-0.03,100.0,5.202148713599095,0.4071246819338422,3.5736499858637263,2.533220243143907,12.711337291489963,0.5088967971530249,5.790217698614645,0.6666666666666666,PARTIAL,61.14583333333333,1.0,COMPLETE,30.53571428571429,1.0,COMPLETE,66.66666666666666,50.833333333333336,POSITION_GROUP_NEARBY_ERA_PERCENTILE,60.416666666666664,1.0,60.416666666666664,Defensive Anchor,4.780324054579675,0.8460750539079072,0.5922525377355349,72.5,10.416666666666666,62.5,72.5,89.58333333333333,37.5,44.33072916666666,27.354910714285715,24.999999999999996,32.22854662698413,61.85586290883786,0.1878914405010438,45.833990478782866,1.0,53.2456667872661,0.9444444444444444,53.2456667872661,PARTIAL,75.0,62.65288257514797,62.65288257514797,COMPLETE,19.73684210526316,58.36127852815949,58.36127852815949,COMPLETE,62.65288257514797,62.65288257514797,OBSERVED_PRODUCTION_GEOMEAN_FIT_DESCRIPTIVE_ONLY,70.72782237388414,94.15191624886528,61.64511970498787,70.8637316661718,71.14373231485524,1.0,COMPLETE,56.78165328844011,75.0,75.0,68.08589203922187,70.8637316661718,53.06535196575132,COVERAGE_SHRUNK,12.500000000000002,BASKETBALL_REFERENCE_SRS,64.33875459304187,3.5,-0.375,0.1875,3.3125,67.65125459304187,1.0,CORE_GEOMEAN_RATE43_RUN22_RESPONSIBILITY15_FIT20_PLUS_BOUNDED_CONTEXT,0.0,0.0,0.0,66.04188776663484,69.20145427332639,20000,20260910
2011-12,1495,Tim Duncan,Tim,1610612759,SAS,36.0,14,10,4,0.714,462.9583333333333,101,204,0.495,0,1,0.0,41,58,0.707,32,99,131,39,21,10,29,23,30,47,243,137,554.7,8,0,491.0,569.0,29,26,54,16,19,10,12,55,113,118,113,16,14,99,11,6,6,20,24,35,5,201,164,17,12,4,10,4,4,11,11.0,1,109.9,111.3,111.3,96.1,96.1,96.1,13.8,15.2,15.2,0.143,1.86,13.5,0.074,0.217,0.148,7.3,7.3,0.495,0.5293656326246079,0.249,0.251,93.33,92.74,77.29,92.74,0.156,895,7.2,14.6,21,15,15,51,57,57,21,18,18,61,47,87,42,11,17,51,51,81,75,26,27,61,77,77,18,16,25,2,Conference Finals,SERIES_INFERENCE,POROUND_FILTER_IGNORED,33.06845238095238,17.357142857142858,14.571428571428571,1.8571428571428572,81.79472140762462,47.75234127193412,100.0,85.1052061487405,76.29885125206712,82.19706334958646,76.29885125206712,2,2,2225,Tony Parker,0.281,0.314,Tony Parker,Tim Duncan,CLEAR,Model proposal retained.,MODEL_PROPOSAL,20.36312849162011,0.0837988826815642,3.2681564245810057,0.1701680672268907,0.1847826086956521,0.121875,0.1377852182539682,0.2302284710017574,0.4461538461538462,11.301468030524047,6.561468148503979,83.33333333333334,14.859433775461552,5.23466572839926,86.5079365079365,0.5307735084594167,0.0677485590486187,51.5873015873016,0.188095238095238,0.0602973358240892,83.33333333333334,0.1275238095238095,0.0989349404860567,64.28571428571429,2.9199661241784467,2.4924050547467935,23.015873015873016,28.43894406317523,8.087283779712537,64.28571428571429,2.2188046997147484,0.9820508774409146,84.92063492063492,63,51267,0.533538372556529,0.2240958508986021,0.3079653871755047,91.0573015873016,103.14920634920637,-0.0041727399319211,ALL_PLAYOFF_ROTATION_PLAYERS,6,6,1.0,34.5,17.0,0.4813137032842581,2.6666666666666665,9.833333333333334,0.1677631578947368,0.190775681341719,6,1.0,38.0,COMPLETE,True,Both stars played at least half of terminal-series games at 15+ MPG,0.5200966603863213,101.78216338312993,0.3318940129525479,83.30539725108952,166.69460274891048,MEDIUM,4.07829268292683,6.44,3,COMPLETE,17.75005611672278,-24.57751937984496,-41.852631578947374,-6.277070063694266,42.32757549656774,77.90313701182085,891.0,129.0,38.0,314.0,COMPLETE,CONTEXTUAL_NOT_CAUSAL,LOW,COMPLETE,NORMALIZED_NAME,5.0,2.8,2.2,22.9,0.184,1.1,0.7,1.8,0.8,24.0,8.4,87.3015873015873,79.36507936507937,86.5079365079365,84.12698412698413,85.71428571428571,78.57142857142857,65.21739130434783,47.82608695652174,C,BIG,,,,,,,,,NOT_MODELED,506.045,21,0,0.3332302481590019,,,,,,0.077760777607776,2.255062550625506,,,15.785437854378545,0.4975369458128079,4.510125101251013,0.5,PARTIAL,74.20634920634922,0.6666666666666666,PARTIAL,40.80831608005521,0.6666666666666666,PARTIAL,85.71428571428571,90.12896825396824,POSITION_GROUP_NEARBY_ERA_PERCENTILE,60.416666666666664,1.0,60.416666666666664,Defensive Anchor,1.4939382861207997,0.0,,56.875,28.125,6.25,56.875,71.875,93.75,42.204861111111114,29.330977182539677,80.35714285714285,50.63099371693121,74.60066657749242,0.4213483146067415,53.093424809162705,1.0,62.93492576976246,0.6666666666666666,62.93492576976246,PARTIAL,87.3015873015873,75.48487054602283,75.48487054602283,COMPLETE,98.68421052631578,77.80480454405213,77.80480454405213,COMPLETE,75.48487054602283,75.48487054602283,OBSERVED_PRODUCTION_GEOMEAN_FIT_DESCRIPTIVE_ONLY,46.49284176895645,84.91692619108099,13.83352399625402,83.2615730359094,50.9475779316388,1.0,COMPLETE,73.03655858642016,37.5,80.28270361665702,43.73041365753181,83.2615730359094,58.6232838465083,COVERAGE_SHRUNK,36.97549864437259,BASKETBALL_REFERENCE_SRS,66.90100382686447,0.0,-0.13024501355627408,-0.375,-0.505245013556274,66.39575881330819,1.0,CORE_GEOMEAN_RATE43_RUN22_RESPONSIBILITY15_FIT20_PLUS_BOUNDED_CONTEXT,0.0,0.0,0.0,64.58685413949219,68.33295910805862,20000,20260910
2023-24,1627783,Pascal Siakam,Pascal,1610612754,IND,30.0,17,8,9,0.471,602.485,157,290,0.541,14,47,0.298,39,63,0.619,42,86,128,64,19,13,7,15,48,60,367,38,657.6,4,0,613.0,,17,24,200,84,10,5,7,36,46,42,108,14,14,129,4,13,10,15,28,20,35,203,202,9,7,24,7,10,6,8,,1,120.3,121.7,121.7,116.5,117.5,117.5,3.9,4.2,4.2,0.157,3.37,16.0,0.075,0.144,0.111,4.8,4.7,0.566,0.5775525620042804,0.25,0.257,95.36,94.41,78.67,94.41,0.126,1180,9.2,17.1,13,13,13,165,174,174,73,75,75,70,21,103,42,79,59,51,51,58,76,33,34,88,133,133,46,14,20,2,Conference Finals,SERIES_INFERENCE,POROUND_FILTER_IGNORED,35.440294117647056,21.58823529411765,17.058823529411764,3.3684210526315788,98.57142857142858,43.12955028060064,79.56989247311829,100.0,77.25990963103119,89.2983620941123,77.25990963103119,3,2,1630169,Tyrese Haliburton,0.214,0.32,Tyrese Haliburton,Pascal Siakam,OWNER_REVIEWED,Owner-reviewed: Haliburton was the offensive engine; Siakam was the second option.,OWNER_REVIEWED,23.32627118644068,2.98728813559322,1.271186440677966,0.1895661157024793,0.1930758988015978,0.1259842519685039,0.1458801452784503,0.182076813655761,0.0853658536585365,13.768335238625886,7.475553109479136,83.62068965517241,16.569666732029205,5.677875912233556,85.34482758620689,0.5724858009192877,0.0495633117871568,52.58620689655172,0.1888793103448275,0.0632815486498582,81.89655172413794,0.1500862068965517,0.0919102419122645,61.206896551724135,5.194435638691659,2.350459658240146,16.379310344827587,30.120455154798655,8.404579449086352,62.93103448275862,1.8086614774837555,0.6417618204829968,19.82758620689655,58,50676,0.5757706146225975,0.3898432467253597,0.233841528881254,94.67827586206896,112.92586206896551,0.0017819473816829,ALL_PLAYOFF_ROTATION_PLAYERS,4,4,1.0,37.0,23.25,0.5815407703851927,4.5,7.5,0.2062084257206208,0.2105263157894736,2,0.5,34.0,COMPLETE,True,Both stars played at least half of terminal-series games at 15+ MPG,0.5657395866811947,102.08805881737644,0.3425809101484777,87.74653031409788,162.25346968590213,HIGH,5.487688311688312,10.75,3,COMPLETE,12.130144167758846,-4.0800675675675695,-6.06062639821029,4.270621468926553,16.210211735326418,26.54145960246326,763.0,296.0,447.0,177.0,COMPLETE,CONTEXTUAL_NOT_CAUSAL,LOW,COMPLETE,NORMALIZED_NAME,2.3,3.1,-0.8,20.7,0.14,1.5,0.2,1.8,0.7,16.4,5.6,62.06896551724138,85.34482758620689,6.896551724137931,78.44827586206897,80.17241379310344,21.551724137931032,38.095238095238095,42.857142857142854,PF,BIG,,,43.0,0.326,0.545,-0.085,62.0,59.0,COMPLETE,521.85,140,10,0.3608885392669176,,,48.0,0.055,53.0,2.8083686730789976,0.4182676747138932,2.569358573242487,3.704656547465912,14.51986356506801,0.588477366255144,3.7644090724250394,0.6666666666666666,PARTIAL,74.83836206896552,1.0,COMPLETE,23.662424740010948,1.0,COMPLETE,44.44444444444444,50.21551724137931,POSITION_GROUP_NEARBY_ERA_PERCENTILE,66.66666666666667,1.0,66.66666666666667,Pressure Valve,9.6579476861167,0.6898534061511928,3.3112963495257253,30.0,85.41666666666667,40.625,30.0,14.583333333333329,59.375,22.451508620689655,3.4507702745849285,26.38888888888889,17.430389261387823,56.3327805035358,0.5711422845691383,61.42228287434941,1.0,58.822512520180666,0.9444444444444444,58.822512520180666,PARTIAL,62.06896551724138,69.11101855134551,69.11101855134551,COMPLETE,86.8421052631579,70.88412722252676,70.88412722252676,COMPLETE,69.11101855134551,69.11101855134551,OBSERVED_PRODUCTION_GEOMEAN_FIT_DESCRIPTIVE_ONLY,62.15732234526418,79.30565953177194,64.1347375186806,14.337099127937632,50.02414521290359,1.0,COMPLETE,65.30922338654526,37.5,59.292706128157114,59.668938949485465,14.337099127937632,58.332372935726184,COVERAGE_SHRUNK,71.80703308172535,BASKETBALL_REFERENCE_SRS,65.74006652799369,0.0,0.2180703308172535,0.3125,0.5305703308172535,66.27063685881095,1.0,CORE_GEOMEAN_RATE43_RUN22_RESPONSIBILITY15_FIT20_PLUS_BOUNDED_CONTEXT,0.0,0.0,0.0,65.48507538831512,67.19976322657911,20000,20260910
2012-13,1495,Tim Duncan,Tim,1610612759,SAS,37.0,21,15,6,0.714,735.2266666666667,151,321,0.47,0,1,0.0,79,98,0.806,54,160,214,40,42,18,34,21,53,104,381,97,811.8,11,0,739.0,831.0,8,5,143,17,7,3,3,62,112,131,112,6,6,70,3,1,1,19,9,16,3,207,201,2,3,6,2,1,4,2,4.0,1,103.6,106.2,106.2,98.8,99.1,99.1,4.8,7.1,7.1,0.098,0.95,9.0,0.078,0.22,0.151,9.4,9.4,0.47,0.5231791717016369,0.259,0.259,91.12,89.87,74.89,89.87,0.153,1376,7.2,15.3,72,55,55,63,61,61,56,39,39,98,122,129,37,14,11,83,85,110,92,22,25,124,151,151,18,11,14,3,Finals,SERIES_INFERENCE,POROUND_FILTER_IGNORED,35.01079365079365,18.142857142857142,15.285714285714286,0.9523809523809524,84.2699286437876,13.383838383838384,100.0,90.39002721352148,67.24262433334263,80.63333881752185,67.24262433334263,2,2,2225,Tony Parker,0.288,0.342,Tony Parker,Tim Duncan,CLEAR,Model proposal retained.,MODEL_PROPOSAL,20.76671511627907,0.0545058139534883,2.8343023255813953,0.1808258186995728,0.1859791425260718,0.0871459694989106,0.1416621708413616,0.2393736017897091,0.320754716981132,11.920664119405052,6.295923339780513,88.98305084745762,15.194074768349116,4.913479990604506,88.98305084745762,0.5332962200794799,0.0780630158006757,38.13559322033898,0.1893050847457627,0.0570177653662935,90.67796610169492,0.1329322033898304,0.0847720501602114,45.76271186440678,3.2611947927352656,2.6966355415351204,17.796610169491526,29.59470782339899,8.376584142700228,63.559322033898304,2.011729692027309,0.8791862683305296,82.20338983050848,59,50936,0.5363499358322769,0.2486089472512797,0.3050300467393723,90.8864406779661,103.86779661016948,-0.01317076413064,ALL_PLAYOFF_ROTATION_PLAYERS,7,7,1.0,36.285714285714285,18.857142857142858,0.553877139979859,1.4285714285714286,12.142857142857142,0.1929824561403508,0.1831238779174147,7,1.0,35.285714285714285,COMPLETE,True,Both stars played at least half of terminal-series games at 15+ MPG,0.5289863601292061,98.90220450558483,0.3427182190711739,86.02227298686464,163.97772701313534,HIGH,4.146533333333333,7.03,4,COMPLETE,4.537083333333333,11.044794952681393,16.800803212851402,9.940506329113925,-6.507711619348058,-13.368008503085536,1200.0,317.0,249.0,316.0,COMPLETE,CONTEXTUAL_NOT_CAUSAL,LOW,COMPLETE,NORMALIZED_NAME,2.9,1.8,1.1,21.3,0.161,1.1,1.4,2.5,0.9,24.2,10.3,72.03389830508475,78.8135593220339,55.08474576271186,84.7457627118644,94.91525423728814,97.45762711864408,50.0,36.36363636363637,C,BIG,,,,,,,,,NOT_MODELED,764.8466666666667,31,3,0.3452749928358172,,,,,,0.0489644916760364,1.664792716985238,,,15.668637336331653,0.471875,4.798520184251569,0.5,PARTIAL,57.98022598870057,0.6666666666666666,PARTIAL,45.074152542372886,0.6666666666666666,PARTIAL,40.0,65.04237288135593,POSITION_GROUP_NEARBY_ERA_PERCENTILE,58.333333333333336,1.0,58.333333333333336,Pressure Valve,1.45911598838983,0.1412047730699835,,75.0,34.375,18.75,75.0,65.625,81.25,43.48516949152543,29.579912605932204,32.5,35.18836069915255,51.50035808068752,0.3661971830985915,55.36141923944854,1.0,53.396000924101635,0.6666666666666666,53.396000924101635,PARTIAL,72.03389830508475,68.61500854399841,68.61500854399841,COMPLETE,30.26315789473684,64.77982347907225,64.77982347907225,COMPLETE,68.61500854399841,68.61500854399841,OBSERVED_PRODUCTION_GEOMEAN_FIT_DESCRIPTIVE_ONLY,65.46059080635256,89.68648512083355,45.03184177684966,76.13405645087089,67.3046306326336,1.0,COMPLETE,62.52565340413634,37.5,71.80703308172535,58.81745898835426,76.13405645087089,52.26400061606776,COVERAGE_SHRUNK,53.033008588991045,BASKETBALL_REFERENCE_SRS,64.71000783641037,1.5,0.03033008588991045,-0.125,1.4053300858899105,66.11533792230028,1.0,CORE_GEOMEAN_RATE43_RUN22_RESPONSIBILITY15_FIT20_PLUS_BOUNDED_CONTEXT,0.0,0.0,0.0,64.85137510945383,67.67277713122171,20000,20260910
2009-10,2405,Amar'e Stoudemire,Amar'e,1610612756,PHX,27.0,16,10,6,0.625,583.98,124,239,0.519,0,4,0.0,107,142,0.754,46,60,106,18,40,11,24,22,54,111,355,45,574.2,3,0,549.0,602.0,19,20,147,35,10,7,8,43,110,98,110,4,4,91,4,23,12,52,9,25,5,196,184,5,6,20,10,16,3,8,11.0,1,115.4,118.5,118.5,113.3,114.6,114.6,2.1,3.9,3.9,0.052,0.45,5.0,0.089,0.107,0.098,11.0,11.1,0.519,0.5887621069391004,0.271,0.271,93.53,91.77,76.48,91.77,0.108,1117,7.8,14.9,21,10,10,159,169,169,66,58,58,134,143,157,36,94,60,113,116,66,50,20,23,74,119,119,60,9,19,2,Conference Finals,SERIES_INFERENCE,POROUND_FILTER_IGNORED,36.49875,22.1875,14.9375,0.45,100.0,0.1781472684085512,47.826086956521735,100.0,57.009965919653,79.5830321181452,57.009965919653,2,2,959,Steve Nash,0.234,0.472,Steve Nash,Amar'e Stoudemire,OWNER_REVIEWED,Owner-reviewed: Nash remained the offensive engine; Stoudemire was the scoring complement.,OWNER_REVIEWED,23.83616830796777,0.2685765443151298,2.350044762757386,0.2071178529754959,0.1875981161695447,0.054054054054054,0.152078125,0.1651090342679127,0.3636363636363636,12.924128779476218,6.124157519889224,93.75,16.04716962721104,4.692696700342907,95.53571428571428,0.5572696804512256,0.0504907590734256,74.10714285714286,0.1927142857142857,0.0526846122444394,95.53571428571428,0.1343928571428571,0.0989259605122199,16.071428571428573,3.114113607057574,2.620878935084517,29.464285714285715,30.365641202116553,7.638837510390997,75.89285714285714,1.9185244840570623,0.8725833197570031,72.32142857142857,56,48118,0.5576281701635099,0.2443799854967367,0.3660865361372976,91.67357142857144,108.37857142857142,0.0311339367755905,ALL_PLAYOFF_ROTATION_PLAYERS,6,6,1.0,37.833333333333336,25.0,0.5982769623484365,0.5,6.0,0.2286585365853658,0.1979166666666666,6,1.0,32.833333333333336,COMPLETE,True,Both stars played at least half of terminal-series games at 15+ MPG,0.5433689349683445,108.35402413525912,0.3437621532074366,87.31558691468891,162.6844130853111,HIGH,4.330760869565218,5.07,3,COMPLETE,5.660856573705179,18.66103896103896,-4.3861842105263165,6.518150684931507,-13.00018238733378,-2.095847491875956,1004.0,77.0,152.0,292.0,COMPLETE,CONTEXTUAL_NOT_CAUSAL,LOW,COMPLETE,NORMALIZED_NAME,1.2,2.1,-1.0,21.2,0.145,1.5,0.3,1.8,0.5,12.2,11.7,55.35714285714286,72.32142857142857,16.071428571428573,65.17857142857143,80.35714285714286,37.5,60.86956521739131,82.6086956521739,PF,BIG,,,,,,,,,NOT_MODELED,538.59,50,1,0.3543852897156297,,,,,,0.2465837871159971,1.4795027226959827,,,14.486797493064833,0.5276595744680851,8.753724442617898,0.5,PARTIAL,39.285714285714285,0.6666666666666666,PARTIAL,35.08346273291926,0.6666666666666666,PARTIAL,12.5,45.535714285714285,POSITION_GROUP_NEARBY_ERA_PERCENTILE,81.25,1.0,81.25,Pressure Valve,3.342059822870829,0.0668411964574165,,52.5,46.875,6.25,52.5,53.125,93.75,20.625,18.63808957686335,11.71875,16.993946525621116,37.872257053291534,0.4702194357366771,53.56428024656165,1.0,45.03998435137749,0.6666666666666666,45.03998435137749,PARTIAL,55.35714285714286,78.22423266183928,78.22423266183928,COMPLETE,55.26315789473685,75.92812518512903,75.92812518512903,COMPLETE,78.22423266183928,78.22423266183928,OBSERVED_PRODUCTION_GEOMEAN_FIT_DESCRIPTIVE_ONLY,81.14227127919968,72.371014746998,66.86994845700067,35.19256451695625,64.08656695374161,1.0,COMPLETE,73.18125120841498,81.25,81.25,66.27353416378394,35.19256451695625,46.69332290091833,COVERAGE_SHRUNK,39.52847075210474,BASKETBALL_REFERENCE_SRS,65.7427896813933,0.0,-0.10471529247895262,0.3125,0.20778470752104738,65.95057438891435,1.0,CORE_GEOMEAN_RATE43_RUN22_RESPONSIBILITY15_FIT20_PLUS_BOUNDED_CONTEXT,0.0,0.0,0.0,65.60629177162194,68.42519549380295,20000,20260910
2013-14,1495,Tim Duncan,Tim,1610612759,SAS,38.0,23,16,7,0.696,752.4733333333334,149,285,0.523,0,2,0.0,76,100,0.76,65,146,211,45,26,7,29,21,52,88,374,150,776.7,9,0,702.0,783.0,1,1,153,6,4,5,6,28,121,125,121,6,5,89,1,1,1,24,21,54,3,204,192,6,6,3,5,1,2,5,5.0,1,112.1,112.4,112.4,100.9,102.3,102.3,11.1,10.1,10.1,0.093,1.73,11.2,0.095,0.192,0.146,6.5,6.5,0.523,0.5683890577507599,0.217,0.219,94.19,93.39,77.82,93.39,0.144,1465,6.5,12.4,36,31,31,50,70,70,25,31,31,93,61,117,27,22,15,55,56,65,60,59,61,85,106,106,16,23,37,4,Champion,SERIES_INFERENCE,POROUND_FILTER_IGNORED,32.71623188405797,16.26086956521739,12.391304347826088,1.7307692307692308,77.00379790906106,23.37481169859281,100.0,100.0,67.81396267320227,77.38994981074897,67.81396267320227,3,2,2225,Tony Parker,0.279,0.26,Tony Parker,Tim Duncan,OWNER_REVIEWED,"Owner-reviewed: Duncan, not Ginobili, was the secondary option.",OWNER_REVIEWED,19.146757679180887,0.1023890784982935,1.8430034129692832,0.1529026982829108,0.153143471252015,0.0880626223091976,0.1357030357679591,0.218200620475698,0.3625,12.358860486323238,6.65942585974655,77.11864406779661,15.695960310265711,5.134586747332539,77.11864406779661,0.5551404007562643,0.052734634612543,58.47457627118644,0.1901864406779661,0.0582191868240176,68.64406779661016,0.1342711864406779,0.0890072993594925,41.52542372881356,3.683779806550587,2.6909682283998997,14.40677966101695,29.033465020565927,8.458013276363824,58.47457627118644,1.8746848634648408,0.7676077390644522,48.30508474576271,59,52235,0.5614689126066044,0.2807843996494303,0.3092681858019281,92.46610169491524,107.26440677966104,0.0069201451441555,ALL_PLAYOFF_ROTATION_PLAYERS,5,5,1.0,33.0,15.4,0.6080227416298168,2.0,10.0,0.1458333333333333,0.1408839779005525,5,1.0,35.2,COMPLETE,True,Both stars played at least half of terminal-series games at 15+ MPG,0.5478621041070951,103.74673727016028,0.3556265811167772,89.61789844142785,160.38210155857217,HIGH,4.601996402877698,6.66,4,COMPLETE,7.550721153846155,17.7790243902439,23.9290780141844,8.624489795918366,-10.228303236397746,-25.532891454663783,1248.0,205.0,282.0,539.0,COMPLETE,CONTEXTUAL_NOT_CAUSAL,LOW,COMPLETE,NORMALIZED_NAME,3.1,2.5,0.7,21.1,0.204,2.0,1.2,3.2,1.0,22.2,7.3,71.1864406779661,71.1864406779661,56.77966101694915,86.4406779661017,98.30508474576273,96.61016949152544,39.473684210526315,50.0,C,BIG,,,1.0,0.0,0.564,-0.059,83.0,74.0,COMPLETE,718.8833333333333,35,2,0.3600628015488696,,,22.0,-0.046,66.0,0.0956844539341372,1.3874245820449895,0.0478422269670686,3.970904838266694,13.539350231680412,0.5265017667844523,4.78422269670686,0.6666666666666666,PARTIAL,60.87570621468927,1.0,COMPLETE,34.927047008893574,1.0,COMPLETE,62.5,66.14877589453862,POSITION_GROUP_NEARBY_ERA_PERCENTILE,66.66666666666667,1.0,66.66666666666667,Defensive Anchor,1.752718336308627,0.1001553335033501,1.1017086685368511,47.5,29.86111111111111,40.625,47.5,70.13888888888889,59.375,28.9159604519774,24.497442693737852,37.109375,30.174259381905085,63.715110390027775,0.3354256571204393,49.19564024355809,1.0,55.98665598896219,0.9444444444444444,55.98665598896219,PARTIAL,71.1864406779661,68.51437331546364,68.51437331546364,COMPLETE,17.105263157894736,63.37346229970675,63.37346229970675,COMPLETE,68.51437331546364,68.51437331546364,OBSERVED_PRODUCTION_GEOMEAN_FIT_DESCRIPTIVE_ONLY,40.48987209201928,92.18220095516708,25.566396807719055,64.2297397914841,53.04398836173671,1.0,COMPLETE,68.47119629833826,31.25,78.06247497997995,32.23357299918791,64.2297397914841,55.654063989575405,COVERAGE_SHRUNK,44.19417382415923,BASKETBALL_REFERENCE_SRS,62.63778672530617,3.5,-0.05805826175840771,-0.1875,3.254441738241592,65.89222846354777,1.0,CORE_GEOMEAN_RATE43_RUN22_RESPONSIBILITY15_FIT20_PLUS_BOUNDED_CONTEXT,0.0,0.0,0.0,63.03006180246589,68.33890706346841,20000,20260910
1999-00,147,Jalen Rose,Jalen,1610612754,IND,27.0,23,13,10,0.565,964.885,171,391,0.437,30,70,0.429,107,133,0.805,10,91,101,78,50,16,11,25,71,7,479,13,748.2,0,0,742.0,817.0,1,10,174,42,2,4,3,75,2,2,21,3,2,54,53,5,10,4,3,13,19,181,177,6,3,38,4,52,5,4,3.0,1,106.8,108.3,108.3,104.9,107.5,107.5,2.0,0.8,0.8,0.146,1.56,13.4,0.011,0.094,0.054,8.6,8.7,0.476,0.5327905321231536,0.244,0.246,91.95,90.19,75.16,90.19,0.101,1812,7.4,17.0,32,26,26,125,148,148,59,69,69,69,55,82,132,97,110,55,56,65,62,33,34,78,112,112,64,15,12,3,Finals,SERIES_INFERENCE,POROUND_FILTER_IGNORED,41.951521739130435,20.82608695652174,17.0,1.56,90.11736489601476,27.64470036536216,61.25000000000001,100.0,64.65285606801456,78.59075721894581,64.65285606801456,3,2,397,Reggie Miller,0.246,0.12,Reggie Miller,Jalen Rose,CLEAR,Model proposal retained.,MODEL_PROPOSAL,19.826158940397352,2.8973509933774837,1.1175496688741722,0.212322695035461,0.2155457552370452,0.1666666666666666,0.174009918845807,0.1083690987124463,0.102803738317757,11.359791514470952,6.6089270496150965,88.98305084745762,14.777908400516038,5.13035013835119,85.59322033898306,0.516551351120051,0.0521744556986767,60.16949152542372,0.1887118644067796,0.0545993266387539,82.20338983050848,0.134135593220339,0.0976129432976199,63.559322033898304,2.2474373835189745,2.0017564238505776,60.16949152542372,29.28887382778286,8.953824667411578,90.67796610169492,1.9782163798642471,0.8362818979335862,12.71186440677966,59,47354,0.5255272620224152,0.1867199806131103,0.3465406518841633,89.25508474576272,101.77796610169491,0.0072632701007384,ALL_PLAYOFF_ROTATION_PLAYERS,6,6,1.0,43.0,23.0,0.5617062845978509,3.0,4.5,0.215625,0.227176220806794,6,1.0,41.5,COMPLETE,True,Both stars played at least half of terminal-series games at 15+ MPG,0.5174294393913443,102.96873188156412,0.368588288697231,87.94825238311394,162.05174761688608,HIGH,3.170598591549296,8.41,4,COMPLETE,,,,,,,0.0,0.0,0.0,0.0,NOT_MODELED,NOT_MODELED,NOT_MODELED,COMPLETE,NORMALIZED_NAME,0.5,1.4,-0.8,15.9,0.094,1.5,0.4,1.9,0.6,10.9,10.0,39.83050847457627,70.33898305084746,7.627118644067797,77.11864406779661,88.98305084745762,54.23728813559322,38.46153846153847,80.76923076923077,SF,WING,,,,,,,,,NOT_MODELED,892.76,147,10,0.3676278397559545,,,,,,2.611710203806671,0.4104116034553341,,,11.97655679174202,0.4392523364485981,4.962249387232676,0.5,PARTIAL,68.03201506591337,0.6666666666666666,PARTIAL,57.99109083007387,0.6666666666666666,PARTIAL,8.333333333333332,20.480225988700564,POSITION_GROUP_NEARBY_ERA_PERCENTILE,44.44444444444445,1.0,57.99109083007387,Pressure Valve,5.927684932120615,0.4032438729333751,,33.333333333333336,87.5,33.33333333333333,33.333333333333336,12.5,66.66666666666667,22.67733835530446,7.248886353759234,5.555555555555555,11.827260088206415,31.539360235217114,0.5925925925925927,59.42714585082207,1.0,43.29311909229763,0.6666666666666666,43.29311909229763,PARTIAL,39.83050847457627,64.08115359689148,64.08115359689148,COMPLETE,,64.08115359689148,64.08115359689148,COMPLETE,64.08115359689148,64.08115359689148,OBSERVED_PRODUCTION_GEOMEAN_FIT_DESCRIPTIVE_ONLY,83.20361125736541,82.83871212405299,64.54972243679025,17.38958589840708,54.835005461920574,1.0,COMPLETE,58.97625429911694,83.33333333333334,83.33333333333334,82.95497019505157,17.38958589840708,45.52874606153175,COVERAGE_SHRUNK,58.92556509887897,BASKETBALL_REFERENCE_SRS,63.51642179782049,1.5,0.0892556509887897,0.16666666666666657,1.7559223176554561,65.27234411547595,1.0,CORE_GEOMEAN_RATE43_RUN22_RESPONSIBILITY15_FIT20_PLUS_BOUNDED_CONTEXT,0.0,0.0,0.0,64.20893819771491,67.68762367343895,20000,20260910
2000-01,764,David Robinson,David,1610612759,SAS,35.0,13,7,6,0.538,407.75166666666667,75,159,0.472,0,1,0.0,66,95,0.695,39,114,153,22,28,17,31,12,42,0,216,57,548.6,10,0,487.0,557.0,28,26,152,47,23,16,17,52,97,104,97,10,7,106,10,5,6,38,15,13,5,173,169,17,13,11,11,4,2,11,12.0,1,105.2,105.0,105.0,95.3,96.8,96.8,9.9,8.3,8.3,0.1,0.79,8.7,0.101,0.245,0.179,11.0,11.2,0.472,0.5378486055776892,0.262,0.262,92.06,91.41,76.17,91.41,0.174,773,5.8,12.2,45,46,46,28,48,48,25,25,25,98,119,128,24,2,1,104,107,73,61,20,24,88,118,118,11,28,37,2,Conference Finals,SERIES_INFERENCE,POROUND_FILTER_IGNORED,31.36551282051282,16.615384615384617,12.23076923076923,0.7857142857142857,63.94935010992056,23.513257252195302,91.91176470588232,61.987653454170335,58.71104106880591,65.40013891055288,58.71104106880591,2,2,1495,Tim Duncan,0.31,0.191,Tim Duncan,David Robinson,CLEAR,Model proposal retained.,MODEL_PROPOSAL,20.95730918499353,0.0970245795601552,4.657179818887451,0.1815126050420168,0.1607684529828109,0.0862745098039215,0.1306896367521367,0.2698412698412698,0.3974358974358974,12.726753163449937,7.659436713851978,72.32142857142857,14.959659581931009,5.4330405421211445,84.82142857142857,0.517702098085489,0.061755442690447,56.25,0.1892678571428571,0.0621701269189829,86.60714285714286,0.1445357142857143,0.08557786018043,38.392857142857146,2.4830384352452106,2.2399887242146264,25.892857142857142,31.296566822712222,9.298009630007009,47.32142857142857,2.0824518215982017,0.9965307191303636,97.32142857142856,56,45548,0.518947776882305,0.1828062034436439,0.3306875076321895,92.06428571428572,102.5375,0.0189008286953842,ALL_PLAYOFF_ROTATION_PLAYERS,4,4,1.0,29.75,14.25,0.4403584672435105,0.75,10.75,0.1753846153846154,0.1921824104234527,4,1.0,42.25,COMPLETE,True,Both stars played at least half of terminal-series games at 15+ MPG,0.5110097950271401,105.25211274064203,0.355348203385981,89.19239904988123,160.80760095011877,MEDIUM,3.5582274247491643,4.61,3,COMPLETE,,,,,,,0.0,0.0,0.0,0.0,NOT_MODELED,NOT_MODELED,NOT_MODELED,COMPLETE,NORMALIZED_NAME,6.5,3.0,3.6,24.5,0.207,0.7,1.0,1.8,0.9,28.7,12.2,91.07142857142856,82.14285714285714,95.53571428571428,85.71428571428571,81.25,91.07142857142856,70.45454545454545,63.63636363636363,C,BIG,,,,,,,,,NOT_MODELED,525.0533333333333,1,35,0.3593322671310009,,,,,,0.0882890321314852,2.736959996076043,,,13.94966707677467,0.4746835443037974,8.3874580524911,0.5,PARTIAL,45.833333333333336,0.6666666666666666,PARTIAL,49.08685064935065,0.6666666666666666,PARTIAL,80.0,94.64285714285714,POSITION_GROUP_NEARBY_ERA_PERCENTILE,79.16666666666667,1.0,79.16666666666667,Defensive Anchor,0.0685644632926179,2.3997562152416267,,51.25,53.125,93.75,51.25,46.875,6.25,23.489583333333336,23.00946124188312,5.0,17.16634819173882,62.84930139720559,0.059880239520958,56.65882340656179,1.0,59.6738424193553,0.6666666666666666,59.6738424193553,PARTIAL,91.07142857142856,78.32330273911154,78.32330273911154,COMPLETE,,78.32330273911154,78.32330273911154,COMPLETE,78.32330273911154,78.32330273911154,OBSERVED_PRODUCTION_GEOMEAN_FIT_DESCRIPTIVE_ONLY,35.236067513042656,83.452296039628,16.450925161906156,94.60602450526582,51.39077500369795,1.0,COMPLETE,75.74199723798296,25.0,93.74999999999997,37.02272107443039,94.60602450526582,56.44922827957021,COVERAGE_SHRUNK,49.60783708246105,BASKETBALL_REFERENCE_SRS,65.52893045715159,0.0,-0.00392162917538947,-0.3125,-0.31642162917538946,65.2125088279762,1.0,CORE_GEOMEAN_RATE43_RUN22_RESPONSIBILITY15_FIT20_PLUS_BOUNDED_CONTEXT,0.0,0.0,0.0,62.98505821230532,67.7134963388306,20000,20260910
2024-25,1626157,Karl-Anthony Towns,Karl-Anthony,1610612752,NYK,29.0,18,10,8,0.556,639.3516666666667,139,285,0.488,26,74,0.351,82,97,0.845,38,171,209,24,40,13,12,23,78,82,386,19,707.8,13,0,695.0,718.0,20,22,204,65,14,6,7,64,26,24,84,6,7,53,7,1,1,50,10,30,16,215,218,6,6,48,8,1,7,8,9.0,1,108.7,111.4,111.4,109.6,111.8,111.8,-0.9,-0.4,-0.4,0.063,0.6,6.2,0.057,0.271,0.161,10.4,10.2,0.533,0.5889892578125,0.24,0.249,98.57,96.4,80.33,96.4,0.143,1295,7.7,15.8,105,89,89,108,125,125,105,102,102,151,161,182,69,11,12,122,118,92,79,38,37,102,139,139,35,19,22,2,Conference Finals,SERIES_INFERENCE,POROUND_FILTER_IGNORED,35.51953703703704,21.444444444444443,15.833333333333334,0.6,67.01273489414181,10.31666856686809,100.0,81.74133558748943,58.98716130709163,68.67701131725346,58.98716130709163,2,2,1628973,Jalen Brunson,0.315,0.32,Jalen Brunson,Karl-Anthony Towns,OWNER_REVIEWED,Owner-reviewed: Towns was New York's second option.,OWNER_REVIEWED,22.355212355212355,4.285714285714286,1.447876447876448,0.1957403651115618,0.1830443159922928,0.0672268907563025,0.1463047292143402,0.272490221642764,0.1428571428571428,13.72715568449264,6.943714589992584,82.5,16.784699530073528,5.809957129098887,80.83333333333333,0.5703948992329066,0.0659510839391149,67.5,0.1916666666666666,0.0619886190271156,76.66666666666667,0.1486166666666666,0.089453729504265,18.333333333333332,5.5435357494001005,2.5646123304140325,25.833333333333336,29.087042298881336,7.395436912104441,74.16666666666667,1.9982642026549495,0.7404899489176957,25.833333333333336,60,53903,0.5724285368838344,0.4030743835757763,0.2871144124626019,97.4225,112.74833333333332,0.0165607209286655,ALL_PLAYOFF_ROTATION_PLAYERS,6,6,1.0,35.166666666666664,24.833333333333332,0.607270948809912,1.8333333333333333,12.166666666666666,0.2159420289855072,0.1988304093567251,6,1.0,35.5,COMPLETE,True,Both stars played at least half of terminal-series games at 15+ MPG,0.5662606100269713,104.01381402539128,0.3532542474193623,88.45437616387338,161.54562383612665,HIGH,3.894492753623188,8.28,3,COMPLETE,-3.266666666666666,0.1597468354430374,4.99569536423841,-14.080392156862745,-3.4264135021097037,-22.502501023210858,1026.0,395.0,302.0,102.0,COMPLETE,CONTEXTUAL_NOT_CAUSAL,LOW,COMPLETE,NORMALIZED_NAME,1.4,1.6,-0.2,19.1,0.142,1.0,0.8,1.9,0.5,31.6,10.9,49.166666666666664,67.5,19.166666666666668,60.83333333333333,84.16666666666667,85.0,30.434782608695656,56.52173913043478,C,BIG,,,67.0,0.343,0.588,-0.076,71.0,73.0,COMPLETE,680.1183333333333,134,5,0.3553499379267535,,,26.0,0.092,110.0,4.166720975154519,0.6756844824574895,3.7725716937209826,3.9977998545401463,11.880785483210856,0.5355450236966824,5.461782899864707,0.6666666666666666,PARTIAL,44.0625,1.0,COMPLETE,55.21135265700483,1.0,COMPLETE,55.55555555555556,54.30555555555555,POSITION_GROUP_NEARBY_ERA_PERCENTILE,54.166666666666664,1.0,55.21135265700483,Defensive Anchor,7.092883346280427,0.2646598263537472,1.3762310970394858,67.5,52.083333333333336,18.75,67.5,47.916666666666664,81.25,29.7421875,26.455439814814813,45.138888888888886,33.7788387345679,51.527042137476464,0.413135593220339,54.08046917002909,1.0,52.78831891373873,0.9444444444444444,52.78831891373873,PARTIAL,49.166666666666664,67.34306861942294,67.34306861942294,COMPLETE,21.052631578947366,62.71402491537538,62.71402491537538,COMPLETE,67.34306861942294,67.34306861942294,OBSERVED_PRODUCTION_GEOMEAN_FIT_DESCRIPTIVE_ONLY,72.2955739637246,71.55514578902688,80.11631369929381,34.78419746353471,62.723413580398656,1.0,COMPLETE,64.49435080623672,68.75,90.57110466368403,75.71096025517018,34.78419746353471,52.63341230741991,COVERAGE_SHRUNK,33.07189138830738,BASKETBALL_REFERENCE_SRS,64.89951191379141,0.0,-0.16928108611692622,0.4375,0.2682189138830738,65.16773082767449,1.0,CORE_GEOMEAN_RATE43_RUN22_RESPONSIBILITY15_FIT20_PLUS_BOUNDED_CONTEXT,0.0,0.0,0.0,64.74810350965413,66.70581347876893,20000,20260910
2007-08,2225,Tony Parker,Tony,1610612759,SAS,26.0,17,9,8,0.529,654.235,152,306,0.497,7,20,0.35,70,93,0.753,10,53,63,103,50,16,1,26,37,83,381,-4,612.1,3,0,588.0,701.0,20,26,184,68,12,4,5,47,44,53,48,11,10,81,64,25,34,6,5,14,99,200,167,8,5,116,11,15,4,10,11.0,1,101.6,103.0,103.0,103.6,104.4,104.4,-2.0,-1.3,-1.3,0.305,2.06,20.6,0.016,0.084,0.05,10.0,10.0,0.508,0.549117952265652,0.286,0.287,92.08,91.12,75.94,91.12,0.14,1248,8.9,18.0,108,90,90,84,105,105,104,104,104,18,37,41,126,117,119,115,113,57,68,10,13,68,95,95,22,6,10,2,Conference Finals,SERIES_INFERENCE,POROUND_FILTER_IGNORED,38.48441176470588,22.41176470588235,18.0,2.06,100.0,91.84864864864863,79.36507936507937,97.06703325258384,92.24921609849363,94.91123240050992,92.24921609849363,1,2,1495,Tim Duncan,0.279,0.156,Tony Parker,Tim Duncan,OWNER_REVIEWED,Owner-reviewed: Duncan was the structural primary; Parker was the second option.,OWNER_REVIEWED,22.896634615384617,1.2019230769230769,1.0216346153846154,0.2382739212007504,0.225830258302583,0.2976878612716763,0.158410411622276,0.0887323943661971,0.0142857142857142,12.510899590605474,6.472534867164353,93.75,15.633217362380126,4.759119740800918,91.96428571428572,0.547154698718597,0.0487784785327653,49.107142857142854,0.1898392857142857,0.0579956207662373,95.53571428571428,0.1420535714285714,0.1042052267065293,91.07142857142856,2.9261559431791615,2.5216636334216225,40.17857142857143,30.460398625493323,8.262586480898168,75.89285714285714,1.9007938846506889,0.9556108649004246,15.178571428571429,56,50491,0.5471916447192039,0.222561320221544,0.3335593986662145,90.04160714285715,106.54642857142858,0.001926307546448,ALL_PLAYOFF_ROTATION_PLAYERS,5,5,1.0,38.0,19.4,0.5188275566966196,5.6,4.0,0.2194570135746606,0.2182741116751269,5,1.0,40.2,COMPLETE,True,Both stars played at least half of terminal-series games at 15+ MPG,0.5320488069584092,103.20819163279828,0.3497084422838483,87.42127941663905,162.57872058336096,HIGH,6.307843137254902,7.34,2,COMPLETE,-1.8485294117647055,11.927118644067791,3.8509090909090906,-10.750000000000004,-13.775648055832498,-28.376557146741593,1156.0,177.0,165.0,162.0,COMPLETE,CONTEXTUAL_NOT_CAUSAL,LOW,COMPLETE,NORMALIZED_NAME,3.2,2.6,0.6,19.9,0.122,1.0,0.7,1.7,0.9,9.3,12.6,70.53571428571429,78.57142857142857,37.5,77.67857142857143,72.32142857142857,72.32142857142857,13.043478260869565,30.434782608695656,PG,GUARD,,,,,,,,,NOT_MODELED,665.8983333333333,5,35,0.3467501153593688,,,,,,1.1005219836908755,0.0550260991845437,,,15.737464366779522,0.506993006993007,5.117427224162571,0.5,PARTIAL,91.36904761904763,0.6666666666666666,PARTIAL,32.05551242236025,0.6666666666666666,PARTIAL,50.0,25.0,POSITION_GROUP_NEARBY_ERA_PERCENTILE,66.66666666666667,1.0,66.66666666666667,Pressure Valve,0.2703115340429845,1.892180738300892,,35.0,28.125,81.25,35.0,71.875,18.75,31.979166666666675,23.03989955357143,9.375,21.464688740079367,71.06135986733003,0.1492537313432835,49.92569772348355,1.0,59.56331062454474,0.6666666666666666,59.56331062454474,PARTIAL,70.53571428571429,74.2736339795975,74.2736339795975,COMPLETE,14.473684210526317,68.29363900269038,68.29363900269038,COMPLETE,74.2736339795975,74.2736339795975,OBSERVED_PRODUCTION_GEOMEAN_FIT_DESCRIPTIVE_ONLY,87.41790479171605,74.95215310517796,36.15634510648847,34.52839470176622,57.11050730975808,1.0,COMPLETE,68.29532548663107,87.5,87.5,56.75976951488286,34.52839470176622,56.375540416363165,COVERAGE_SHRUNK,59.6212000885591,BASKETBALL_REFERENCE_SRS,65.2476482786211,0.0,0.096212000885591,-0.1875,-0.091287999114409,65.15636027950669,1.0,CORE_GEOMEAN_RATE43_RUN22_RESPONSIBILITY15_FIT20_PLUS_BOUNDED_CONTEXT,0.0,0.0,0.0,64.533377986144,66.31349246374215,20000,20260910
2002-03,89,Nick Van Exel,Nick,1610612742,DAL,31.0,20,10,10,0.5,673.1733333333333,150,326,0.46,44,112,0.393,45,64,0.703,18,50,68,82,39,12,0,8,47,0,389,-30,590.6,0,0,607.0,657.0,9,19,184,51,12,2,6,64,2,3,40,24,21,121,35,31,34,6,14,35,138,152,166,12,4,159,10,52,4,9,12.0,1,108.4,108.0,108.0,110.1,110.8,110.8,-1.7,-2.8,-2.8,0.223,2.1,17.2,0.027,0.074,0.05,8.2,8.2,0.528,0.5491868082222724,0.262,0.266,95.75,95.58,79.65,95.58,0.11,1344,7.5,16.3,36,33,33,144,157,157,89,100,100,32,36,67,123,142,133,47,47,42,61,20,20,40,56,56,51,15,23,2,Conference Finals,SERIES_INFERENCE,POROUND_FILTER_IGNORED,33.65866666666666,19.45,16.3,2.102564102564102,82.86156551781552,63.59393890182069,56.30252100840336,67.74440671648033,69.68565846559727,74.86713601426685,69.68565846559727,2,2,1717,Dirk Nowitzki,0.25,0.086,Dirk Nowitzki,Nick Van Exel,CLEAR,Model proposal retained.,MODEL_PROPOSAL,21.70758928571429,6.25,0.6696428571428571,0.1868395773294908,0.189424753050552,0.2009803921568627,0.1387986254295532,0.0808561236623067,0.0,12.606417870853829,7.106737938537118,83.33333333333334,15.197823643247808,5.031152292971123,86.8421052631579,0.5275706527048304,0.0591548044604437,65.78947368421053,0.1911052631578947,0.0584362553318695,86.8421052631579,0.1448245614035087,0.0772233313546455,85.08771929824562,2.9219970988325232,2.085333954292134,93.859649122807,30.627668712207253,8.728283089132772,58.77192982456141,1.9746378484609075,0.929224963963716,2.631578947368421,57,52993,0.531347416845737,0.2269804947150485,0.3457556935817805,92.79561403508772,103.31052631578947,0.0178393913765353,ALL_PLAYOFF_ROTATION_PLAYERS,6,6,1.0,38.333333333333336,17.5,0.4618226600985221,2.6666666666666665,4.333333333333333,0.1816608996539792,0.2101010101010101,3,0.5,41.0,COMPLETE,True,Both stars played at least half of terminal-series games at 15+ MPG,0.524864280656422,104.63406035850475,0.3669125836724341,88.82235528942115,161.17764471057882,HIGH,5.191859956236324,6.68,3,COMPLETE,,,,,,,0.0,0.0,0.0,0.0,NOT_MODELED,NOT_MODELED,NOT_MODELED,COMPLETE,NORMALIZED_NAME,2.5,4.1,-1.6,19.1,0.098,1.5,-0.1,1.4,0.7,8.2,9.9,65.78947368421053,87.71929824561403,5.263157894736842,73.68421052631578,64.03508771929825,2.631578947368421,68.18181818181817,70.45454545454545,SG,GUARD,,,,,,,,,NOT_MODELED,722.1833333333333,61,16,0.3724191488405824,,,,,,5.9895420694026305,0.0,,,11.444303596894311,0.4953271028037383,3.4225954682300745,0.5,PARTIAL,86.4766081871345,0.6666666666666666,PARTIAL,87.3853668261563,0.6666666666666666,PARTIAL,11.11111111111111,5.756578947368421,POSITION_GROUP_NEARBY_ERA_PERCENTILE,41.666666666666664,1.0,87.3853668261563,Gravity Engine,3.040779118875632,0.7975814082296739,,23.75,68.75,50.0,23.75,31.25,50.0,20.538194444444443,27.307927133173845,5.555555555555555,17.80055904439128,50.85874012683223,0.4761904761904761,61.41436134145559,1.0,55.88789711127501,0.6666666666666666,55.88789711127501,PARTIAL,65.78947368421053,75.58635061234244,75.58635061234244,COMPLETE,,75.58635061234244,75.58635061234244,COMPLETE,75.58635061234244,75.58635061234244,OBSERVED_PRODUCTION_GEOMEAN_FIT_DESCRIPTIVE_ONLY,51.036881942302664,68.69042789632243,34.23265984407289,3.3155817102496665,31.307242887988423,1.0,COMPLETE,72.16850726885022,68.75,68.75,57.14141918569801,3.3155817102496665,53.92526474085001,COVERAGE_SHRUNK,67.60408641494975,BASKETBALL_REFERENCE_SRS,65.02910846959587,0.0,0.1760408641494975,-0.125,0.05104086414949749,65.08014933374537,1.0,CORE_GEOMEAN_RATE43_RUN22_RESPONSIBILITY15_FIT20_PLUS_BOUNDED_CONTEXT,0.0,0.0,0.0,64.68042510690078,66.63423639596274,20000,20260910
2020-21,203114,Khris Middleton,Khris,1610612749,MIL,29.0,23,16,7,0.696,922.1683333333332,198,452,0.438,60,175,0.343,86,97,0.887,25,149,174,118,74,35,4,19,58,102,542,119,970.8,7,0,972.0,1069.0,1,1,209,25,1,3,2,117,1,1,93,7,7,48,15,4,5,4,2,2,52,237,232,4,3,5,2,6,10,2,3.0,1,110.9,112.2,112.2,105.2,106.1,106.1,5.7,6.1,6.1,0.192,1.59,17.4,0.026,0.161,0.092,10.9,10.8,0.504,0.5478288994905798,0.26,0.268,98.79,97.75,81.46,97.75,0.127,1880,8.6,19.7,93,78,78,71,91,91,62,55,55,48,93,73,117,69,95,173,173,122,121,33,33,121,135,135,52,18,13,4,Champion,SERIES_INFERENCE,POROUND_FILTER_IGNORED,40.09427536231884,23.565217391304348,19.652173913043477,1.5945945945945943,80.00837819906435,56.196077151692435,56.47058823529411,100.0,67.97982148395701,73.91917119161991,67.97982148395701,3,2,203507,Giannis Antetokounmpo,0.314,0.242,Giannis Antetokounmpo,Khris Middleton,CLEAR,Model proposal retained.,MODEL_PROPOSAL,21.622340425531913,6.981382978723404,1.555851063829787,0.2136381553015372,0.2157517899761336,0.2247619047619047,0.1655598444045481,0.1545293072824156,0.0412371134020618,14.418778089681927,8.174087986122066,83.62068965517241,17.086093292593063,6.693219711277673,80.17241379310344,0.590715821282358,0.0592515704224616,23.275862068965516,0.191051724137931,0.074924196730082,81.89655172413794,0.1412241379310344,0.1021454411195047,71.55172413793103,5.352829671755377,2.570342951133393,76.72413793103449,29.51825051111589,7.427205294957883,93.96551724137932,1.749753857516969,0.7037389320945571,43.96551724137931,58,53494,0.5866754931421261,0.3934595881196316,0.2569595363758667,97.87086206896552,114.81379310344828,-0.0388465936515463,ALL_PLAYOFF_ROTATION_PLAYERS,6,6,1.0,42.5,24.0,0.5416792055371653,5.333333333333333,6.333333333333333,0.2149253731343283,0.2327746741154562,6,1.0,39.833333333333336,COMPLETE,True,Both stars played at least half of terminal-series games at 15+ MPG,0.5705478768585245,96.01804190508308,0.3552452913938684,90.9792488423941,159.0207511576059,HIGH,1.3326605504587157,2.14,2,COMPLETE,8.78488612836439,-4.889199999999999,-3.1372360844529736,1.033898305084747,13.674086128364388,17.84522051790211,1449.0,250.0,521.0,177.0,COMPLETE,CONTEXTUAL_NOT_CAUSAL,LOW,COMPLETE,NORMALIZED_NAME,2.6,1.5,1.1,16.5,0.115,0.6,1.6,2.2,1.1,17.7,13.0,68.10344827586206,64.65517241379311,62.93103448275862,91.3793103448276,90.51724137931036,97.41379310344828,18.181818181818183,18.181818181818183,SF,WING,,,82.0,0.354,0.558,-0.08,80.0,66.0,COMPLETE,799.5516666666666,70,25,0.3249351526324815,,,8.0,-0.084,61.0,6.83172450438369,0.1561537029573415,3.2011509106255005,3.12307405914683,10.813643929795898,0.4981949458483754,3.786727296715531,0.6666666666666666,PARTIAL,61.79956896551724,1.0,COMPLETE,59.56765935214211,1.0,COMPLETE,33.33333333333333,52.22701149425287,POSITION_GROUP_NEARBY_ERA_PERCENTILE,37.5,1.0,59.56765935214211,Pressure Valve,3.151766302365284,1.1256308222733158,0.360201863127461,57.5,8.333333333333334,87.5,57.5,91.66666666666669,12.5,35.53475215517241,54.6036877394636,4.166666666666666,31.435035520434223,58.33305560492949,0.0773195876288659,40.9455024334369,1.0,48.87203975916547,0.9444444444444444,48.87203975916547,PARTIAL,68.10344827586206,56.799088081100045,56.799088081100045,COMPLETE,78.94736842105263,59.0139161150953,59.0139161150953,COMPLETE,56.799088081100045,56.799088081100045,OBSERVED_PRODUCTION_GEOMEAN_FIT_DESCRIPTIVE_ONLY,71.94851276759675,90.94725444760648,58.27878194410166,64.59503987651786,67.47959740014288,1.0,COMPLETE,50.27668238539465,75.0,75.0,83.19541362623211,64.59503987651786,48.93470421698961,COVERAGE_SHRUNK,6.250000000000001,BASKETBALL_REFERENCE_SRS,61.44119514887544,3.5,-0.4375,0.0625,3.125,64.56619514887544,1.0,CORE_GEOMEAN_RATE43_RUN22_RESPONSIBILITY15_FIT20_PLUS_BOUNDED_CONTEXT,0.0,0.0,0.0,62.674797695210785,66.61964227239795,20000,20260910
2005-06,406,Shaquille O'Neal,Shaquille,1610612748,MIA,34.0,23,16,7,0.696,759.1333333333333,178,291,0.612,0,0,0.0,68,182,0.374,75,150,225,39,85,11,34,8,84,174,424,25,802.5,10,0,778.0,862.0,1,1,162,10,9,3,8,13,103,130,103,11,3,157,1,3,3,24,2,32,1,162,193,3,3,32,4,4,3,4,5.0,1,104.0,104.8,104.8,101.5,102.3,102.3,2.4,2.5,2.5,0.103,0.46,7.9,0.111,0.216,0.164,17.2,17.2,0.612,0.5713053788940391,0.284,0.287,91.18,90.48,75.4,90.48,0.13,1426,7.7,12.7,98,84,84,53,70,70,62,65,65,83,131,129,12,17,6,158,158,24,61,13,19,106,130,130,36,15,36,4,Champion,SERIES_INFERENCE,POROUND_FILTER_IGNORED,33.005797101449275,18.434782608695652,12.652173913043478,0.4588235294117647,64.97780501503532,20.454545454545453,50.74626865671642,49.920340990607755,47.31006985608725,56.926298586101176,47.31006985608725,2,2,2548,Dwyane Wade,0.308,0.263,Dwyane Wade,Shaquille O'Neal,CLEAR,Model proposal retained.,MODEL_PROPOSAL,22.30014025245442,0.0,2.366760168302945,0.1915085817524842,0.1746698679471788,0.0970149253731343,0.1369041178238653,0.2326783867631851,0.3238095238095238,13.07956108672662,7.267484544029071,76.72413793103449,15.558360204087224,5.938044513997743,85.34482758620689,0.5547562988804241,0.0645415705193837,59.48275862068966,0.1879655172413793,0.0662539434134747,90.51724137931036,0.1227931034482758,0.0901152056939624,50.86206896551724,2.6329163822653885,2.1925520932293163,8.620689655172415,31.552796374742048,7.8889486411941325,54.310344827586206,1.789207957951289,0.7739849754004261,75.0,58,56388,0.5574795851281296,0.2189189189189189,0.3576923076923077,91.1403448275862,107.01551724137931,0.0138257937659095,ALL_PLAYOFF_ROTATION_PLAYERS,6,6,1.0,35.0,13.666666666666666,0.5316390041493776,2.8333333333333335,10.166666666666666,0.1472172351885098,0.1281464530892448,6,1.0,43.5,COMPLETE,True,Both stars played at least half of terminal-series games at 15+ MPG,0.5468698947918709,104.46824451937842,0.3490873533246414,87.27183833116037,162.72816166883962,HIGH,3.892619469026549,6.24,4,COMPLETE,,,,,,,0.0,0.0,0.0,0.0,NOT_MODELED,NOT_MODELED,NOT_MODELED,COMPLETE,NORMALIZED_NAME,1.0,1.0,-0.1,19.9,0.103,0.1,1.5,1.6,0.6,22.4,18.6,45.689655172413794,58.620689655172406,25.86206896551724,68.96551724137932,73.27586206896551,96.55172413793105,18.75,56.25,C,BIG,,,,,,,,,NOT_MODELED,959.2616666666668,37,26,0.3528635481921964,,,,,,0.0,1.612364977606042,,,13.799947308334064,0.6116838487972509,8.63089488012646,0.5,PARTIAL,51.293103448275865,0.6666666666666666,PARTIAL,25.592672413793103,0.6666666666666666,PARTIAL,75.0,56.68103448275862,POSITION_GROUP_NEARBY_ERA_PERCENTILE,77.08333333333333,1.0,77.08333333333333,Defensive Anchor,1.3885679437484038,0.9757504469583378,,63.75,40.625,75.0,63.75,59.375,25.0,32.699353448275865,15.195649245689657,18.75,22.215000897988507,65.63212328434939,0.1687763713080168,56.571624284979855,1.0,60.93370019511117,0.6666666666666666,60.93370019511117,PARTIAL,45.689655172413794,67.69075752110518,67.69075752110518,COMPLETE,,67.69075752110518,67.69075752110518,COMPLETE,67.69075752110518,67.69075752110518,OBSERVED_PRODUCTION_GEOMEAN_FIT_DESCRIPTIVE_ONLY,53.993543240783055,71.08802802789073,18.205941439024627,57.21301755267534,48.58197129469142,1.0,COMPLETE,61.441535740888476,43.75,80.28270361665702,51.45783662579539,57.21301755267534,57.28913346340745,COVERAGE_SHRUNK,59.292706128157114,BASKETBALL_REFERENCE_SRS,60.92086888431953,3.5,0.09292706128157115,-0.375,3.2179270612815714,64.1387959456011,1.0,CORE_GEOMEAN_RATE43_RUN22_RESPONSIBILITY15_FIT20_PLUS_BOUNDED_CONTEXT,0.0,0.0,0.0,63.29770922234667,64.86000256962276,20000,20260910
2024-25,203944,Julius Randle,Julius,1610612750,MIN,30.0,15,9,6,0.6,533.255,115,229,0.502,30,78,0.385,66,75,0.88,27,61,88,74,49,12,2,14,45,63,326,40,535.6,2,1,546.0,604.0,29,29,164,51,20,11,13,47,17,20,57,10,13,35,12,21,19,11,5,34,81,202,199,10,10,29,18,22,2,14,14.0,1,110.8,113.2,113.2,109.4,109.7,109.7,1.4,3.5,3.5,0.233,1.51,19.2,0.051,0.114,0.083,12.7,12.7,0.568,0.6221374045801527,0.249,0.256,97.29,96.13,80.11,96.13,0.137,1069,7.7,15.3,88,70,70,104,102,102,86,73,73,34,80,77,79,112,105,159,158,65,56,30,31,128,145,145,38,21,24,2,Conference Finals,SERIES_INFERENCE,POROUND_FILTER_IGNORED,35.550333333333334,21.733333333333334,15.266666666666667,1.510204081632653,79.00713522114214,75.97521577611175,80.85106382978725,81.27620132309112,78.67199484489174,79.18618230346557,78.67199484489174,2,2,1630162,Anthony Edwards,0.273,0.244,Anthony Edwards,Julius Randle,CLEAR,Model proposal retained.,MODEL_PROPOSAL,22.87184284377923,5.472404115996258,0.9822263797942002,0.1992665036674816,0.1786271450858034,0.2038567493112947,0.1481263888888888,0.1390205371248025,0.028169014084507,13.72715568449264,6.943714589992584,84.16666666666667,16.784699530073528,5.809957129098887,84.16666666666667,0.5703948992329066,0.0659510839391149,84.16666666666667,0.1916666666666666,0.0619886190271156,82.5,0.1486166666666666,0.089453729504265,82.5,5.5435357494001005,2.5646123304140325,49.166666666666664,29.087042298881336,7.395436912104441,75.83333333333333,1.9982642026549495,0.7404899489176957,7.5,60,53903,0.5724285368838344,0.4030743835757763,0.2871144124626019,97.4225,112.74833333333332,0.0497088676963182,ALL_PLAYOFF_ROTATION_PLAYERS,5,5,1.0,31.4,17.4,0.6282495667244368,3.0,5.8,0.1570397111913357,0.1379310344827586,5,1.0,37.4,COMPLETE,True,Both stars played at least half of terminal-series games at 15+ MPG,0.5662606100269713,109.86768169350856,0.3611413907435163,88.45437616387338,161.54562383612665,HIGH,6.392463768115942,12.7,3,COMPLETE,3.1099337748344373,1.268770764119601,7.477894736842107,-5.1186915887850475,1.841163010714836,-10.755423314912315,906.0,301.0,190.0,107.0,COMPLETE,CONTEXTUAL_NOT_CAUSAL,LOW,COMPLETE,NORMALIZED_NAME,4.2,3.4,0.8,18.9,0.152,1.2,0.5,1.7,0.8,13.2,15.8,75.0,81.66666666666667,39.166666666666664,80.83333333333333,77.5,56.666666666666664,52.17391304347826,78.26086956521739,PF,BIG,,,54.0,0.389,0.667,0.025,54.0,60.0,COMPLETE,584.7666666666667,130,11,0.3538273056944036,,,35.0,0.113,59.0,5.265773410469662,0.1350198310376836,3.645535438017459,3.645535438017459,10.193997243345116,0.5629139072847682,5.063243663913138,0.6666666666666666,PARTIAL,60.0,1.0,COMPLETE,60.64009661835749,1.0,COMPLETE,11.11111111111111,23.472222222222214,POSITION_GROUP_NEARBY_ERA_PERCENTILE,43.75,1.0,60.64009661835749,Gravity Engine,8.003192156415665,0.6771931824659408,2.1547055805734483,22.5,70.83333333333333,28.125,22.5,29.16666666666667,71.875,13.5,17.686694847020938,7.986111111111111,13.057601986044014,31.708173456835382,0.581787521079258,51.14059546864298,1.0,40.2687828448487,0.9444444444444444,40.2687828448487,PARTIAL,75.0,81.36710547926647,81.36710547926647,COMPLETE,35.526315789473685,76.7830265102872,76.7830265102872,COMPLETE,81.36710547926647,81.36710547926647,OBSERVED_PRODUCTION_GEOMEAN_FIT_DESCRIPTIVE_ONLY,73.45976239829291,79.14912086266867,26.758689286600905,25.533000122147488,50.33872752032577,1.0,COMPLETE,80.99294168711467,81.25,81.25,43.75850174914519,25.533000122147488,40.80940602013489,COVERAGE_SHRUNK,81.00925873009825,BASKETBALL_REFERENCE_SRS,64.06219965828059,0.0,0.31009258730098255,-0.3125,-0.0024074126990174527,64.05979224558158,1.0,CORE_GEOMEAN_RATE43_RUN22_RESPONSIBILITY15_FIT20_PLUS_BOUNDED_CONTEXT,0.0,0.0,0.0,62.82050284519414,67.81927035501553,20000,20260910
2019-20,202689,Kemba Walker,Kemba,1610612738,BOS,30.0,17,10,7,0.588,627.72,113,256,0.441,39,126,0.31,69,81,0.852,6,63,69,86,32,15,7,19,43,66,334,77,579.8,1,0,572.0,641.0,23,18,188,61,13,12,11,97,12,5,126,9,8,60,71,22,28,7,17,23,32,215,193,11,12,10,11,36,7,12,11.0,1,110.0,112.1,112.1,104.1,106.0,106.0,5.9,6.2,6.2,0.218,2.69,21.2,0.01,0.095,0.054,7.9,7.8,0.518,0.5726237827458511,0.225,0.231,98.87,97.08,80.9,97.08,0.117,1269,6.6,15.1,69,53,53,71,91,91,47,53,53,43,25,57,151,149,157,85,83,104,89,50,52,145,175,175,56,27,28,2,Conference Finals,SERIES_INFERENCE,POROUND_FILTER_IGNORED,36.924705882352946,19.647058823529413,15.058823529411764,2.6875,69.1895197824111,100.0,43.373493975903614,85.01359134943543,72.76986097441213,67.89856622121971,72.76986097441213,2,2,1628369,Jayson Tatum,0.275,0.211,Jayson Tatum,Kemba Walker,AMBIGUOUS_SECONDARY,Model proposal retained.,MODEL_PROPOSAL,19.73995271867612,7.446808510638299,1.3002364066193854,0.179666487358795,0.1772853185595568,0.2233766233766233,0.1510758122743682,0.0897269180754226,0.0853658536585365,13.1346416547518,7.093717288877355,80.76923076923077,16.069953706153395,5.491153753332492,76.15384615384615,0.5752759328783092,0.058512585734258,50.0,0.1895384615384615,0.0595583945960928,73.07692307692307,0.1490923076923077,0.0962779187204215,76.15384615384615,5.414195873171859,2.1325361715991464,88.46153846153845,28.31364526058439,7.725805747380409,83.84615384615385,1.7479372016245955,0.6199576695618773,25.384615384615383,65,56337,0.5807301849357721,0.4261977573904179,0.2868501529051988,99.01076923076924,110.02307692307691,-0.0081064021899209,ALL_PLAYOFF_ROTATION_PLAYERS,6,6,1.0,35.833333333333336,19.666666666666668,0.5619047619047619,4.666666666666667,4.0,0.1748148148148148,0.1811175337186898,6,1.0,42.0,COMPLETE,True,Both stars played at least half of terminal-series games at 15+ MPG,0.5736963368225545,99.81304498427797,0.3431159957496231,90.0116144018583,159.98838559814172,HIGH,3.8922166246851377,5.97,3,COMPLETE,6.780469483568074,4.226315789473684,6.1474576271186425,-18.432786885245903,2.5541536940943894,-22.026090818270156,1065.0,380.0,236.0,61.0,COMPLETE,CONTEXTUAL_NOT_CAUSAL,LOW,COMPLETE,NORMALIZED_NAME,3.0,2.6,0.4,16.9,0.148,1.1,0.8,1.9,0.8,10.8,9.9,72.3076923076923,83.07692307692308,40.76923076923077,83.07692307692308,86.15384615384616,85.38461538461539,53.333333333333336,63.33333333333333,PG,GUARD,,,43.0,0.349,0.551,-0.041,48.0,48.0,COMPLETE,690.295,126,20,0.364392591494304,,,55.0,-0.113,82.0,7.226151787421143,0.4014528770789523,2.466067673484993,2.752819728541388,7.455553431466258,0.5692307692307692,4.645383291913592,0.6666666666666666,PARTIAL,65.4326923076923,1.0,COMPLETE,42.38247863247863,1.0,COMPLETE,71.42857142857143,51.08974358974359,POSITION_GROUP_NEARBY_ERA_PERCENTILE,52.083333333333336,1.0,52.083333333333336,Defensive Anchor,6.5711036585807525,1.0430323267588495,2.8683388985868365,25.0,72.91666666666667,81.25,25.0,27.08333333333333,18.75,16.358173076923077,11.47858796296296,13.392857142857142,13.743206060914394,61.91567011419953,0.2647058823529412,51.035534727454866,1.0,56.21298188396404,0.9444444444444444,56.21298188396404,PARTIAL,72.3076923076923,66.97406360074264,66.97406360074264,COMPLETE,22.36842105263158,62.513499345931535,62.513499345931535,COMPLETE,66.97406360074264,66.97406360074264,OBSERVED_PRODUCTION_GEOMEAN_FIT_DESCRIPTIVE_ONLY,55.92001845464101,84.60139744533859,35.146332824396815,44.54109714418368,54.84013107901808,1.0,COMPLETE,65.05521492107178,68.75,68.75,50.08000013642462,44.54109714418368,55.867816223743816,COVERAGE_SHRUNK,36.97549864437259,BASKETBALL_REFERENCE_SRS,64.28599280396467,0.0,-0.13024501355627408,-0.1875,-0.31774501355627405,63.9682477904084,1.0,CORE_GEOMEAN_RATE43_RUN22_RESPONSIBILITY15_FIT20_PLUS_BOUNDED_CONTEXT,0.0,0.0,0.0,62.59516656143937,65.33633065549589,20000,20260910
2012-13,2548,Dwyane Wade,Dwyane,1610612748,MIA,31.0,22,15,7,0.682,782.24,144,315,0.457,1,4,0.25,60,80,0.75,38,64,102,105,58,38,23,18,45,66,349,36,753.9,2,0,679.0,844.0,5,5,176,28,2,4,4,74,102,107,89,13,12,88,10,19,14,4,3,2,7,205,191,13,5,32,4,21,4,5,3.0,1,104.7,105.4,105.4,101.2,102.5,102.5,3.6,3.0,3.0,0.246,1.81,20.5,0.054,0.088,0.071,11.3,11.3,0.459,0.4982866933181039,0.248,0.251,90.36,89.5,74.58,89.5,0.123,1455,6.5,14.3,60,65,65,87,99,99,64,65,65,28,54,48,58,126,93,117,122,122,122,28,31,141,157,157,41,16,23,4,Champion,SERIES_INFERENCE,POROUND_FILTER_IGNORED,35.556363636363635,15.863636363636363,14.318181818181818,1.8103448275862069,63.58170375036005,78.75933771358409,53.40909090909092,76.68367676353017,66.24693937966849,63.72004322908713,66.24693937966849,2,2,2544,LeBron James,0.291,0.3,LeBron James,Dwyane Wade,CLEAR,Model proposal retained.,MODEL_PROPOSAL,17.989690721649485,0.2061855670103093,3.1443298969072164,0.1562220232766338,0.1787741203178206,0.2219873150105708,0.1404380610412926,0.1164383561643835,0.184,11.920664119405052,6.295923339780513,72.03389830508475,15.194074768349116,4.913479990604506,73.72881355932203,0.5332962200794799,0.0780630158006757,22.88135593220339,0.1893050847457627,0.0570177653662935,86.4406779661017,0.1329322033898304,0.0847720501602114,88.98305084745762,3.2611947927352656,2.6966355415351204,27.966101694915253,29.59470782339899,8.376584142700228,68.64406779661016,2.011729692027309,0.8791862683305296,87.28813559322035,59,50936,0.5363499358322769,0.2486089472512797,0.3050300467393723,90.8864406779661,103.86779661016948,-0.0380632425141729,ALL_PLAYOFF_ROTATION_PLAYERS,7,7,1.0,36.57142857142857,19.571428571428573,0.5048643867924528,4.571428571428571,4.0,0.2017673048600883,0.2206654991243432,7,1.0,43.142857142857146,COMPLETE,True,Both stars played at least half of terminal-series games at 15+ MPG,0.5289863601292061,94.19651069951904,0.342607373964034,86.02227298686464,163.97772701313534,HIGH,3.126189655172414,6.67,4,COMPLETE,1.678257517347725,23.05289719626168,15.082524271844658,-18.18282828282828,-21.37463967891396,-54.6399922335869,1297.0,535.0,206.0,99.0,COMPLETE,CONTEXTUAL_NOT_CAUSAL,LOW,COMPLETE,NORMALIZED_NAME,3.1,2.6,0.5,18.7,0.108,0.7,1.0,1.8,1.0,9.9,14.2,77.11864406779661,88.13559322033898,38.13559322033898,88.13559322033898,80.50847457627118,92.3728813559322,3.571428571428571,28.57142857142857,SG,GUARD,,,,,,,,,NOT_MODELED,960.36,96,18,0.3526655288637706,,,,,,0.1840867253016977,1.0584986704847617,,,14.312742892206996,0.4598070739549839,3.6817345060339535,0.5,PARTIAL,83.47457627118644,0.6666666666666666,PARTIAL,26.634382566585955,0.6666666666666666,PARTIAL,50.0,40.942796610169495,POSITION_GROUP_NEARBY_ERA_PERCENTILE,22.916666666666668,1.0,26.634382566585955,Pressure Valve,3.5986505060602276,0.6747469698862927,,75.0,59.375,62.5,75.0,40.625,37.5,62.60593220338983,10.820217917675546,18.75,30.72538337368846,60.1966694668182,0.2448979591836734,59.44546895277671,1.0,59.819890052141545,0.6666666666666666,59.819890052141545,PARTIAL,77.11864406779661,57.90940969161742,57.90940969161742,COMPLETE,1.3157894736842104,52.2500476698241,52.2500476698241,COMPLETE,57.90940969161742,57.90940969161742,OBSERVED_PRODUCTION_GEOMEAN_FIT_DESCRIPTIVE_ONLY,47.39901299804083,84.23575349009616,50.67000580526381,67.49579828189982,60.20166721318356,1.0,COMPLETE,50.67099850069029,75.0,75.0,68.69363171555364,67.49579828189982,56.54659336809436,COVERAGE_SHRUNK,21.650635094610962,BASKETBALL_REFERENCE_SRS,60.62818288038414,3.5,-0.2834936490538904,0.0625,3.2790063509461094,63.90718923133025,1.0,CORE_GEOMEAN_RATE43_RUN22_RESPONSIBILITY15_FIT20_PLUS_BOUNDED_CONTEXT,0.0,0.0,0.0,62.180097226592736,64.96370842492473,20000,20260910
2025-26,1642264,Stephon Castle,Stephon,1610612759,SAS,21.0,23,13,10,0.565,760.45,136,296,0.459,35,100,0.35,111,136,0.816,33,83,116,141,80,21,8,22,89,126,418,75,775.7,3,0,768.0,903.0,1,11,218,43,2,4,5,90,11,10,81,3,3,70,12,11,12,1,2,13,25,229,230,2,4,16,4,10,5,3,2.0,1,110.7,111.6,111.6,103.6,105.8,105.8,7.1,5.8,5.8,0.298,1.76,24.4,0.043,0.095,0.071,13.9,13.9,0.519,0.5873426258992805,0.245,0.248,100.65,99.19,82.66,99.19,0.115,1564,5.9,12.9,64,66,66,71,94,94,47,58,58,18,88,43,96,143,132,175,175,92,70,40,44,41,88,88,64,37,39,3,Finals,SERIES_INFERENCE,POROUND_FILTER_IGNORED,33.06304347826087,18.17391304347826,12.869565217391305,1.7625,67.82501675577535,86.20210280373833,44.44444444444445,89.66025326186768,68.58476131763614,66.07837272361009,68.58476131763614,2,2,1641705,Victor Wembanyama,0.278,0.136,Victor Wembanyama,Stephon Castle,AMBIGUOUS_SECONDARY,Model proposal retained.,MODEL_PROPOSAL,20.04475703324808,4.79539641943734,1.3906649616368287,0.1617021276595744,0.1491183879093199,0.2517857142857143,0.1365260323159784,0.1081081081081081,0.05,13.54053126420646,6.268213691074433,81.25,16.594711914116758,4.810919579579436,81.25,0.5764925764472391,0.061555679393522,59.82142857142857,0.1897678571428571,0.05687046404877,82.14285714285714,0.1488571428571428,0.0798490604138808,93.75,5.178813007497501,2.4160713539958754,38.392857142857146,29.076331465165374,6.987513759725253,63.39285714285714,1.9141167976357585,0.9426676267564292,34.82142857142857,56,49952,0.5763567690411792,0.3954170899650073,0.2920194152838921,97.55232142857145,111.68035714285716,0.0109858568581013,ALL_PLAYOFF_ROTATION_PLAYERS,5,5,1.0,31.6,14.6,0.503865267807841,4.2,5.4,0.1431372549019607,0.1442080378250591,5,1.0,39.8,COMPLETE,True,Both stars played at least half of terminal-series games at 15+ MPG,0.5618101383030321,104.54468259924434,0.3482824380821984,86.89885332876946,163.10114667123054,HIGH,5.807415929203538,11.04,4,COMPLETE,12.531692573402417,15.429137529137527,-14.41659663865546,11.078550724637685,-2.8974449557351107,22.59770240755803,1158.0,429.0,476.0,345.0,COMPLETE,CONTEXTUAL_NOT_CAUSAL,MEDIUM,COMPLETE,NORMALIZED_NAME,1.8,1.1,0.7,16.8,0.139,1.2,1.0,2.2,0.7,11.4,18.4,50.0,62.5,47.32142857142857,74.10714285714286,83.92857142857143,86.60714285714286,19.642857142857142,67.85714285714286,PG,GUARD,,,78.0,0.372,0.515,-0.122,55.0,50.0,COMPLETE,750.4033333333333,114,78,0.3458759706834325,,,78.0,-0.226,76.0,4.73403905582221,0.3787231244657768,3.692550463541324,2.6037214807022155,9.278716549411532,0.5153061224489796,6.4382931159182055,0.6666666666666666,PARTIAL,58.55654761904761,1.0,COMPLETE,54.117063492063494,1.0,COMPLETE,42.857142857142854,46.32936507936508,POSITION_GROUP_NEARBY_ERA_PERCENTILE,44.44444444444445,1.0,54.117063492063494,Pressure Valve,5.46905886167883,3.7419876422013054,3.7419876422013054,18.333333333333332,58.333333333333336,91.66666666666666,18.333333333333332,41.666666666666664,8.333333333333343,10.735367063492063,22.548776455026456,3.571428571428575,12.285190696649032,53.93498354626403,0.1219512195121952,44.47526639922917,1.0,48.977267803115915,0.9444444444444444,48.977267803115915,PARTIAL,50.0,66.84285475650977,66.84285475650977,COMPLETE,80.26315789473685,68.18488507033248,68.18488507033248,COMPLETE,66.84285475650977,66.84285475650977,OBSERVED_PRODUCTION_GEOMEAN_FIT_DESCRIPTIVE_ONLY,59.32014492612572,78.86511670347713,26.86424829558855,52.2579915472044,53.5172649253207,1.0,COMPLETE,62.40461641034761,75.0,75.0,58.99790693112382,52.2579915472044,49.03408625849836,COVERAGE_SHRUNK,66.14378277661473,BASKETBALL_REFERENCE_SRS,62.084471117320426,1.5,0.1614378277661473,-0.1666666666666667,1.4947711610994805,63.579242278419905,1.0,CORE_GEOMEAN_RATE43_RUN22_RESPONSIBILITY15_FIT20_PLUS_BOUNDED_CONTEXT,0.0,0.0,0.0,62.785830463332005,65.10752598587504,20000,20260910
2021-22,1628389,Bam Adebayo,Bam,1610612748,MIA,24.0,18,11,7,0.611,613.7416666666667,104,175,0.594,0,1,0.0,58,76,0.763,37,107,144,48,38,18,13,8,55,85,266,78,565.8,6,0,520.0,599.0,15,15,194,30,14,13,20,29,162,174,162,12,10,106,5,8,9,21,10,16,12,183,208,9,13,11,14,5,3,14,14.0,1,107.9,111.0,111.0,103.4,104.3,104.3,4.6,6.7,6.7,0.125,1.26,16.4,0.059,0.184,0.119,13.0,12.9,0.594,0.6380733064670888,0.177,0.182,95.34,93.54,77.95,93.54,0.132,1195,5.8,9.7,111,82,82,58,61,61,58,46,46,94,109,97,55,45,50,166,167,56,48,94,97,161,184,184,35,36,57,2,Conference Finals,SERIES_INFERENCE,POROUND_FILTER_IGNORED,34.09675925925926,14.77777777777778,9.72222222222222,1.263157894736842,34.320556252009595,16.974617394550208,48.591549295774655,78.395365587205,34.88826332247282,37.64390144177644,34.88826332247282,4,2,202710,Jimmy Butler III,0.28,0.229,Jimmy Butler III,Tyler Herro,OWNER_REVIEWED,"Owner-reviewed: Adebayo, not Herro, was Miami's second option.",OWNER_REVIEWED,16.694560669456067,0.0627615062761506,1.9456066945606696,0.1417910447761194,0.1139322916666666,0.1218274111675127,0.1420698302469135,0.1948579161028416,0.1969696969696969,13.56653879656336,7.199313249338581,62.5,16.300144789246772,5.824806076018429,57.49999999999999,0.5783376102207521,0.0696937130809069,80.83333333333333,0.1898833333333333,0.0690965729171055,51.66666666666667,0.1514833333333333,0.095581987784775,49.166666666666664,5.4377116621519095,2.61427005331089,2.5,29.383935946086684,7.520510574473456,60.83333333333333,1.888596749502386,0.8029924971853363,60.83333333333333,60,55031,0.5739352069464334,0.4211062442701436,0.2687175308138942,97.45266666666669,110.17833333333331,0.0641380995206554,ALL_PLAYOFF_ROTATION_PLAYERS,7,7,1.0,37.285714285714285,15.0,0.6070767807585569,2.5714285714285716,8.428571428571429,0.1504297994269341,0.1299342105263158,7,1.0,36.142857142857146,COMPLETE,True,Both stars played at least half of terminal-series games at 15+ MPG,0.5673856332656823,112.4584883819761,0.3534143300489251,88.7069968422802,161.2930031577198,HIGH,4.255476190476189,7.02,3,COMPLETE,11.829152915291528,0.9176795580110504,-5.935897435897436,-0.1325301204819284,10.911473357280478,16.714840672695985,909.0,362.0,312.0,166.0,COMPLETE,CONTEXTUAL_NOT_CAUSAL,LOW,COMPLETE,NORMALIZED_NAME,2.9,0.9,2.0,17.9,0.169,1.2,1.0,2.2,0.8,21.3,15.4,73.33333333333333,54.166666666666664,80.83333333333333,85.0,93.33333333333331,89.16666666666667,8.695652173913043,69.56521739130434,C,BIG,,,0.0,,0.58,-0.083,41.0,30.0,COMPLETE,629.305,68,11,0.3512798642839,,,32.0,0.001,79.0,0.0586566009042892,0.7625358117557604,0.0,2.40492063707586,10.206248557346331,0.5977011494252874,4.457901668725984,0.6666666666666666,PARTIAL,39.270833333333336,1.0,COMPLETE,27.907608695652172,1.0,COMPLETE,50.0,76.94444444444444,POSITION_GROUP_NEARBY_ERA_PERCENTILE,60.416666666666664,1.0,60.416666666666664,Defensive Anchor,3.8900056411438015,0.6292656184203208,1.8305908899500245,18.75,39.583333333333336,37.5,18.75,60.416666666666664,62.5,7.36328125,16.860846920289852,31.25,18.491376056763283,53.02236519607844,0.4411764705882353,38.01913041277756,1.0,44.89837655398716,0.9444444444444444,44.89837655398716,PARTIAL,73.33333333333333,64.7802396941424,64.7802396941424,COMPLETE,77.63157894736842,66.06537361946499,66.06537361946499,COMPLETE,64.7802396941424,64.7802396941424,OBSERVED_PRODUCTION_GEOMEAN_FIT_DESCRIPTIVE_ONLY,26.912992261109615,89.06926143924927,25.335002902631892,75.97048132684235,49.55638804011606,1.0,COMPLETE,69.85324507559444,25.0,74.99999999999997,47.76627918207652,75.97048132684235,45.181800078765654,COVERAGE_SHRUNK,55.198505414549025,BASKETBALL_REFERENCE_SRS,63.79714988357349,0.0,0.051985054145490255,-0.3125,-0.26051494585450974,63.53663493771898,1.0,CORE_GEOMEAN_RATE43_RUN22_RESPONSIBILITY15_FIT20_PLUS_BOUNDED_CONTEXT,0.0,0.0,0.0,62.1671466433841,66.14662047265138,20000,20260910
2000-01,243,Aaron McKie,Aaron,1610612755,PHI,28.0,23,12,11,0.522,891.3233333333334,125,301,0.415,27,64,0.422,59,75,0.787,24,95,119,121,46,34,3,29,67,1,336,-14,725.3,1,0,677.0,808.0,1,10,185,54,3,6,6,88,4,4,27,12,11,69,21,7,9,2,6,2,52,188,188,3,6,128,6,30,2,6,6.0,1,101.9,104.4,104.4,105.2,105.7,105.7,-3.3,-1.4,-1.4,0.238,2.63,24.1,0.026,0.114,0.068,9.2,9.2,0.46,0.5029940119760479,0.193,0.194,90.02,88.75,73.96,88.75,0.106,1652,5.4,13.1,73,50,50,130,135,135,99,80,80,30,31,35,108,78,92,81,80,84,85,66,72,139,163,163,52,32,31,3,Finals,SERIES_INFERENCE,POROUND_FILTER_IGNORED,38.753188405797104,14.608695652173912,13.08695652173913,2.630434782608696,31.691620277491783,87.79069767441861,62.352941176470566,71.51091787078138,58.17763860097901,45.42475707664471,58.17763860097901,2,2,947,Allen Iverson,0.358,0.28,Allen Iverson,Aaron McKie,AMBIGUOUS_SECONDARY,Model proposal retained.,MODEL_PROPOSAL,15.254237288135592,2.905569007263922,1.6797820823244554,0.1581920903954802,0.1619150080688542,0.2636165577342048,0.1607436128644424,0.1179385530227948,0.0265486725663716,12.726753163449937,7.659436713851978,68.75,14.959659581931009,5.4330405421211445,59.82142857142857,0.517702098085489,0.061755442690447,40.17857142857143,0.1892678571428571,0.0621701269189829,66.07142857142857,0.1445357142857143,0.08557786018043,81.25,2.4830384352452106,2.2399887242146264,52.67857142857143,31.296566822712222,9.298009630007009,70.53571428571429,2.0824518215982017,0.9965307191303636,41.964285714285715,56,45548,0.518947776882305,0.1828062034436439,0.3306875076321895,92.06428571428572,102.5375,-0.0159537649062571,ALL_PLAYOFF_ROTATION_PLAYERS,5,5,1.0,41.4,8.0,0.3849114703618168,6.0,5.4,0.0852878464818763,0.1151079136690647,5,1.0,47.4,COMPLETE,True,Both stars played at least half of terminal-series games at 15+ MPG,0.5110097950271401,98.43138367814134,0.3700394874200039,89.19239904988123,160.80760095011877,HIGH,2.331461267605634,3.74,4,COMPLETE,,,,,,,0.0,0.0,0.0,0.0,NOT_MODELED,NOT_MODELED,NOT_MODELED,COMPLETE,NORMALIZED_NAME,1.9,0.9,1.0,15.4,0.1,1.2,0.6,1.9,0.9,12.3,12.1,58.92857142857143,57.14285714285714,66.96428571428571,85.71428571428571,85.71428571428571,75.0,27.27272727272727,45.45454545454545,SG,GUARD,,,,,,,,,NOT_MODELED,1022.5233333333332,142,7,0.3499806098211256,,,,,,2.584920548846845,0.1211681507271958,,,9.572283907448474,0.4135021097046413,3.0292037681798973,0.5,PARTIAL,80.35714285714285,0.6666666666666666,PARTIAL,63.737824675324674,0.6666666666666666,PARTIAL,25.0,36.607142857142854,POSITION_GROUP_NEARBY_ERA_PERCENTILE,10.416666666666666,1.0,63.737824675324674,Pressure Valve,4.999396916777775,0.2464491437848199,,91.25,56.25,6.25,91.25,43.75,93.75,73.32589285714285,27.885298295454547,23.4375,41.549563717532465,54.491231104960605,0.4098360655737705,72.75375932216821,1.0,62.963814314087976,0.6666666666666666,62.963814314087976,PARTIAL,58.92857142857143,55.30924373961437,55.30924373961437,COMPLETE,,55.30924373961437,55.30924373961437,COMPLETE,55.30924373961437,55.30924373961437,OBSERVED_PRODUCTION_GEOMEAN_FIT_DESCRIPTIVE_ONLY,31.829672272596337,85.7142857142857,10.82531754730548,59.510661778651695,39.586189967010235,1.0,COMPLETE,52.12655951488679,81.25,81.25,67.0892903138174,59.510661778651695,58.642542876058656,COVERAGE_SHRUNK,21.650635094610962,BASKETBALL_REFERENCE_SRS,61.836890272776444,1.5,-0.2834936490538904,-0.4375,0.7790063509461096,62.615896623722556,1.0,CORE_GEOMEAN_RATE43_RUN22_RESPONSIBILITY15_FIT20_PLUS_BOUNDED_CONTEXT,0.0,0.0,0.0,60.86600731075083,63.57124014101483,20000,20260910
2002-03,2030,Kenyon Martin,Kenyon,1610612751,NJN,25.0,20,14,6,0.7,775.635,149,329,0.453,1,11,0.091,79,114,0.693,50,137,187,57,58,29,31,29,92,0,378,84,809.9,8,0,743.0,859.0,9,9,130,8,6,4,4,71,88,71,98,10,6,125,5,4,4,15,4,5,5,186,187,12,8,7,3,5,4,4,3.0,1,99.5,101.3,101.3,94.9,95.4,95.4,4.6,5.9,5.9,0.142,0.98,11.5,0.064,0.181,0.121,11.7,11.7,0.454,0.4984703027745542,0.251,0.253,92.95,91.84,76.53,91.84,0.128,1482,7.5,16.5,117,94,94,27,33,33,34,34,34,65,108,114,60,28,38,108,107,99,111,23,25,89,123,123,35,16,22,3,Finals,SERIES_INFERENCE,POROUND_FILTER_IGNORED,38.78175,18.9,16.45,0.9827586206896552,95.01052631578946,23.73830683153681,66.66666666666666,84.85716181691497,66.03522733328924,81.7068642125959,66.03522733328924,2,2,467,Jason Kidd,0.241,0.356,Jason Kidd,Kenyon Martin,CLEAR,Model proposal retained.,MODEL_PROPOSAL,19.129554655870447,0.5566801619433198,3.0364372469635628,0.201815269620929,0.2042209807572936,0.1338028169014084,0.1591046153846153,0.2075471698113207,0.3647058823529411,12.606417870853829,7.106737938537118,81.57894736842105,15.197823643247808,5.031152292971123,78.0701754385965,0.5275706527048304,0.0591548044604437,27.192982456140353,0.1911052631578947,0.0584362553318695,83.33333333333334,0.1448245614035087,0.0772233313546455,60.526315789473685,2.9219970988325232,2.085333954292134,21.929824561403507,30.627668712207253,8.728283089132772,79.82456140350878,1.9746378484609075,0.929224963963716,86.8421052631579,57,52993,0.531347416845737,0.2269804947150485,0.3457556935817805,92.79561403508772,103.31052631578947,-0.0328771140711828,ALL_PLAYOFF_ROTATION_PLAYERS,6,6,1.0,37.5,14.666666666666666,0.380754586362063,2.1666666666666665,10.0,0.1788617886178861,0.2134146341463414,6,1.0,44.166666666666664,COMPLETE,True,Both stars played at least half of terminal-series games at 15+ MPG,0.524864280656422,94.97127565075336,0.3441469551318818,88.82235528942115,161.17764471057882,HIGH,2.437102040816326,5.65,4,COMPLETE,,,,,,,0.0,0.0,0.0,0.0,NOT_MODELED,NOT_MODELED,NOT_MODELED,COMPLETE,NORMALIZED_NAME,3.0,0.4,2.5,17.4,0.128,0.3,1.7,2.1,1.0,20.9,13.3,71.9298245614035,49.122807017543856,91.2280701754386,86.8421052631579,88.59649122807018,96.49122807017544,50.0,40.0,PF,BIG,,,,,,,,,NOT_MODELED,851.7,104,4,0.3469558059023196,,,,,,0.5105494207971534,1.4388210949737956,,,14.759519619408614,0.4654088050314465,5.291148542806862,0.5,PARTIAL,56.28654970760234,0.6666666666666666,PARTIAL,46.10745614035088,0.6666666666666666,PARTIAL,80.0,89.36403508771929,POSITION_GROUP_NEARBY_ERA_PERCENTILE,70.83333333333333,1.0,70.83333333333333,Defensive Anchor,4.395914054244452,0.1690736174709404,,42.5,78.125,25.0,42.5,21.875,75.0,23.921783625730995,10.086006030701755,60.0,31.335929885477583,71.33027823669788,0.5381165919282511,61.64988995977561,1.0,66.31367735311171,0.6666666666666666,66.31367735311171,PARTIAL,71.9298245614035,59.7265512368,59.7265512368,COMPLETE,,59.7265512368,59.7265512368,COMPLETE,59.7265512368,59.7265512368,OBSERVED_PRODUCTION_GEOMEAN_FIT_DESCRIPTIVE_ONLY,66.47771630165394,87.71491217104717,18.205941439024627,91.43564967448022,56.57820069402108,1.0,COMPLETE,53.45032287192111,50.0,87.50000000000003,51.516066247606965,91.43564967448022,60.87578490207447,COVERAGE_SHRUNK,40.50462936504913,BASKETBALL_REFERENCE_SRS,60.83802641713799,1.5,-0.09495370634950874,-0.25,1.1550462936504913,61.99307271078848,1.0,CORE_GEOMEAN_RATE43_RUN22_RESPONSIBILITY15_FIT20_PLUS_BOUNDED_CONTEXT,0.0,0.0,0.0,59.95205515512883,62.77235179621117,20000,20260910
2006-07,2225,Tony Parker,Tony,1610612759,SAS,25.0,20,16,4,0.8,750.6383333333333,168,350,0.48,7,21,0.333,72,106,0.679,14,53,67,115,66,22,0,28,34,85,415,84,667.9,2,0,648.0,778.0,1,1,52,5,2,2,2,59,47,44,52,7,5,106,42,27,33,5,2,8,126,190,154,5,3,8,4,27,2,4,4.0,1,106.5,107.5,107.5,101.4,102.3,102.3,5.1,5.2,5.2,0.287,1.74,20.0,0.02,0.073,0.047,11.5,11.4,0.49,0.5231444130697862,0.287,0.291,91.68,90.87,75.72,90.87,0.123,1426,8.4,17.5,38,31,31,73,85,85,37,38,38,20,45,45,105,124,121,105,105,84,92,18,19,90,123,123,42,12,11,4,Champion,SERIES_INFERENCE,POROUND_FILTER_IGNORED,37.53191666666667,20.75,17.5,1.7424242424242424,95.17114963201216,91.51817803503197,54.47154471544716,100.0,84.14179944217625,86.90737400740053,84.14179944217625,1,2,1495,Tim Duncan,0.295,0.173,Tony Parker,Tim Duncan,OWNER_REVIEWED,Owner-reviewed: Duncan was the structural primary; Parker was the second option.,OWNER_REVIEWED,21.826788218793823,1.1044880785413744,1.1570827489481066,0.2169367485624673,0.2280130293159609,0.2896725440806045,0.1563829861111111,0.0825123152709359,0.0,12.695277465053003,6.279243847175439,86.8421052631579,15.459009748896012,4.787007430207778,88.59649122807018,0.5442205142557004,0.0543851527932405,32.45614035087719,0.1913859649122807,0.0561250966117919,92.10526315789474,0.1388771929824561,0.1130736555750414,88.59649122807018,3.0264832845206797,2.4922178804338966,35.96491228070175,30.882753916443413,8.272733626639221,71.05263157894737,1.938676491368398,0.9134173741019408,21.929824561403507,57,48244,0.541525836955661,0.2343787407230069,0.3384007661000718,92.1159649122807,104.52105263157894,-0.0183814238858748,ALL_PLAYOFF_ROTATION_PLAYERS,4,4,1.0,38.0,24.5,0.5949490043710539,3.25,5.0,0.2832369942196532,0.2569444444444444,4,1.0,37.25,COMPLETE,True,Both stars played at least half of terminal-series games at 15+ MPG,0.5299716968775449,98.71176444931244,0.3485331051029141,87.45247148288973,162.5475285171103,HIGH,2.718557993730408,3.33,3,COMPLETE,,,,,,,0.0,0.0,0.0,0.0,NOT_MODELED,NOT_MODELED,NOT_MODELED,COMPLETE,NORMALIZED_NAME,1.3,1.8,-0.5,18.7,0.1,0.9,0.6,1.6,0.6,8.1,14.3,44.73684210526316,66.66666666666666,13.157894736842104,65.78947368421053,74.56140350877193,57.01754385964912,4.761904761904762,42.857142857142854,PG,GUARD,,,,,,,,,NOT_MODELED,736.435,0,62,0.3498098859315589,,,,,,1.0071428095643042,0.0,,,15.7785706831741,0.4893617021276595,5.083673229229345,0.5,PARTIAL,81.0672514619883,0.6666666666666666,PARTIAL,22.681704260651628,0.6666666666666666,PARTIAL,12.5,9.703947368421051,POSITION_GROUP_NEARBY_ERA_PERCENTILE,56.25,1.0,56.25,Pressure Valve,0.0,3.0308173837473777,,56.25,34.375,93.75,56.25,65.625,6.25,45.600328947368425,14.884868421052632,0.78125,20.422149122807017,65.01123234916561,0.048780487804878,55.75033168847379,1.0,60.202971412899714,0.6666666666666666,60.202971412899714,PARTIAL,44.73684210526316,58.66995997226891,58.66995997226891,COMPLETE,,58.66995997226891,58.66995997226891,COMPLETE,58.66995997226891,58.66995997226891,OBSERVED_PRODUCTION_GEOMEAN_FIT_DESCRIPTIVE_ONLY,79.47560481616877,70.03824308189174,74.76287520088037,25.433728059864013,57.36092934535398,1.0,COMPLETE,50.48080129713509,87.5,87.5,68.92264857264057,25.433728059864013,56.80198094193314,COVERAGE_SHRUNK,8.838834764831844,BASKETBALL_REFERENCE_SRS,58.20295395258889,3.5,-0.41161165235168157,0.375,3.4633883476483183,61.66634230023721,1.0,CORE_GEOMEAN_RATE43_RUN22_RESPONSIBILITY15_FIT20_PLUS_BOUNDED_CONTEXT,0.0,0.0,0.0,60.47012724987419,62.40547022181326,20000,20260910
2010-11,2736,Luol Deng,Luol,1610612741,CHI,26.0,16,9,7,0.563,686.8633333333333,98,230,0.426,22,68,0.324,52,62,0.839,27,79,106,43,26,24,10,15,40,64,270,96,537.7,2,0,509.0,564.0,26,17,172,38,8,11,9,101,13,9,61,13,15,40,18,16,14,16,21,7,26,181,171,12,10,5,12,22,5,11,11.0,1,103.5,106.3,106.3,97.2,99.0,99.0,6.3,7.2,7.2,0.111,1.65,13.1,0.039,0.122,0.079,8.0,8.0,0.474,0.5247201492537314,0.189,0.19,89.93,87.95,73.29,87.95,0.113,1261,6.1,14.4,82,53,53,38,45,45,41,39,39,81,57,90,83,73,78,64,64,93,89,85,91,111,153,153,57,22,15,2,Conference Finals,SERIES_INFERENCE,POROUND_FILTER_IGNORED,42.928958333333334,16.875,14.375,1.6538461538461535,49.40166809004245,18.88066299800731,61.061946902654874,100.0,45.69035286108289,51.2115399388593,45.69035286108289,2,2,201565,Derrick Rose,0.344,0.398,Derrick Rose,Luol Deng,CLEAR,Model proposal retained.,MODEL_PROPOSAL,16.05868358445678,4.044409199048374,2.022204599524187,0.1824324324324324,0.1784328937160589,0.1335403726708074,0.1777136696852091,0.152080344332855,0.0943396226415094,11.5197099530525,6.8921076841697175,78.57142857142857,15.016759214081151,5.552795180651874,62.698412698412696,0.5336758327155487,0.0611491692345472,45.23809523809524,0.1863968253968253,0.0643466652069493,52.38095238095239,0.1281111111111111,0.0928870471451044,50.0,2.8945164012170825,2.657505486269762,65.87301587301587,28.965640225396584,8.80062468360359,97.61904761904762,2.087559235753856,0.876057618746247,57.936507936507944,63,49490,0.5384248749868726,0.2231769623780771,0.3406874129122155,89.58603174603176,104.268253968254,-0.0137047257331411,ALL_PLAYOFF_ROTATION_PLAYERS,5,5,1.0,42.6,17.2,0.5290354330708661,2.0,7.0,0.1972477064220183,0.1835748792270531,5,1.0,42.0,COMPLETE,True,Both stars played at least half of terminal-series games at 15+ MPG,0.5294851364542746,99.10007158417096,0.3371064847925308,85.19986216402481,164.8001378359752,HIGH,1.6005434782608696,6.76,3,COMPLETE,8.526557093425605,-40.69350649350649,-7.648299319727891,1.1817204301075273,49.2200635869321,58.050083336767514,1156.0,77.0,147.0,93.0,COMPLETE,CONTEXTUAL_NOT_CAUSAL,LOW,COMPLETE,NORMALIZED_NAME,2.4,1.0,1.4,15.4,0.15,1.1,1.1,2.1,0.8,14.0,9.2,71.42857142857143,62.698412698412696,68.25396825396825,85.71428571428571,85.71428571428571,96.03174603174604,41.66666666666667,41.66666666666667,SF,WING,,,,,,,,,NOT_MODELED,649.47,101,11,0.3139597212650279,,,,,,3.5640277784518024,0.5241217321252651,,,8.490772060429295,0.4691358024691358,3.2495547391766437,0.5,PARTIAL,50.79365079365079,0.6666666666666666,PARTIAL,55.00992063492063,0.6666666666666666,PARTIAL,50.0,56.00198412698413,POSITION_GROUP_NEARBY_ERA_PERCENTILE,16.666666666666668,1.0,55.00992063492063,Gravity Engine,5.598411012055983,0.6097279320060973,,91.25,50.0,43.75,91.25,50.0,56.25,46.34920634920634,27.504960317460316,28.125,33.99305555555555,51.63502109704641,0.2848101265822785,60.262711551738704,1.0,55.782312450625874,0.6666666666666666,55.782312450625874,PARTIAL,71.42857142857143,57.07574025529758,57.07574025529758,COMPLETE,97.36842105263158,61.10500833503098,61.10500833503098,COMPLETE,57.07574025529758,57.07574025529758,OBSERVED_PRODUCTION_GEOMEAN_FIT_DESCRIPTIVE_ONLY,50.01875863998384,85.7142857142857,44.28229823743612,72.41552475357858,60.10905515699721,1.0,COMPLETE,58.732380945593654,31.25,31.25,53.538339354503925,72.41552475357858,53.854874967083916,COVERAGE_SHRUNK,21.650635094610962,BASKETBALL_REFERENCE_SRS,61.863404423172184,0.0,-0.2834936490538904,0.0,-0.2834936490538904,61.5799107741183,1.0,CORE_GEOMEAN_RATE43_RUN22_RESPONSIBILITY15_FIT20_PLUS_BOUNDED_CONTEXT,0.0,0.0,0.0,60.1865425647006,62.75051108302667,20000,20260910
2014-15,2730,Dwight Howard,Dwight,1610612745,HOU,29.0,17,9,8,0.529,574.1583333333333,105,182,0.577,0,0,0.0,68,165,0.412,62,176,238,20,37,23,39,16,60,132,278,9,742.6,13,0,660.0,742.0,17,19,194,56,11,7,19,24,125,152,125,6,3,157,2,2,1,57,10,12,1,198,205,2,7,60,5,2,5,6,6.0,1,104.6,106.6,106.6,104.3,105.2,105.2,0.2,1.4,1.4,0.057,0.54,6.4,0.101,0.287,0.194,11.8,11.9,0.577,0.5459544383346426,0.212,0.214,102.65,101.24,84.37,101.24,0.136,1207,6.2,10.7,64,45,45,113,123,123,87,80,80,147,145,160,12,2,2,150,151,38,70,61,66,33,55,55,29,25,52,2,Conference Finals,SERIES_INFERENCE,POROUND_FILTER_IGNORED,33.77401960784314,16.352941176470587,10.705882352941176,0.5405405405405406,55.84691439323637,0.0,75.36231884057972,77.6117202616788,45.05993148052342,55.25354413680353,45.05993148052342,3,2,201935,James Harden,0.289,0.338,James Harden,Dwight Howard,AMBIGUOUS_SECONDARY,Model proposal retained.,MODEL_PROPOSAL,17.27423363711682,0.0,3.852526926263463,0.1511691136487221,0.128440366972477,0.053763440860215,0.1407250816993464,0.3063063063063063,0.4193548387096774,12.710126470099835,6.268978213368377,78.8135593220339,15.307993898613082,4.716685561110355,70.33898305084746,0.5316583834698956,0.0607497513626842,61.86440677966102,0.1908474576271186,0.057959311724435,66.94915254237289,0.1492711864406779,0.0992611400072632,12.71186440677966,3.926058865781535,2.704896839914963,6.779661016949152,29.97469343703606,7.538887085057772,63.559322033898304,2.0285294141689816,0.8198863932399741,95.76271186440678,59,52551,0.5359515510966474,0.3153409090909091,0.3064903846153846,96.14101694915256,104.09661016949154,0.0100028872379952,ALL_PLAYOFF_ROTATION_PLAYERS,5,5,1.0,35.0,14.4,0.5281690140845071,0.8,14.4,0.1434262948207171,0.1265508684863523,5,1.0,39.6,COMPLETE,True,Both stars played at least half of terminal-series games at 15+ MPG,0.526232473993668,103.7477664940176,0.3440444551824112,86.01111379560281,163.9888862043972,HIGH,6.987468030690538,10.01,3,COMPLETE,2.6157219251336907,-5.408016032064128,-2.73388157894737,-39.31780821917808,8.023737957197818,-28.560188683032894,935.0,499.0,304.0,73.0,COMPLETE,CONTEXTUAL_NOT_CAUSAL,LOW,COMPLETE,NORMALIZED_NAME,2.4,1.2,1.2,20.4,0.126,0.6,0.9,1.5,0.6,31.4,12.7,63.559322033898304,64.40677966101694,58.47457627118644,74.57627118644068,72.03389830508475,87.28813559322035,22.5,70.0,C,BIG,,,,,0.55,-0.075,35.0,30.0,PARTIAL,635.8116666666666,107,7,0.3557734279988874,,,32.0,0.063,70.0,0.0,2.445318509702608,,2.1945166112715717,11.411486378612173,0.5769230769230769,10.345578310280269,0.6666666666666666,PARTIAL,23.04025423728814,0.6666666666666666,PARTIAL,22.944915254237287,1.0,COMPLETE,75.0,75.74152542372882,POSITION_GROUP_NEARBY_ERA_PERCENTILE,75.0,1.0,75.0,Defensive Anchor,6.058397795993049,0.3963437810462742,1.811857284782968,52.5,54.166666666666664,28.125,52.5,45.833333333333336,71.875,12.096133474576272,10.516419491525424,53.90625,25.506267655367235,58.973248552994626,0.4222766217870257,49.25861999908436,1.0,53.89750310156783,0.8888888888888888,53.89750310156783,PARTIAL,63.559322033898304,65.59795785848756,65.59795785848756,COMPLETE,13.157894736842104,60.35395154632302,60.35395154632302,COMPLETE,65.59795785848756,65.59795785848756,OBSERVED_PRODUCTION_GEOMEAN_FIT_DESCRIPTIVE_ONLY,40.21838191339458,73.294062069287,18.75,78.77218865382692,49.10792431904997,1.0,COMPLETE,65.15364711951015,18.75,93.74999999999997,49.0048665447502,78.77218865382692,53.464447201393625,COVERAGE_SHRUNK,81.00925873009825,BASKETBALL_REFERENCE_SRS,61.58255259067888,0.0,0.31009258730098255,-0.4375,-0.12740741269901745,61.455145177979865,1.0,CORE_GEOMEAN_RATE43_RUN22_RESPONSIBILITY15_FIT20_PLUS_BOUNDED_CONTEXT,0.0,0.0,0.0,60.539117113757655,62.7320345839993,20000,20260910
2001-02,952,Antoine Walker,Antoine,1610612738,BOS,25.0,16,9,7,0.563,703.6316666666667,131,319,0.411,42,109,0.385,50,64,0.781,23,115,138,52,55,24,6,22,56,0,354,50,632.6,5,0,646.0,686.0,20,26,171,35,6,5,4,104,1,1,35,15,14,62,24,5,7,14,4,9,33,184,175,15,6,13,7,8,5,6,7.0,1,99.5,100.5,100.5,96.0,97.1,97.1,3.5,3.4,3.4,0.147,0.95,11.4,0.033,0.162,0.098,12.1,12.1,0.476,0.5098513653646733,0.264,0.267,92.36,91.41,76.18,91.41,0.119,1342,8.2,19.9,90,70,70,43,50,50,46,52,52,60,106,107,98,38,57,116,115,75,87,21,23,97,118,118,44,12,10,2,Conference Finals,SERIES_INFERENCE,POROUND_FILTER_IGNORED,43.976979166666666,22.125,19.9375,0.9454545454545454,89.32274875772633,36.35204081632653,58.333333333333336,100.0,66.21804508132183,78.36165744082143,66.21804508132183,2,2,1718,Paul Pierce,0.295,0.195,Paul Pierce,Antoine Walker,CLEAR,Model proposal retained.,MODEL_PROPOSAL,19.78390461997019,6.0916542473919515,1.676602086438152,0.2424657534246575,0.2541832669322709,0.1733333333333333,0.1832374131944444,0.1994219653179191,0.0789473684210526,12.7916826056369,6.757157527726527,85.08771929824562,15.26648748266838,4.818884015625122,83.33333333333334,0.5248977350377261,0.0582379972619006,41.22807017543859,0.1931052631578947,0.0581328436957871,83.33333333333334,0.1381228070175438,0.0803477245991509,62.28070175438597,2.8736871739923666,2.2974761386449485,95.6140350877193,31.2274073176362,9.114529112191304,93.859649122807,2.0703700686800883,1.024560900724342,41.22807017543859,57,45959,0.5213058714767914,0.2182289736939607,0.3383969371372113,92.98701754385964,101.8561403508772,-0.011454506112118,ALL_PLAYOFF_ROTATION_PLAYERS,6,6,1.0,44.833333333333336,22.5,0.4713687150837989,3.6666666666666665,9.833333333333334,0.2428057553956834,0.2642276422764227,6,1.0,43.833333333333336,COMPLETE,True,Both stars played at least half of terminal-series games at 15+ MPG,0.514155510812597,99.16287089073086,0.3508876249264097,83.9686573485811,166.0313426514189,HIGH,2.409353099730458,3.67,3,COMPLETE,,,,,,,0.0,0.0,0.0,0.0,NOT_MODELED,NOT_MODELED,NOT_MODELED,COMPLETE,NORMALIZED_NAME,1.2,1.3,-0.1,16.0,0.097,0.3,1.2,1.4,0.6,18.1,13.7,49.122807017543856,66.66666666666666,23.684210526315788,75.43859649122807,76.31578947368422,95.6140350877193,89.47368421052632,36.84210526315789,PF,BIG,,,,,,,,,NOT_MODELED,673.275,104,20,0.3219453597417545,,,,,,5.576781412623555,0.306978793355425,,,10.744257767439878,0.4238095238095238,3.2744404624578674,0.5,PARTIAL,54.78801169590644,0.6666666666666666,PARTIAL,68.1469298245614,0.6666666666666666,PARTIAL,16.666666666666664,33.71710526315789,POSITION_GROUP_NEARBY_ERA_PERCENTILE,14.583333333333334,1.0,68.1469298245614,Gravity Engine,5.560877798819205,1.069399576696001,,52.5,50.0,50.0,52.5,50.0,50.0,28.763706140350884,34.0734649122807,8.333333333333332,23.723501461988302,46.669183203911416,0.3278688524590163,56.00214329560846,1.0,51.123128672592514,0.6666666666666666,51.123128672592514,PARTIAL,49.122807017543856,61.23904685064613,61.23904685064613,COMPLETE,,61.23904685064613,61.23904685064613,COMPLETE,61.23904685064613,61.23904685064613,OBSERVED_PRODUCTION_GEOMEAN_FIT_DESCRIPTIVE_ONLY,80.40630038444834,75.87592535195056,61.2770726921424,45.36537675576551,63.57538620148766,1.0,COMPLETE,55.26264219740105,68.75,68.75,79.43889049293153,45.36537675576551,50.74875244839501,COVERAGE_SHRUNK,21.650635094610962,BASKETBALL_REFERENCE_SRS,61.51181436190594,0.0,-0.2834936490538904,0.0625,-0.2209936490538904,61.29082071285205,1.0,CORE_GEOMEAN_RATE43_RUN22_RESPONSIBILITY15_FIT20_PLUS_BOUNDED_CONTEXT,0.0,0.0,0.0,60.23768684952252,62.88740629514342,20000,20260910
2005-06,1891,Jason Terry,Jason,1610612742,DAL,28.0,22,14,8,0.636,844.4333333333333,163,369,0.442,31,101,0.307,59,71,0.831,12,52,64,83,44,26,1,15,55,63,416,88,654.3,0,0,648.0,727.0,9,8,173,20,5,4,3,90,8,3,74,16,18,54,46,29,33,7,9,3,93,187,176,17,4,5,9,48,3,9,9.0,1,108.2,110.1,110.1,104.1,104.7,104.7,4.1,5.4,5.4,0.178,1.89,15.7,0.015,0.07,0.041,8.3,8.3,0.484,0.5196881870877473,0.242,0.243,91.05,90.01,75.01,90.01,0.108,1585,7.4,16.8,50,33,33,76,94,94,52,39,39,39,48,65,130,132,132,66,68,93,101,33,36,110,140,140,54,18,14,3,Finals,SERIES_INFERENCE,POROUND_FILTER_IGNORED,38.38333333333333,18.90909090909091,16.772727272727273,1.8863636363636365,79.68760040836769,96.3068181818182,33.54838709677419,82.81496550285968,73.29493066722907,72.27804777811863,73.29493066722907,2,2,1717,Dirk Nowitzki,0.263,0.126,Dirk Nowitzki,Jason Terry,CLEAR,Model proposal retained.,MODEL_PROPOSAL,19.68454258675079,4.779179810725552,1.277602523659306,0.1813426329555361,0.2003257328990228,0.2364672364672364,0.1502550415183867,0.0652395514780836,0.0101010101010101,13.07956108672662,7.267484544029071,80.17241379310344,15.558360204087224,5.938044513997743,76.72413793103449,0.5547562988804241,0.0645415705193837,25.0,0.1879655172413793,0.0662539434134747,78.44827586206897,0.1227931034482758,0.0901152056939624,78.44827586206897,2.6329163822653885,2.1925520932293163,80.17241379310344,31.552796374742048,7.8889486411941325,75.0,1.789207957951289,0.7739849754004261,28.448275862068968,58,56388,0.5574795851281296,0.2189189189189189,0.3576923076923077,91.1403448275862,107.01551724137931,-0.0377913980403822,ALL_PLAYOFF_ROTATION_PLAYERS,6,6,1.0,40.0,22.0,0.5518394648829432,3.5,2.1666666666666665,0.2395644283121597,0.2409381663113006,6,1.0,43.666666666666664,COMPLETE,True,Both stars played at least half of terminal-series games at 15+ MPG,0.5468698947918709,95.02958419123284,0.3369568043622802,87.27183833116037,162.72816166883962,HIGH,4.877405541561712,6.69,3,COMPLETE,,,,,,,0.0,0.0,0.0,0.0,NOT_MODELED,NOT_MODELED,NOT_MODELED,COMPLETE,NORMALIZED_NAME,2.4,2.6,-0.2,16.1,0.107,1.0,0.9,1.9,0.9,7.7,9.9,63.793103448275865,79.3103448275862,24.13793103448276,80.17241379310344,81.89655172413794,79.3103448275862,62.5,33.33333333333333,PG,GUARD,,,,,,,,,NOT_MODELED,982.6683333333332,67,14,0.3478606887418308,,,,,,4.305846129554337,0.0426321398965775,,,11.425413492282791,0.4925373134328358,3.026881932657009,0.5,PARTIAL,81.46551724137932,0.6666666666666666,PARTIAL,38.79310344827586,0.6666666666666666,PARTIAL,25.0,18.31896551724138,POSITION_GROUP_NEARBY_ERA_PERCENTILE,31.25,1.0,38.79310344827586,Pressure Valve,2.4545412914835625,0.5128892250861176,,36.25,37.5,62.5,36.25,62.5,37.5,29.531250000000004,24.24568965517241,9.375,21.05064655172414,46.350047453337545,0.2752293577981651,46.241867438440494,1.0,46.29592584777478,0.6666666666666666,46.29592584777478,PARTIAL,63.793103448275865,55.66180556420384,55.66180556420384,COMPLETE,,55.66180556420384,55.66180556420384,COMPLETE,55.66180556420384,55.66180556420384,OBSERVED_PRODUCTION_GEOMEAN_FIT_DESCRIPTIVE_ONLY,50.15587885635408,81.02989715565415,65.4310437570067,37.90489316883882,56.20833353372278,1.0,COMPLETE,49.645732039312094,87.5,87.5,76.65731275167023,37.90489316883882,47.53061723184986,COVERAGE_SHRUNK,77.56046028744288,BASKETBALL_REFERENCE_SRS,58.507146574176765,1.5,0.2756046028744288,0.3125,2.088104602874429,60.595251177051196,1.0,CORE_GEOMEAN_RATE43_RUN22_RESPONSIBILITY15_FIT20_PLUS_BOUNDED_CONTEXT,0.0,0.0,0.0,59.10591406988924,62.31959554754045,20000,20260910
2010-11,201566,Russell Westbrook,Russell,1610612760,OKC,22.0,17,9,8,0.529,638.2333333333333,135,343,0.394,14,48,0.292,121,142,0.852,36,55,91,108,78,24,6,24,56,97,405,28,688.2,2,1,678.0,802.0,17,17,186,66,12,7,6,126,23,20,76,4,5,36,12,23,23,4,1,7,40,191,188,5,6,30,7,22,1,6,6.0,1,105.7,106.9,106.9,103.2,104.4,104.4,2.5,2.5,2.5,0.341,1.38,18.2,0.058,0.084,0.071,13.1,13.2,0.414,0.4994081089079609,0.339,0.34,93.29,92.2,76.84,92.2,0.129,1225,7.9,20.2,54,48,48,83,98,98,65,66,66,9,69,51,60,125,89,145,143,145,108,3,3,60,76,76,38,11,4,2,Conference Finals,SERIES_INFERENCE,POROUND_FILTER_IGNORED,37.54313725490197,23.823529411764707,20.176470588235293,1.3846153846153846,90.82206405693952,90.24966261808368,68.11594202898551,77.76811990663732,84.32111591077916,85.570902299948,84.32111591077916,1,2,201142,Kevin Durant,0.281,0.135,Russell Westbrook,Kevin Durant,OWNER_REVIEWED,Owner-reviewed: Durant was Oklahoma City's primary star.,OWNER_REVIEWED,24.79591836734694,2.9387755102040813,1.8367346938775508,0.2324913892078071,0.2531365313653136,0.36,0.1517796274276655,0.11651728553137,0.0465116279069767,11.5197099530525,6.8921076841697175,92.85714285714286,15.016759214081151,5.552795180651874,91.26984126984128,0.5336758327155487,0.0611491692345472,29.365079365079367,0.1863968253968253,0.0643466652069493,97.61904761904762,0.1281111111111111,0.0928870471451044,96.03174603174604,2.8945164012170825,2.657505486269762,56.34920634920635,28.965640225396584,8.80062468360359,75.39682539682539,2.087559235753856,0.876057618746247,45.23809523809524,63,49490,0.5384248749868726,0.2231769623780771,0.3406874129122155,89.58603174603176,104.268253968254,-0.0390167660789117,ALL_PLAYOFF_ROTATION_PLAYERS,5,5,1.0,38.8,23.6,0.478430100551411,4.8,4.8,0.233201581027668,0.2577319587628865,5,1.0,44.8,COMPLETE,True,Both stars played at least half of terminal-series games at 15+ MPG,0.5294851364542746,94.31957094249591,0.3328854435034389,85.19986216402481,164.8001378359752,HIGH,3.746419437340154,4.81,3,COMPLETE,3.516000000000001,0.8868932038834954,-107.5681818181818,0.8920187793427232,2.6291067961165053,111.08930739364104,1250.0,206.0,22.0,213.0,COMPLETE,CONTEXTUAL_NOT_CAUSAL,LOW,COMPLETE,NORMALIZED_NAME,1.1,2.7,-1.6,19.6,0.084,0.7,0.4,1.1,0.5,9.7,16.1,54.761904761904766,84.12698412698413,1.5873015873015872,73.80952380952381,69.04761904761905,57.936507936507944,20.37037037037037,20.37037037037037,PG,GUARD,,,,,,,,,NOT_MODELED,722.2116666666667,109,19,0.3403895882006262,,,,,,2.7074737556797412,0.3384342194599676,,,16.639682456781742,0.4101694915254237,8.009609860552567,0.5,PARTIAL,70.80026455026456,0.6666666666666666,PARTIAL,41.05489417989418,0.6666666666666666,PARTIAL,11.11111111111111,13.293650793650794,POSITION_GROUP_NEARBY_ERA_PERCENTILE,62.5,1.0,62.5,Pressure Valve,5.433310179148772,0.9470907651727216,,38.125,59.375,68.75,38.125,40.625,31.25,26.992600859788364,16.67855076058201,3.4722222222222223,15.714457947530866,50.77768007455508,0.2840909090909091,56.43593428414199,1.0,53.532100797454014,0.6666666666666666,53.532100797454014,PARTIAL,54.761904761904766,61.523763852351024,61.523763852351024,COMPLETE,100.0,65.37138746711592,65.37138746711592,COMPLETE,61.523763852351024,61.523763852351024,OBSERVED_PRODUCTION_GEOMEAN_FIT_DESCRIPTIVE_ONLY,84.89006138562036,71.38887785983314,35.62837353464748,16.08318380889782,46.33825384996388,1.0,COMPLETE,52.74877033527568,93.75,93.75,77.05933952397639,16.08318380889782,52.35473386496935,COVERAGE_SHRUNK,19.764235376052376,BASKETBALL_REFERENCE_SRS,59.5888510825748,0.0,-0.30235764623947625,-0.125,-0.42735764623947625,59.16149343633532,1.0,CORE_GEOMEAN_RATE43_RUN22_RESPONSIBILITY15_FIT20_PLUS_BOUNDED_CONTEXT,0.0,0.0,0.0,58.08940112150407,60.45118903308816,20000,20260910
2023-24,1626157,Karl-Anthony Towns,Karl-Anthony,1610612750,MIN,28.0,16,9,7,0.563,521.7566666666667,108,232,0.466,30,83,0.361,59,69,0.855,35,109,144,42,27,12,3,21,55,60,305,18,558.8,8,0,551.0,,24,18,184,65,18,11,12,78,14,14,72,10,11,60,10,6,8,25,16,26,68,213,208,9,10,44,13,4,6,12,,1,111.5,112.7,112.7,112.9,111.7,111.7,-1.4,1.0,1.0,0.133,1.56,12.7,0.068,0.225,0.144,8.2,8.1,0.53,0.5812623875590791,0.245,0.252,94.04,94.07,78.39,94.07,0.133,1026,6.8,14.5,72,63,63,131,125,125,106,91,91,92,96,137,46,23,25,98,99,89,75,38,37,133,142,142,38,28,32,2,Conference Finals,SERIES_INFERENCE,POROUND_FILTER_IGNORED,32.609791666666666,19.0625,14.5,1.5555555555555556,66.15794243445106,31.76959543016761,75.49019607843138,68.42562922226517,58.28788608355181,64.69894280220949,58.28788608355181,2,2,1630162,Anthony Edwards,0.289,0.277,Anthony Edwards,Karl-Anthony Towns,CLEAR,Model proposal retained.,MODEL_PROPOSAL,22.295321637426905,6.067251461988303,1.0964912280701753,0.1773255813953488,0.1749622926093514,0.1096605744125326,0.1358741319444444,0.2120765832106038,0.0410958904109589,13.768335238625886,7.475553109479136,80.17241379310344,16.569666732029205,5.677875912233556,83.62068965517241,0.5724858009192877,0.0495633117871568,54.310344827586206,0.1888793103448275,0.0632815486498582,80.17241379310344,0.1500862068965517,0.0919102419122645,52.58620689655172,5.194435638691659,2.350459658240146,59.48275862068966,30.120455154798655,8.404579449086352,47.41379310344828,1.8086614774837555,0.6417618204829968,12.93103448275862,58,50676,0.5757706146225975,0.3898432467253597,0.233841528881254,94.67827586206896,112.92586206896551,0.0054917729364816,ALL_PLAYOFF_ROTATION_PLAYERS,5,5,1.0,33.2,19.6,0.4955501618122978,2.2,8.4,0.1856060606060606,0.2061611374407582,5,1.0,41.4,COMPLETE,True,Both stars played at least half of terminal-series games at 15+ MPG,0.5657395866811947,102.74380673428672,0.35359318412642,87.74653031409788,162.25346968590213,HIGH,3.908627450980392,5.23,2,COMPLETE,1.0965079365079362,15.43681462140992,2.3018181818181844,-8.453383458646616,-14.340306684901982,-25.095508325366783,945.0,383.0,110.0,133.0,COMPLETE,CONTEXTUAL_NOT_CAUSAL,LOW,COMPLETE,NORMALIZED_NAME,2.8,2.2,0.6,19.2,0.155,1.1,0.6,1.7,0.6,24.7,9.3,74.13793103448276,76.72413793103449,35.3448275862069,70.6896551724138,75.86206896551724,68.96551724137932,57.14285714285714,47.61904761904761,PF,BIG,,,72.0,0.389,0.597,-0.065,52.0,54.0,COMPLETE,648.6033333333334,115,9,0.3664288501756106,,,30.0,-0.131,67.0,5.726807515636279,0.2069930427338414,4.967833025612195,3.587879407386585,10.280654455780793,0.5234899328859061,4.760839982878353,0.6666666666666666,PARTIAL,56.627155172413794,1.0,COMPLETE,71.52093596059113,1.0,COMPLETE,22.22222222222222,36.7816091954023,POSITION_GROUP_NEARBY_ERA_PERCENTILE,33.333333333333336,1.0,71.52093596059113,Gravity Engine,6.382945919694111,0.4995348980630174,1.6651163268767246,51.25,50.0,59.375,51.25,50.0,40.625,29.02141702586207,35.760467980295566,9.027777777777777,24.60322092797847,52.02443191819235,0.2863436123348017,56.83579322514461,1.0,54.37692392143927,0.9444444444444444,54.37692392143927,PARTIAL,74.13793103448276,72.08010849180285,72.08010849180285,COMPLETE,18.421052631578945,66.71420290578045,66.71420290578045,COMPLETE,72.08010849180285,72.08010849180285,OBSERVED_PRODUCTION_GEOMEAN_FIT_DESCRIPTIVE_ONLY,34.610883548610154,73.23020890205274,21.02241038134287,31.58859999048211,41.37959691185229,1.0,COMPLETE,69.56843854176073,18.75,30.618621784789724,31.306909910294262,31.58859999048211,54.13376148135931,COVERAGE_SHRUNK,46.77071733467426,BASKETBALL_REFERENCE_SRS,59.362037861813164,0.0,-0.03229282665325741,-0.375,-0.4072928266532574,58.95474503515991,1.0,CORE_GEOMEAN_RATE43_RUN22_RESPONSIBILITY15_FIT20_PLUS_BOUNDED_CONTEXT,0.0,0.0,0.0,56.6762820550485,61.241376405522786,20000,20260910
2021-22,1628973,Jalen Brunson,Jalen,1610612742,DAL,25.0,18,9,9,0.5,629.3866666666667,145,311,0.466,26,75,0.347,72,90,0.8,15,68,83,66,19,14,1,11,38,100,388,10,612.6,0,0,593.0,648.0,15,27,204,69,12,7,7,95,21,22,86,8,7,80,29,19,23,15,34,22,106,195,191,6,7,56,12,44,3,12,13.0,1,114.0,115.6,115.6,112.9,114.0,114.0,1.1,1.6,1.6,0.194,3.47,15.2,0.025,0.115,0.069,4.4,4.4,0.508,0.5533371363377068,0.274,0.28,94.46,93.35,77.79,93.35,0.126,1220,8.1,17.3,46,37,37,147,147,147,92,88,88,57,15,114,121,126,134,41,41,113,110,22,22,171,185,185,46,15,19,2,Conference Finals,SERIES_INFERENCE,POROUND_FILTER_IGNORED,34.96592592592592,21.555555555555557,17.27777777777778,3.473684210526316,58.65900901383503,53.85382485802389,43.88489208633094,68.94649385177797,54.038298777112814,55.73804145465025,54.038298777112814,2,2,1629029,Luka Dončić,0.396,0.369,Luka Dončić,Jalen Brunson,CLEAR,Model proposal retained.,MODEL_PROPOSAL,23.852459016393443,4.610655737704918,0.9221311475409836,0.2027168234064786,0.2137457044673539,0.1913043478260869,0.1456913580246913,0.1263318112633181,0.02,13.56653879656336,7.199313249338581,84.16666666666667,16.300144789246772,5.824806076018429,87.5,0.5783376102207521,0.0696937130809069,37.5,0.1898833333333333,0.0690965729171055,85.83333333333333,0.1514833333333333,0.095581987784775,72.5,5.4377116621519095,2.61427005331089,32.5,29.383935946086684,7.520510574473456,67.5,1.888596749502386,0.8029924971853363,5.833333333333333,60,55031,0.5739352069464334,0.4211062442701436,0.2687175308138942,97.45266666666669,110.17833333333331,-0.0205980706087266,ALL_PLAYOFF_ROTATION_PLAYERS,5,5,1.0,33.8,18.0,0.5625,4.2,4.6,0.1688555347091932,0.1712158808933002,5,1.0,38.2,COMPLETE,True,Both stars played at least half of terminal-series games at 15+ MPG,0.5673856332656823,97.52399495082084,0.3529446056685544,88.7069968422802,161.2930031577198,HIGH,5.59659574468085,5.67,2,COMPLETE,0.9451137884872832,5.57257617728532,1.6271287128712877,-6.5625000000000036,-4.627462388798037,-12.817091101669329,747.0,361.0,505.0,128.0,COMPLETE,CONTEXTUAL_NOT_CAUSAL,LOW,COMPLETE,NORMALIZED_NAME,1.5,2.0,-0.5,20.1,0.123,1.3,0.3,1.6,0.6,12.9,5.1,51.66666666666667,71.66666666666667,10.833333333333334,75.83333333333333,77.5,28.333333333333332,3.8461538461538463,57.692307692307686,SG,GUARD,,,43.0,0.395,0.658,-0.01,81.0,76.0,COMPLETE,551.9566666666667,148,9,0.3510226051313573,,,17.0,-0.002,119.0,4.289890687229896,0.0571985424963986,2.4595373273451404,4.633081942208288,13.498856029150073,0.5042372881355932,5.147868824675875,0.6666666666666666,PARTIAL,84.89583333333333,1.0,COMPLETE,35.22435897435897,1.0,COMPLETE,25.0,11.944444444444445,POSITION_GROUP_NEARBY_ERA_PERCENTILE,60.416666666666664,1.0,60.416666666666664,Pressure Valve,9.65293169149752,0.5870026028613358,1.108782694293634,86.25,47.916666666666664,37.5,86.25,52.083333333333336,62.5,73.22265625,18.346020299145295,15.625,35.73122551638176,59.90771957123098,0.3112033195020747,69.68755975250548,1.0,64.61286858866816,0.9444444444444444,64.61286858866816,PARTIAL,51.66666666666667,61.76272310723227,61.76272310723227,COMPLETE,32.89473684210527,58.87592448071957,58.87592448071957,COMPLETE,61.76272310723227,61.76272310723227,OBSERVED_PRODUCTION_GEOMEAN_FIT_DESCRIPTIVE_ONLY,72.18926279303906,76.66213754737954,27.66704799250804,12.142986822974445,40.92735351820268,1.0,COMPLETE,55.34561972132763,68.75,68.75,41.938500474260465,12.142986822974445,63.80104255596438,COVERAGE_SHRUNK,68.46531968814573,BASKETBALL_REFERENCE_SRS,58.68013343128184,0.0,0.18465319688145726,-0.1875,-0.00284680311854274,58.677286628163294,1.0,CORE_GEOMEAN_RATE43_RUN22_RESPONSIBILITY15_FIT20_PLUS_BOUNDED_CONTEXT,0.0,0.0,0.0,56.593100351937146,59.38626554991626,20000,20260910
2018-19,203114,Khris Middleton,Khris,1610612749,MIL,27.0,15,10,5,0.667,515.2466666666667,84,201,0.418,40,92,0.435,46,52,0.885,9,86,95,66,29,9,0,8,44,45,254,105,465.0,3,0,473.0,508.0,28,20,156,20,15,15,14,111,8,12,31,15,16,37,62,13,15,12,17,40,141,179,194,20,14,8,19,14,7,16,18.0,1,110.5,111.7,111.7,102.1,102.5,102.5,8.4,9.2,9.2,0.192,2.28,21.0,0.017,0.148,0.085,9.2,9.1,0.517,0.5672681793818117,0.204,0.211,101.66,100.94,84.12,100.94,0.11,1086,5.6,13.4,50,45,45,71,75,75,42,40,40,55,56,53,136,79,98,114,111,75,65,67,69,92,112,112,67,36,32,2,Conference Finals,SERIES_INFERENCE,POROUND_FILTER_IGNORED,34.34977777777778,16.933333333333334,13.4,2.2758620689655173,55.769978647040105,58.16203455921707,29.72972972972973,100.0,52.1890342590136,53.01263552244372,52.1890342590136,2,2,203507,Giannis Antetokounmpo,0.31,0.255,Giannis Antetokounmpo,Khris Middleton,AMBIGUOUS_SECONDARY,Model proposal retained.,MODEL_PROPOSAL,17.5414364640884,6.353591160220995,0.6215469613259669,0.1501182033096926,0.1516981132075471,0.176,0.1411634703196347,0.1219512195121951,0.0,13.385667800525791,7.268751720992255,73.38709677419355,16.123365025369086,5.3011748805214145,73.38709677419355,0.5582918141827451,0.0573966531165552,58.87096774193549,0.1914193548387096,0.0597207340628288,66.93548387096774,0.1473225806451613,0.0859800753726245,70.16129032258065,4.974319680928566,2.4173470164623296,79.83870967741935,28.78044998507836,7.929425731693668,65.32258064516128,1.805668812730304,0.7783441383438016,5.64516129032258,62,55019,0.5645724004593624,0.3887009125397314,0.2921152465907926,98.87209677419354,108.9241935483871,0.0026957789224493,ALL_PLAYOFF_ROTATION_PLAYERS,6,6,1.0,36.833333333333336,13.666666666666666,0.5208333333333334,4.166666666666667,6.833333333333333,0.128125,0.1387832699619771,6,1.0,38.5,COMPLETE,True,Both stars played at least half of terminal-series games at 15+ MPG,0.5505126440564706,103.04362406681116,0.3689700088027883,86.1877430105536,163.8122569894464,HIGH,3.59014245014245,5.49,3,COMPLETE,10.599432463110103,11.194941634241244,7.551807228915661,0.2077922077922082,-0.5955091711311393,-7.939524192254592,881.0,257.0,249.0,231.0,COMPLETE,CONTEXTUAL_NOT_CAUSAL,LOW,COMPLETE,NORMALIZED_NAME,1.3,0.7,0.6,14.7,0.136,0.7,0.8,1.5,0.5,16.1,11.5,53.2258064516129,60.483870967741936,41.935483870967744,66.12903225806451,77.41935483870968,86.29032258064517,70.0,60.0,SF,WING,,,50.0,0.46,0.707,0.089,41.0,27.0,COMPLETE,513.9,55,30,0.3415991574116511,,,11.0,-0.219,44.0,6.427989183174402,0.0,3.493472382160001,2.864647353371201,7.615769793108802,0.4036697247706422,3.633211277446401,0.6666666666666666,PARTIAL,59.2741935483871,1.0,COMPLETE,68.72311827956989,1.0,COMPLETE,12.5,18.14516129032258,POSITION_GROUP_NEARBY_ERA_PERCENTILE,22.916666666666668,1.0,68.72311827956989,Gravity Engine,3.852889667250438,2.1015761821366024,0.7705779334500875,57.5,12.5,93.75,57.5,87.5,6.25,34.082661290322584,60.13272849462365,0.78125,31.66554659498208,62.80769572558429,0.0413223140495867,43.844862063455864,1.0,52.47661151038384,0.9444444444444444,52.47661151038384,PARTIAL,53.2258064516129,62.63612540190258,62.63612540190258,COMPLETE,40.78947368421053,60.45146023013338,60.45146023013338,COMPLETE,62.63612540190258,62.63612540190258,OBSERVED_PRODUCTION_GEOMEAN_FIT_DESCRIPTIVE_ONLY,32.73739718562424,71.55184842844784,18.691859765265256,27.3363190932485,37.58170574984196,1.0,COMPLETE,61.265273623101436,50.0,50.0,47.1149583003231,27.3363190932485,52.33902198202918,COVERAGE_SHRUNK,21.650635094610962,BASKETBALL_REFERENCE_SRS,59.05514133872193,0.0,-0.2834936490538904,-0.375,-0.6584936490538904,58.39664768966804,1.0,CORE_GEOMEAN_RATE43_RUN22_RESPONSIBILITY15_FIT20_PLUS_BOUNDED_CONTEXT,0.0,0.0,0.0,57.43858141954798,59.50465423071673,20000,20260910
2000-01,299,Glenn Robinson,Glenn,1610612749,MIL,28.0,18,10,8,0.556,688.3466666666667,138,322,0.429,24,62,0.387,50,56,0.893,26,90,116,60,46,11,24,23,43,0,350,6,638.2,4,0,620.0,691.0,8,17,174,36,8,5,5,76,6,5,35,15,15,36,19,9,10,9,6,29,7,185,170,17,5,46,8,9,2,8,9.0,1,105.4,106.2,106.2,103.9,105.8,105.8,1.5,0.5,0.5,0.159,1.3,13.2,0.038,0.12,0.081,10.1,10.2,0.466,0.5048465266558966,0.261,0.263,91.86,90.72,75.6,90.72,0.114,1301,7.7,17.9,44,35,35,119,136,136,65,64,64,56,72,91,85,72,76,93,92,77,83,22,22,95,131,131,40,12,14,2,Conference Finals,SERIES_INFERENCE,POROUND_FILTER_IGNORED,38.241481481481486,19.444444444444443,17.88888888888889,1.3043478260869563,87.33055085397753,42.74906162026901,63.70967741935484,83.3240786335174,67.8505621141863,77.94790363265913,67.8505621141863,3,2,951,Ray Allen,0.244,0.266,Ray Allen,Glenn Robinson,AMBIGUOUS_SECONDARY,Model proposal retained.,MODEL_PROPOSAL,20.176787086856265,3.574173712528824,2.0176787086856263,0.2032520325203252,0.2220689655172413,0.1518987341772152,0.1584227080935941,0.1439205955334987,0.1951219512195122,12.726753163449937,7.659436713851978,79.46428571428571,14.959659581931009,5.4330405421211445,81.25,0.517702098085489,0.061755442690447,43.75,0.1892678571428571,0.0621701269189829,84.82142857142857,0.1445357142857143,0.08557786018043,59.82142857142857,2.4830384352452106,2.2399887242146264,59.82142857142857,31.296566822712222,9.298009630007009,65.17857142857143,2.0824518215982017,0.9965307191303636,59.82142857142857,56,45548,0.518947776882305,0.1828062034436439,0.3306875076321895,92.06428571428572,102.5375,-0.0141012502264084,ALL_PLAYOFF_ROTATION_PLAYERS,7,7,1.0,40.0,19.571428571428573,0.4962329759490003,2.7142857142857144,6.285714285714286,0.2178060413354531,0.2425925925925925,7,1.0,41.857142857142854,COMPLETE,True,Both stars played at least half of terminal-series games at 15+ MPG,0.5110097950271401,98.79390406383186,0.3627961508009014,89.19239904988123,160.80760095011877,HIGH,2.1917966903073287,3.64,3,COMPLETE,,,,,,,0.0,0.0,0.0,0.0,NOT_MODELED,NOT_MODELED,NOT_MODELED,COMPLETE,NORMALIZED_NAME,1.6,2.6,-1.1,16.9,0.081,0.6,0.5,1.2,0.6,13.6,11.7,51.78571428571429,76.78571428571429,8.928571428571429,75.89285714285714,63.39285714285714,64.28571428571429,33.33333333333333,29.166666666666668,SF,WING,,,,,,,,,NOT_MODELED,767.93,119,10,0.3961853632788109,,,,,,3.242552202378646,1.2551814976949598,,,13.597799558362064,0.4384615384615384,2.9287568279549063,0.5,PARTIAL,62.79761904761904,0.6666666666666666,PARTIAL,54.538690476190474,0.6666666666666666,PARTIAL,37.5,41.964285714285715,POSITION_GROUP_NEARBY_ERA_PERCENTILE,31.25,1.0,54.538690476190474,Pressure Valve,5.5786334691964115,0.4687927285039001,,37.5,90.625,43.75,37.5,9.375,56.25,23.549107142857142,5.113002232142858,21.09375,16.585286458333332,48.24810606060606,0.5454545454545454,59.41541389414304,1.0,53.54139698587832,0.6666666666666666,53.54139698587832,PARTIAL,51.78571428571429,62.86070466562989,62.86070466562989,COMPLETE,,62.86070466562989,62.86070466562989,COMPLETE,62.86070466562989,62.86070466562989,OBSERVED_PRODUCTION_GEOMEAN_FIT_DESCRIPTIVE_ONLY,70.46375838605098,69.36184146214987,45.235150971252416,32.50257309947769,53.823494409228275,1.0,COMPLETE,56.88579073122584,56.25,56.25,59.32012473768333,32.50257309947769,52.36093132391888,COVERAGE_SHRUNK,6.250000000000001,BASKETBALL_REFERENCE_SRS,58.813896066979474,0.0,-0.4375,-0.0625,-0.5,58.313896066979474,1.0,CORE_GEOMEAN_RATE43_RUN22_RESPONSIBILITY15_FIT20_PLUS_BOUNDED_CONTEXT,0.0,0.0,0.0,57.743552918041104,59.05936421059343,20000,20260910
2013-14,2548,Dwyane Wade,Dwyane,1610612748,MIA,32.0,20,13,7,0.65,692.905,139,278,0.5,9,24,0.375,69,90,0.767,16,61,77,77,54,30,5,9,55,72,356,1,614.9,0,0,589.0,692.0,11,11,153,21,9,6,7,36,53,60,53,9,8,85,37,21,24,9,5,8,42,178,196,8,7,85,8,56,2,9,9.0,1,108.3,108.3,108.3,108.0,108.5,108.5,0.3,-0.2,-0.2,0.209,1.43,17.1,0.028,0.103,0.066,12.0,12.0,0.516,0.5604534005037783,0.272,0.276,87.63,87.46,72.88,87.46,0.114,1264,7.0,13.9,71,67,67,112,120,120,83,95,95,30,84,62,99,110,105,140,140,70,72,19,20,179,190,190,56,19,29,3,Finals,SERIES_INFERENCE,POROUND_FILTER_IGNORED,34.64525,17.8,13.9,1.4259259259259258,69.288059778231,72.38670840567511,41.317365269461085,82.85904224773573,63.90352986274699,64.68233486269668,63.90352986274699,2,2,2544,LeBron James,0.31,0.253,LeBron James,Dwyane Wade,CLEAR,Model proposal retained.,MODEL_PROPOSAL,21.123417721518987,1.4240506329113924,2.0767405063291138,0.1830334190231362,0.1926541926541926,0.210958904109589,0.1443552083333333,0.113235294117647,0.0649350649350649,12.358860486323238,6.65942585974655,82.20338983050848,15.695960310265711,5.134586747332539,83.89830508474576,0.5551404007562643,0.052734634612543,48.30508474576271,0.1901864406779661,0.0582191868240176,87.28813559322035,0.1342711864406779,0.0890072993594925,83.89830508474576,3.683779806550587,2.6909682283998997,29.66101694915254,29.033465020565927,8.458013276363824,66.94915254237289,1.8746848634648408,0.7676077390644522,63.559322033898304,59,52235,0.5614689126066044,0.2807843996494303,0.3092681858019281,92.46610169491524,107.26440677966104,-0.001015512102826,ALL_PLAYOFF_ROTATION_PLAYERS,5,5,1.0,34.4,15.2,0.503711558854719,2.6,3.8,0.1659388646288209,0.1797752808988764,5,1.0,38.0,COMPLETE,True,Both stars played at least half of terminal-series games at 15+ MPG,0.5478621041070951,102.29826014653898,0.3599193373774739,89.61789844142785,160.38210155857217,HIGH,4.2233908045977016,8.0,3,COMPLETE,1.680443548387097,8.204086021505377,-5.477450980392155,-3.2639344262295102,-6.52364247311828,-4.310125918955635,992.0,465.0,306.0,61.0,COMPLETE,CONTEXTUAL_NOT_CAUSAL,LOW,COMPLETE,NORMALIZED_NAME,0.9,1.6,-0.7,18.5,0.086,0.7,0.5,1.2,0.5,11.3,14.5,46.61016949152542,61.016949152542374,22.88135593220339,62.71186440677966,63.559322033898304,57.6271186440678,7.4074074074074066,59.25925925925925,SG,GUARD,,,8.0,0.375,0.733,0.136,66.0,55.0,COMPLETE,763.3816666666667,86,11,0.3708866025042495,,,38.0,-0.04,131.0,1.246924181525606,0.2597758711511679,0.4156413938418686,3.429041499195417,13.19661425447933,0.5118110236220472,4.675965680721022,0.6666666666666666,PARTIAL,64.67161016949153,1.0,COMPLETE,42.352313150335746,1.0,COMPLETE,12.5,15.266007532956683,POSITION_GROUP_NEARBY_ERA_PERCENTILE,54.166666666666664,1.0,54.166666666666664,Pressure Valve,4.05563839844202,0.5187444463123514,1.7920262690790325,68.75,50.69444444444443,53.125,68.75,49.30555555555557,46.875,44.46173199152543,20.882043289401658,5.859375,23.734383426975697,46.70346416889682,0.2842105263157894,59.54071758864036,1.0,52.73289078451389,0.9444444444444444,52.73289078451389,PARTIAL,46.61016949152542,63.72289291150991,63.72289291150991,COMPLETE,46.05263157894737,61.95586677825366,61.95586677825366,COMPLETE,63.72289291150991,63.72289291150991,OBSERVED_PRODUCTION_GEOMEAN_FIT_DESCRIPTIVE_ONLY,77.18091308505346,63.134171295556506,20.93980599271567,43.76188018795719,49.07131557428269,1.0,COMPLETE,57.37758160081496,68.75,68.75,48.27731007470813,43.76188018795719,52.581063518707566,COVERAGE_SHRUNK,58.630196997792886,BASKETBALL_REFERENCE_SRS,56.11057022176889,1.5,0.08630196997792887,-0.3125,1.2738019699779288,57.38437219174682,1.0,CORE_GEOMEAN_RATE43_RUN22_RESPONSIBILITY15_FIT20_PLUS_BOUNDED_CONTEXT,0.0,0.0,0.0,56.77986029386687,58.01917484764317,20000,20260910
2002-03,1888,Richard Hamilton,Richard,1610612765,DET,25.0,17,8,9,0.471,657.8366666666667,134,303,0.442,9,27,0.333,106,117,0.906,18,48,66,45,57,13,1,14,51,0,383,26,514.7,0,0,531.0,581.0,23,27,175,84,14,9,9,80,42,45,56,2,4,35,35,33,35,20,5,31,96,175,171,12,6,29,18,52,4,14,16.0,1,98.8,98.9,98.9,97.1,97.1,97.1,1.7,1.8,1.8,0.164,0.79,9.8,0.028,0.077,0.052,12.4,12.5,0.457,0.5402279395170391,0.294,0.299,89.27,89.16,74.3,89.16,0.126,1224,7.9,17.8,123,119,119,39,45,45,65,65,65,55,129,128,116,137,125,119,120,96,70,11,11,155,163,163,37,13,13,2,Conference Finals,SERIES_INFERENCE,POROUND_FILTER_IGNORED,38.69627450980392,22.529411764705884,17.823529411764707,0.7894736842105263,100.0,33.99308290244153,70.96774193548386,85.76968119334417,72.22834441427064,86.88134073700813,72.22834441427064,2,2,1497,Chauncey Billups,0.254,0.276,Chauncey Billups,Richard Hamilton,OWNER_REVIEWED,Owner-reviewed: Billups was the offensive engine; Hamilton was the scoring finisher.,OWNER_REVIEWED,23.46813725490196,1.6544117647058825,0.8578431372549019,0.250490516677567,0.2414342629482071,0.1490066225165563,0.1592824858757062,0.0993975903614457,0.01,12.606417870853829,7.106737938537118,86.8421052631579,15.197823643247808,5.031152292971123,92.10526315789474,0.5275706527048304,0.0591548044604437,58.77192982456141,0.1911052631578947,0.0584362553318695,92.10526315789474,0.1448245614035087,0.0772233313546455,64.03508771929825,2.9219970988325232,2.085333954292134,35.96491228070175,30.627668712207253,8.728283089132772,78.0701754385965,1.9746378484609075,0.929224963963716,6.140350877192982,57,52993,0.531347416845737,0.2269804947150485,0.3457556935817805,92.79561403508772,103.31052631578947,0.008880522671302,ALL_PLAYOFF_ROTATION_PLAYERS,4,4,1.0,40.0,22.25,0.5403108305002429,2.5,3.25,0.2721712538226299,0.2587412587412587,4,1.0,34.0,COMPLETE,True,Both stars played at least half of terminal-series games at 15+ MPG,0.524864280656422,102.92716792261088,0.3531492970737225,88.82235528942115,161.17764471057882,HIGH,1.6962303664921463,4.42,3,COMPLETE,,,,,,,0.0,0.0,0.0,0.0,NOT_MODELED,NOT_MODELED,NOT_MODELED,COMPLETE,NORMALIZED_NAME,-0.1,1.2,-1.3,16.8,0.088,0.6,0.6,1.2,0.3,8.8,13.9,32.45614035087719,64.91228070175438,8.771929824561402,49.122807017543856,57.89473684210527,67.54385964912281,4.545454545454546,59.09090909090909,SG,GUARD,,,,,,,,,NOT_MODELED,484.9766666666667,84,2,0.3437795068545543,,,,,,1.4775704202157576,0.0547248303783613,,,15.104053184427745,0.4528985507246377,6.4028051542682825,0.5,PARTIAL,54.13011695906433,0.6666666666666666,PARTIAL,50.75259170653908,0.6666666666666666,PARTIAL,33.33333333333333,16.885964912280702,POSITION_GROUP_NEARBY_ERA_PERCENTILE,77.08333333333333,1.0,77.08333333333333,Pressure Valve,6.235351528939537,0.1484607506890365,,53.75,75.0,12.5,53.75,25.0,87.5,29.094937865497077,12.68814792663477,29.16666666666666,23.649917486266165,46.63605285142681,0.5263157894736842,64.9871276352451,1.0,55.05218541583713,0.6666666666666666,55.05218541583713,PARTIAL,32.45614035087719,63.424774219821074,63.424774219821074,COMPLETE,,63.424774219821074,63.424774219821074,COMPLETE,63.424774219821074,63.424774219821074,OBSERVED_PRODUCTION_GEOMEAN_FIT_DESCRIPTIVE_ONLY,86.01557456760618,53.32871632831811,71.38398143968548,15.380061440409907,50.21936285260068,1.0,COMPLETE,56.00804633634887,87.5,87.5,75.36976270529304,15.380061440409907,53.36812361055809,COVERAGE_SHRUNK,12.500000000000002,BASKETBALL_REFERENCE_SRS,57.37399480897309,0.0,-0.375,0.3125,-0.0625,57.31149480897309,1.0,CORE_GEOMEAN_RATE43_RUN22_RESPONSIBILITY15_FIT20_PLUS_BOUNDED_CONTEXT,0.0,0.0,0.0,56.743502774966856,58.56664954632897,20000,20260910
2006-07,1888,Richard Hamilton,Richard,1610612765,DET,29.0,16,10,6,0.625,638.065,108,252,0.429,8,20,0.4,77,89,0.865,32,37,69,60,31,14,2,16,60,55,301,39,490.8,0,0,470.0,538.0,27,20,148,25,11,6,6,86,42,45,28,5,8,40,12,46,30,12,19,22,73,184,185,13,7,22,13,49,2,13,13.0,1,103.5,104.7,104.7,99.7,101.0,101.0,3.8,3.7,3.7,0.184,1.94,15.7,0.051,0.06,0.056,8.1,8.1,0.444,0.5168979255392224,0.238,0.24,88.59,87.49,72.91,87.49,0.104,1161,6.8,15.8,65,58,58,59,76,76,46,48,48,40,36,66,67,136,106,59,59,111,97,35,39,143,170,170,62,22,19,2,Conference Finals,SERIES_INFERENCE,POROUND_FILTER_IGNORED,39.8790625,18.8125,15.75,1.935483870967742,100.0,67.16078795536544,26.530612244897945,91.37833998874387,71.3498064472713,81.59111824395333,71.3498064472713,2,2,1497,Chauncey Billups,0.213,0.252,Chauncey Billups,Richard Hamilton,OWNER_REVIEWED,Owner-reviewed: Billups was the offensive engine; Hamilton was the scoring finisher.,OWNER_REVIEWED,19.444444444444443,1.2919896640826871,1.0335917312661498,0.2058823529411764,0.2072368421052631,0.186335403726708,0.1640269922879177,0.1063174114021571,0.0266666666666666,12.695277465053003,6.279243847175439,74.56140350877193,15.459009748896012,4.787007430207778,81.57894736842105,0.5442205142557004,0.0543851527932405,28.947368421052634,0.1913859649122807,0.0561250966117919,75.43859649122807,0.1388771929824561,0.1130736555750414,79.82456140350878,3.0264832845206797,2.4922178804338966,37.719298245614034,30.882753916443413,8.272733626639221,81.57894736842105,1.938676491368398,0.9134173741019408,13.157894736842104,57,48244,0.541525836955661,0.2343787407230069,0.3384007661000718,92.1159649122807,104.52105263157894,-0.0246279114164386,ALL_PLAYOFF_ROTATION_PLAYERS,6,6,1.0,40.0,19.666666666666668,0.5141164168699895,3.6666666666666665,3.8333333333333335,0.2286821705426356,0.2297297297297297,6,1.0,43.666666666666664,COMPLETE,True,Both stars played at least half of terminal-series games at 15+ MPG,0.5299716968775449,97.53311895421024,0.3535276721588509,87.45247148288973,162.5475285171103,HIGH,3.1316577540106953,4.52,3,COMPLETE,,,,,,,0.0,0.0,0.0,0.0,NOT_MODELED,NOT_MODELED,NOT_MODELED,COMPLETE,NORMALIZED_NAME,1.4,2.0,-0.6,16.4,0.138,1.3,0.6,1.8,0.6,7.0,9.6,48.24561403508772,71.05263157894737,10.526315789473683,65.78947368421053,81.57894736842105,57.01754385964912,9.523809523809524,38.095238095238095,SG,GUARD,,,,,,,,,NOT_MODELED,648.775,90,2,0.3601543278908521,,,,,,1.1284116821953876,0.1128411682195387,,,13.089575513466494,0.4310344827586206,5.021431985769475,0.5,PARTIAL,80.92105263157895,0.6666666666666666,PARTIAL,58.685776942355886,0.6666666666666666,PARTIAL,50.0,20.88815789473684,POSITION_GROUP_NEARBY_ERA_PERCENTILE,31.25,1.0,58.685776942355886,Pressure Valve,4.994027205117336,0.1109783823359408,,18.75,93.75,18.75,18.75,6.25,81.25,15.172697368421051,3.667861058897243,40.625,19.821852809106097,55.96758440218192,0.7647058823529411,56.56310476443544,1.0,56.26455669382812,0.6666666666666666,56.26455669382812,PARTIAL,48.24561403508772,54.14516181472287,54.14516181472287,COMPLETE,,54.14516181472287,54.14516181472287,COMPLETE,54.14516181472287,54.14516181472287,OBSERVED_PRODUCTION_GEOMEAN_FIT_DESCRIPTIVE_ONLY,64.28942940055367,73.26005740565813,49.00641882214797,19.913935795170048,47.77440757837075,1.0,COMPLETE,48.478407092142746,50.0,50.0,68.27459459309837,19.913935795170048,54.17637112921875,COVERAGE_SHRUNK,33.07189138830738,BASKETBALL_REFERENCE_SRS,57.14226285226441,0.0,-0.16928108611692622,0.125,-0.044281086116926216,57.097981766147484,1.0,CORE_GEOMEAN_RATE43_RUN22_RESPONSIBILITY15_FIT20_PLUS_BOUNDED_CONTEXT,0.0,0.0,0.0,55.71498512490237,58.00619559492197,20000,20260910
2018-19,203468,CJ McCollum,CJ,1610612757,POR,27.0,16,8,8,0.5,635.46,154,350,0.44,46,117,0.393,41,56,0.732,14,66,80,59,30,13,10,16,34,51,395,-15,618.5,0,0,626.0,662.0,18,30,191,74,10,5,5,90,7,8,44,16,15,117,41,23,26,20,16,22,23,204,177,15,6,136,11,55,7,10,12.0,1,109.2,110.9,110.9,111.3,111.8,111.8,-2.1,-0.9,-0.9,0.16,1.97,12.7,0.021,0.1,0.06,6.5,6.5,0.506,0.5271727525090754,0.273,0.278,99.13,98.16,81.8,98.16,0.11,1298,9.6,21.9,57,49,49,149,155,155,108,99,99,71,79,114,128,145,139,71,71,88,106,25,29,142,154,154,66,4,4,2,Conference Finals,SERIES_INFERENCE,POROUND_FILTER_IGNORED,39.71625,24.6875,21.875,1.9666666666666663,93.60880398671095,50.206795187312,75.60975609756098,96.38049840697474,76.22702409561697,85.80737824995427,76.22702409561697,2,2,203081,Damian Lillard,0.286,0.269,Damian Lillard,CJ McCollum,CLEAR,Model proposal retained.,MODEL_PROPOSAL,22.82357473035439,6.760400616332819,1.3289676425269643,0.225071225071225,0.2418797512093987,0.1867088607594936,0.1602673392181589,0.1106500691562932,0.1219512195121951,13.385667800525791,7.268751720992255,87.90322580645162,16.123365025369086,5.3011748805214145,86.29032258064517,0.5582918141827451,0.0573966531165552,20.161290322580644,0.1914193548387096,0.0597207340628288,86.29032258064517,0.1473225806451613,0.0859800753726245,58.06451612903226,4.974319680928566,2.4173470164623296,84.67741935483872,28.78044998507836,7.929425731693668,95.96774193548389,1.805668812730304,0.7783441383438016,28.225806451612907,62,55019,0.5645724004593624,0.3887009125397314,0.2921152465907926,98.87209677419354,108.9241935483871,-0.037399647950287,ALL_PLAYOFF_ROTATION_PLAYERS,4,4,1.0,39.75,22.0,0.4809794490599038,4.5,2.75,0.2090261282660332,0.2386363636363636,4,1.0,41.0,COMPLETE,True,Both stars played at least half of terminal-series games at 15+ MPG,0.5505126440564706,95.76033506234944,0.3601845858598191,86.1877430105536,163.8122569894464,HIGH,4.652794520547945,6.42,3,COMPLETE,-0.00147954743255,-4.345021645021646,-2.3659459459459464,-10.765,4.343542097589096,-4.055511956464959,1149.0,231.0,185.0,100.0,COMPLETE,CONTEXTUAL_NOT_CAUSAL,LOW,COMPLETE,NORMALIZED_NAME,2.6,3.4,-0.7,17.8,0.075,0.7,0.3,1.0,0.7,11.0,7.4,66.93548387096774,86.29032258064517,12.903225806451612,77.41935483870968,53.2258064516129,32.25806451612903,22.22222222222222,29.629629629629623,SG,GUARD,,,42.0,0.5,0.515,-0.083,59.0,63.0,COMPLETE,650.115,158,5,0.3558523113003765,,,43.0,0.044,65.0,6.628269285242186,0.5665187423283919,2.3793787177792463,3.3424605797375126,13.199886696251534,0.463519313304721,3.172504957038995,0.6666666666666666,PARTIAL,59.52620967741936,1.0,COMPLETE,40.73327359617682,1.0,COMPLETE,66.66666666666666,52.21774193548387,POSITION_GROUP_NEARBY_ERA_PERCENTILE,43.75,1.0,43.75,Defensive Anchor,8.749221291617637,0.2768740915068872,2.3811171869592305,42.5,60.416666666666664,12.5,42.5,39.583333333333336,87.5,25.298639112903228,16.123587465153324,58.33333333333332,33.25185330379662,59.52806729016405,0.5159705159705159,50.85504852199895,1.0,55.02093011265905,0.9444444444444444,55.02093011265905,PARTIAL,66.93548387096774,56.30211751854622,56.30211751854622,COMPLETE,47.368421052631575,55.40874787195475,55.40874787195475,COMPLETE,56.30211751854622,56.30211751854622,OBSERVED_PRODUCTION_GEOMEAN_FIT_DESCRIPTIVE_ONLY,85.63645639244336,64.19273787784645,40.70972265203941,22.733221716338367,49.13666643986644,1.0,COMPLETE,48.83287281940959,68.75,68.75,69.3616007330424,22.733221716338367,54.74198955084466,COVERAGE_SHRUNK,62.186714819163775,BASKETBALL_REFERENCE_SRS,55.92746792140134,0.0,0.12186714819163776,0.0,0.12186714819163776,56.04933506959298,1.0,CORE_GEOMEAN_RATE43_RUN22_RESPONSIBILITY15_FIT20_PLUS_BOUNDED_CONTEXT,0.0,0.0,0.0,54.96842823090724,56.82926593289142,20000,20260910
2017-18,1627759,Jaylen Brown,Jaylen,1610612738,BOS,21.0,18,10,8,0.556,582.8833333333333,124,266,0.466,44,112,0.393,32,50,0.64,16,71,87,26,23,14,10,28,58,47,324,22,516.4,0,0,529.0,535.0,21,31,194,49,11,6,7,86,7,9,51,28,19,135,21,22,22,34,23,24,21,210,207,18,7,37,14,48,8,13,14.0,1,106.2,107.5,107.5,105.5,105.9,105.9,0.7,1.5,1.5,0.082,1.13,7.7,0.027,0.128,0.075,6.8,6.8,0.549,0.5625,0.24,0.245,95.27,94.54,78.78,94.54,0.101,1150,6.9,14.8,95,81,81,84,95,95,90,77,77,116,122,158,100,97,112,62,62,69,82,37,38,147,169,169,72,22,23,2,Conference Finals,SERIES_INFERENCE,POROUND_FILTER_IGNORED,32.382407407407406,18.0,14.77777777777778,1.1304347826086956,98.29113924050633,6.920239341132686,44.82758620689656,73.76826238207794,56.28783716937038,77.2351948009256,56.28783716937038,4,2,1628369,Jayson Tatum,0.23,0.131,Terry Rozier,Jayson Tatum,EDITORIAL_REVIEWED,"Editorial correction: committee offense, but Tatum/Brown best represent the playoff scoring hierarchy.",EDITORIAL_REVIEWED,21.130434782608695,7.304347826086956,1.565217391304348,0.1682242990654205,0.168141592920354,0.064516129032258,0.1264389009399855,0.1098484848484848,0.1298701298701298,12.91930231860198,7.204711943973428,78.2258064516129,15.69108553610982,5.386801999738729,83.06451612903226,0.5610913311552339,0.0732679918677883,45.96774193548387,0.1878709677419354,0.0614920618718954,81.45161290322581,0.1368709677419355,0.1025660265501656,39.516129032258064,4.526980542056866,2.7812682842342435,83.06451612903226,28.696457698813692,7.724763570817032,58.87096774193549,1.897354111341554,0.7948753386138652,41.12903225806452,62,51775,0.5605363670767057,0.3706492089470813,0.269721767594108,97.83451612903224,107.0548387096774,0.0019636329232942,ALL_PLAYOFF_ROTATION_PLAYERS,7,7,1.0,33.142857142857146,19.714285714285715,0.5433070866141733,1.5714285714285714,4.857142857142857,0.2038404726735598,0.2003454231433506,7,1.0,37.142857142857146,COMPLETE,True,Both stars played at least half of terminal-series games at 15+ MPG,0.5548206461041737,101.38411465934963,0.3640901996202643,87.80065226253566,162.19934773746434,HIGH,1.2331350114416475,4.3,3,COMPLETE,3.2101152368758012,5.120735785953175,-2.0715328467153293,-39.84105263157895,-1.910620549077374,-39.68014033394099,781.0,598.0,411.0,95.0,COMPLETE,CONTEXTUAL_NOT_CAUSAL,LOW,COMPLETE,NORMALIZED_NAME,1.2,0.6,0.6,16.0,0.105,0.6,0.7,1.3,0.5,14.3,7.4,55.64516129032258,47.58064516129033,52.41935483870967,75.0,74.19354838709677,79.83870967741935,51.85185185185185,59.25925925925925,SG,GUARD,,,90.0,0.411,0.604,-0.032,56.0,57.0,COMPLETE,682.8066666666666,71,10,0.345173371534379,,,30.0,0.04,74.0,6.917336230806622,0.6176193063220199,5.558573756898179,3.458668115403311,9.511337317359104,0.5194805194805194,3.0880965316100992,0.6666666666666666,PARTIAL,50.55443548387097,1.0,COMPLETE,70.40272799681402,1.0,COMPLETE,63.63636363636363,59.13978494623655,POSITION_GROUP_NEARBY_ERA_PERCENTILE,52.083333333333336,1.0,70.40272799681402,Gravity Engine,3.743372941096065,0.527235625506488,1.581706876519464,6.25,25.0,21.875,6.25,75.0,78.125,3.1596522177419355,52.80204599761051,49.71590909090909,35.22586910208718,66.30751830981116,0.4901960784313725,29.86428866926398,1.0,44.49974008628261,0.9444444444444444,44.49974008628261,PARTIAL,55.64516129032258,64.49840144903612,64.49840144903612,COMPLETE,3.9473684210526314,58.44329814623777,58.44329814623777,COMPLETE,64.49840144903612,64.49840144903612,OBSERVED_PRODUCTION_GEOMEAN_FIT_DESCRIPTIVE_ONLY,59.517343004949495,74.59568438611079,38.10995611159609,55.62686147438799,57.101279385319,1.0,COMPLETE,59.67128246546137,50.0,50.0,42.425176229686805,55.62686147438799,44.805310081489125,COVERAGE_SHRUNK,8.838834764831844,BASKETBALL_REFERENCE_SRS,56.23226412679745,0.0,-0.41161165235168157,0.0,-0.41161165235168157,55.82065247444577,1.0,CORE_GEOMEAN_RATE43_RUN22_RESPONSIBILITY15_FIT20_PLUS_BOUNDED_CONTEXT,0.0,0.0,0.0,54.66216725774704,57.501483357357216,20000,20260910
2003-04,1897,Metta World Peace,Metta,1610612754,IND,24.0,15,9,6,0.6,586.2633333333333,98,259,0.378,19,66,0.288,61,85,0.718,24,74,98,48,37,21,16,23,45,1,276,55,539.6,3,0,515.0,581.0,36,31,143,46,13,9,9,119,13,7,65,8,10,84,20,14,19,18,16,18,8,188,162,2,9,12,12,11,5,12,12.0,1,96.2,97.9,97.9,91.7,92.2,92.2,4.5,5.8,5.8,0.173,1.3,12.6,0.041,0.131,0.085,9.7,9.7,0.415,0.4655870445344129,0.272,0.275,88.36,87.4,72.83,87.4,0.113,1064,6.5,17.3,73,58,58,35,51,51,28,32,32,53,67,97,78,71,76,68,70,120,114,12,13,151,176,176,51,18,7,2,Conference Finals,SERIES_INFERENCE,POROUND_FILTER_IGNORED,39.08422222222222,18.4,17.266666666666666,1.2972972972972974,96.61178045515392,39.361927353737926,59.61538461538461,100.0,70.35713654202911,83.65692695430077,70.35713654202911,2,2,979,Jermaine O'Neal,0.279,0.068,Jermaine O'Neal,Metta World Peace,AMBIGUOUS_HIERARCHY,Model proposal retained.,MODEL_PROPOSAL,19.454887218045116,4.652255639097744,2.608082706766917,0.2017543859649122,0.2154742096505823,0.1678321678321678,0.1526727430555555,0.14540059347181,0.16,11.845539014125972,6.196392225523099,78.18181818181819,14.264077046947618,4.6101561318273445,84.54545454545455,0.5077188874125962,0.0552309482808586,24.545454545454547,0.1881636363636363,0.0574553624798064,91.81818181818184,0.1496181818181818,0.0838911612874012,70.0,2.755961765964016,2.1109070312447846,75.45454545454545,31.4002387012965,8.733675427794237,73.63636363636363,2.096036745806613,0.6985168514507067,77.27272727272727,55,48963,0.5097786303755767,0.2078199052132701,0.3494075829383886,90.002,98.17636363636365,-0.0441915858411637,ALL_PLAYOFF_ROTATION_PLAYERS,6,6,1.0,40.0,14.5,0.3753883327580256,2.3333333333333335,8.333333333333334,0.1995412844036697,0.232662192393736,6,1.0,39.833333333333336,COMPLETE,True,Both stars played at least half of terminal-series games at 15+ MPG,0.5000360211582743,93.11070099628736,0.3165371551570924,81.0257410296412,168.97425897035882,HIGH,1.6286096256684497,5.04,3,COMPLETE,,,,,,,0.0,0.0,0.0,0.0,NOT_MODELED,NOT_MODELED,NOT_MODELED,COMPLETE,NORMALIZED_NAME,3.3,2.0,1.3,17.4,0.114,0.4,1.0,1.4,0.8,14.5,11.1,72.72727272727273,77.27272727272727,50.90909090909091,82.72727272727273,70.0,84.54545454545455,40.0,30.0,SF,WING,,,,,,,,,NOT_MODELED,601.9016666666666,4,36,0.3189989804316582,,,,,,4.052786290574771,0.9824936461999444,,,11.851329607286829,0.4093264248704663,5.219497495437205,0.5,PARTIAL,68.52272727272727,0.6666666666666666,PARTIAL,31.988636363636363,0.6666666666666666,PARTIAL,75.0,56.70454545454545,POSITION_GROUP_NEARBY_ERA_PERCENTILE,25.0,1.0,31.988636363636363,Defensive Anchor,0.2392417366070316,2.153175629463284,,36.25,15.625,81.25,36.25,84.375,18.75,24.839488636363637,26.99041193181818,14.0625,21.96413352272727,47.277058703628214,0.1345291479820627,36.097969649138726,1.0,41.31108604459729,0.6666666666666666,41.31108604459729,PARTIAL,72.72727272727273,61.01292322386204,61.01292322386204,COMPLETE,,61.01292322386204,61.01292322386204,COMPLETE,61.01292322386204,61.01292322386204,OBSERVED_PRODUCTION_GEOMEAN_FIT_DESCRIPTIVE_ONLY,58.99351314168706,76.09802291064527,17.74632196521048,69.28469060422097,50.75385341064116,1.0,COMPLETE,53.241818600100444,43.75,43.75,54.64704800737641,69.28469060422097,44.20739069639819,COVERAGE_SHRUNK,21.650635094610962,BASKETBALL_REFERENCE_SRS,55.70893596449204,0.0,-0.2834936490538904,-0.375,-0.6584936490538904,55.050442315438154,1.0,CORE_GEOMEAN_RATE43_RUN22_RESPONSIBILITY15_FIT20_PLUS_BOUNDED_CONTEXT,0.0,0.0,0.0,54.05734212041768,56.44009626998169,20000,20260910
1999-00,275,Allan Houston,Allan,1610612752,NYK,29.0,16,9,7,0.563,653.4866666666667,103,235,0.438,19,38,0.5,56,65,0.862,3,49,52,26,36,19,3,10,42,3,281,-22,412.4,0,0,422.0,451.0,20,27,155,49,8,7,7,74,11,18,12,14,15,34,104,30,39,39,7,8,60,159,153,28,8,149,20,52,5,14,17.0,1,99.2,99.3,99.3,99.9,101.2,101.2,-0.7,-1.9,-1.9,0.079,0.72,8.0,0.005,0.077,0.042,11.0,11.1,0.479,0.5330045523520485,0.229,0.232,87.36,86.75,72.29,86.75,0.089,1181,6.4,14.7,93,91,91,77,95,95,84,101,101,112,111,123,140,122,130,104,105,63,60,38,41,151,156,156,80,19,22,2,Conference Finals,SERIES_INFERENCE,POROUND_FILTER_IGNORED,40.84291666666667,17.5625,14.6875,0.7222222222222222,85.1302054971196,21.11561985415197,38.095238095238095,89.59860345298463,54.390507851552194,69.54517335023979,54.390507851552194,3,2,84,Latrell Sprewell,0.245,0.164,Latrell Sprewell,Patrick Ewing,EDITORIAL_REVIEWED,Editorial correction: Houston's scoring responsibility puts him ahead of Ewing as the second option.,EDITORIAL_REVIEWED,17.845046570702795,2.4132091447925483,1.397121083827265,0.2079940784603997,0.2029360967184801,0.1111111111111111,0.1690780508840017,0.0845528455284552,0.0461538461538461,11.359791514470952,6.6089270496150965,82.20338983050848,14.777908400516038,5.13035013835119,70.33898305084746,0.516551351120051,0.0521744556986767,61.86440677966102,0.1887118644067796,0.0545993266387539,76.27118644067797,0.134135593220339,0.0976129432976199,31.35593220338983,2.2474373835189745,2.0017564238505776,53.38983050847458,29.28887382778286,8.953824667411578,88.98305084745762,1.9782163798642471,0.8362818979335862,27.966101694915253,59,47354,0.5255272620224152,0.1867199806131103,0.3465406518841633,89.25508474576272,101.77796610169491,0.0074772903296332,ALL_PLAYOFF_ROTATION_PLAYERS,6,6,1.0,39.666666666666664,18.833333333333332,0.5407733537519143,1.5,3.3333333333333335,0.2173076923076923,0.2146017699115044,6,1.0,42.666666666666664,COMPLETE,True,Both stars played at least half of terminal-series games at 15+ MPG,0.5174294393913443,103.0100940872296,0.3713480985524789,87.94825238311394,162.05174761688608,HIGH,2.818435013262599,4.15,3,COMPLETE,,,,,,,0.0,0.0,0.0,0.0,NOT_MODELED,NOT_MODELED,NOT_MODELED,COMPLETE,NORMALIZED_NAME,0.5,0.4,0.1,13.8,0.071,0.3,0.7,1.0,0.4,8.7,12.0,39.83050847457627,53.38983050847458,27.11864406779661,61.016949152542374,61.86440677966102,79.66101694915254,17.5,65.0,SG,GUARD,,,,,,,,,NOT_MODELED,700.4583333333334,30,5,0.3498151870825497,,,,,,2.0933862460851027,0.1652673352172449,,,10.852555012599083,0.4263959390862944,3.580792263040307,0.5,PARTIAL,38.65348399246704,0.6666666666666666,PARTIAL,63.55579096045197,0.6666666666666666,PARTIAL,16.666666666666664,21.892655367231637,POSITION_GROUP_NEARBY_ERA_PERCENTILE,19.444444444444443,1.0,63.55579096045197,Gravity Engine,1.5418475997858545,0.2569745999643091,,40.0,33.333333333333336,16.666666666666664,40.0,66.66666666666666,83.33333333333334,15.461393596986817,42.37052730696798,13.88888888888889,23.90693659761456,37.74779462781247,0.4385964912280702,42.67421546105783,1.0,40.13548954637317,0.6666666666666666,40.13548954637317,PARTIAL,39.83050847457627,60.29805764983123,60.29805764983123,COMPLETE,,60.29805764983123,60.29805764983123,COMPLETE,60.29805764983123,60.29805764983123,OBSERVED_PRODUCTION_GEOMEAN_FIT_DESCRIPTIVE_ONLY,66.75937707065516,61.43921681488768,51.59980823699402,39.238757772980115,54.94458802316426,1.0,COMPLETE,55.755056832407945,66.66666666666666,66.66666666666666,63.34997032811963,39.238757772980115,43.42365969758211,COVERAGE_SHRUNK,24.999999999999996,BASKETBALL_REFERENCE_SRS,55.22904422128986,0.0,-0.25000000000000006,0.0,-0.25000000000000006,54.97904422128986,1.0,CORE_GEOMEAN_RATE43_RUN22_RESPONSIBILITY15_FIT20_PLUS_BOUNDED_CONTEXT,0.0,0.0,0.0,54.63773370352658,56.431713044326145,20000,20260910
2009-10,708,Kevin Garnett,Kevin,1610612738,BOS,34.0,23,14,9,0.609,765.6583333333333,149,301,0.495,0,2,0.0,47,56,0.839,32,138,170,58,31,26,20,18,74,57,345,44,743.0,6,0,665.0,769.0,7,16,193,52,7,4,6,59,110,108,110,18,21,52,13,2,3,13,13,5,7,192,192,12,7,21,5,6,3,5,5.0,1,102.2,104.3,104.3,100.3,102.1,102.1,1.9,2.2,2.2,0.139,1.87,14.0,0.045,0.194,0.12,7.5,7.5,0.495,0.5297260778774107,0.218,0.22,92.37,90.65,75.54,90.65,0.145,1452,6.5,13.1,109,98,98,56,73,73,73,69,69,62,48,89,70,23,42,63,63,90,97,58,62,104,139,139,28,23,30,3,Finals,SERIES_INFERENCE,POROUND_FILTER_IGNORED,33.289492753623186,15.0,13.08695652173913,1.870967741935484,80.65956447333788,34.617991117042344,97.6470588235294,69.85936898092666,70.55395627937654,78.91289623312608,70.55395627937654,3,2,1718,Paul Pierce,0.233,0.155,Rajon Rondo,Paul Pierce,EDITORIAL_REVIEWED,Owner-reviewed hierarchy; Garnett chosen over Allen as #2 because of his larger usage and two-way responsibility.,EDITORIAL_REVIEWED,17.8202479338843,0.1033057851239669,2.37603305785124,0.1531291611185086,0.1657488986784141,0.1143984220907297,0.1323523480265053,0.1810436634717785,0.1818181818181818,12.924128779476218,6.124157519889224,61.60714285714286,16.04716962721104,4.692696700342907,63.39285714285714,0.5572696804512256,0.0504907590734256,27.67857142857143,0.1927142857142857,0.0526846122444394,66.07142857142857,0.1343928571428571,0.0989259605122199,69.64285714285714,3.114113607057574,2.620878935084517,15.178571428571429,30.365641202116553,7.638837510390997,49.107142857142854,1.9185244840570623,0.8725833197570031,75.89285714285714,56,48118,0.5576281701635099,0.2443799854967367,0.3660865361372976,91.67357142857144,108.37857142857142,-0.0279020922860991,ALL_PLAYOFF_ROTATION_PLAYERS,7,7,1.0,31.857142857142858,15.285714285714286,0.5552096305520963,3.0,5.571428571428571,0.1754098360655737,0.1651031894934334,7,1.0,39.857142857142854,COMPLETE,True,Both stars played at least half of terminal-series games at 15+ MPG,0.5433689349683445,97.48920922545403,0.3464904242646385,87.31558691468891,162.6844130853111,HIGH,5.2454271356783915,7.12,4,COMPLETE,3.9760646108663726,1.5276315789473682,6.953658536585367,4.514860681114552,2.4484330319190044,0.0096351764481892,1362.0,456.0,123.0,323.0,COMPLETE,CONTEXTUAL_NOT_CAUSAL,LOW,COMPLETE,NORMALIZED_NAME,3.8,1.6,2.2,17.6,0.148,0.7,1.6,2.4,1.1,21.4,8.7,75.89285714285714,64.28571428571429,89.28571428571429,90.17857142857144,91.96428571428572,97.32142857142856,34.78260869565217,30.434782608695656,PF,BIG,,,,,,,,,NOT_MODELED,929.7766666666666,102,14,0.3616920082803662,,,,,,0.0940367222107336,0.9403672221073368,,,14.058489970504686,0.4983277591973244,2.633028221900543,0.5,PARTIAL,66.07142857142857,0.6666666666666666,PARTIAL,37.4902950310559,0.6666666666666666,PARTIAL,50.0,72.76785714285714,POSITION_GROUP_NEARBY_ERA_PERCENTILE,41.666666666666664,1.0,41.666666666666664,Pressure Valve,3.949335503508011,0.5420656573442368,,20.625,75.0,18.75,20.625,25.0,81.25,13.627232142857142,9.372573757763975,40.625,21.208268633540374,50.97056063804832,0.6403940886699507,46.40839028003095,1.0,48.63601207832042,0.6666666666666666,48.63601207832042,PARTIAL,75.89285714285714,54.462760388812605,54.462760388812605,COMPLETE,61.8421052631579,55.200694876247134,55.200694876247134,COMPLETE,54.462760388812605,54.462760388812605,OBSERVED_PRODUCTION_GEOMEAN_FIT_DESCRIPTIVE_ONLY,33.17307616054402,91.0670517155533,9.345929882632628,87.04231876092412,42.200726582223446,1.0,COMPLETE,51.06558365935886,18.75,64.95190528383291,29.933801185368583,87.04231876092412,49.09067471888028,COVERAGE_SHRUNK,87.50000000000003,BASKETBALL_REFERENCE_SRS,53.11029706656201,1.5,0.3750000000000003,-0.4375,1.4375000000000002,54.54779706656201,1.0,CORE_GEOMEAN_RATE43_RUN22_RESPONSIBILITY15_FIT20_PLUS_BOUNDED_CONTEXT,0.0,0.0,0.0,51.74035044234419,56.2777032998184,20000,20260910
2025-26,201935,James Harden,James,1610612739,CLE,36.0,18,8,10,0.444,671.9533333333334,102,249,0.41,38,127,0.299,103,124,0.831,13,79,92,99,84,31,12,17,46,85,345,7,648.9,2,0,660.0,764.0,17,33,218,87,7,14,8,136,9,4,114,5,5,61,41,12,19,6,1,3,14,221,216,6,7,53,10,20,5,6,6.0,1,111.5,113.3,113.3,110.5,112.9,112.9,1.0,0.4,0.4,0.236,1.18,20.5,0.02,0.118,0.07,17.4,17.3,0.486,0.5682566873105811,0.246,0.254,97.95,96.11,80.09,96.11,0.106,1346,5.7,13.8,60,51,51,141,161,161,77,88,88,40,125,68,153,102,135,199,199,133,87,38,41,121,162,162,80,42,35,2,Conference Finals,SERIES_INFERENCE,POROUND_FILTER_IGNORED,37.330740740740744,19.166666666666668,13.833333333333334,1.1785714285714286,67.456287984972,72.38740105603205,64.28571428571426,100.0,69.77016408222698,68.94247015297786,69.77016408222698,3,2,1628378,Donovan Mitchell,0.306,0.168,Donovan Mitchell,James Harden,AMBIGUOUS_SECONDARY,Model proposal retained.,MODEL_PROPOSAL,19.223625557206535,7.076523031203566,2.3959881129271916,0.1775604734945959,0.1685849695328368,0.2538461538461538,0.1528904057641259,0.1248303934871099,0.1318681318681318,13.54053126420646,6.268213691074433,83.03571428571429,16.594711914116758,4.810919579579436,74.10714285714286,0.5764925764472391,0.061555679393522,47.32142857142857,0.1897678571428571,0.05687046404877,84.82142857142857,0.1488571428571428,0.0798490604138808,84.82142857142857,5.178813007497501,2.4160713539958754,77.67857142857143,29.076331465165374,6.987513759725253,91.96428571428572,1.9141167976357585,0.9426676267564292,74.10714285714286,56,49952,0.5763567690411792,0.3954170899650073,0.2920194152838921,97.55232142857145,111.68035714285716,-0.008100081730598,ALL_PLAYOFF_ROTATION_PLAYERS,4,4,1.0,37.0,16.0,0.5060088551549652,3.0,4.75,0.1608040201005025,0.1631419939577039,4,1.0,37.25,COMPLETE,True,Both stars played at least half of terminal-series games at 15+ MPG,0.5618101383030321,101.14746042622532,0.3312966931797598,86.89885332876946,163.10114667123054,HIGH,5.497604938271605,7.53,3,COMPLETE,1.1319258496395448,-15.15433070866142,-1.105373831775701,-20.246153846153845,16.286256558300966,-2.854523456077178,971.0,381.0,428.0,52.0,COMPLETE,CONTEXTUAL_NOT_CAUSAL,LOW,COMPLETE,NORMALIZED_NAME,0.8,0.6,0.2,14.8,0.05,0.1,0.6,0.7,0.5,13.9,21.7,37.5,54.46428571428571,32.142857142857146,59.82142857142857,45.535714285714285,71.42857142857143,67.85714285714286,50.0,PG,GUARD,,,38.0,0.289,0.692,0.039,78.0,77.0,COMPLETE,652.4216666666666,156,5,0.3396523481004174,,,50.0,-0.059,72.0,6.804043931622235,0.6429017888146994,2.0358556645798815,4.1788616272955466,6.536168186282778,0.5245901639344263,6.64331848441856,0.6666666666666666,PARTIAL,67.41071428571428,1.0,COMPLETE,29.811507936507933,1.0,COMPLETE,14.285714285714285,32.936507936507944,POSITION_GROUP_NEARBY_ERA_PERCENTILE,50.0,1.0,50.0,Pressure Valve,8.607929943058299,0.2758951904826378,2.758951904826378,35.0,66.66666666666667,45.83333333333333,35.0,33.33333333333333,54.16666666666667,23.593749999999996,9.93716931216931,7.738095238095238,13.756338183421514,39.182458697764815,0.4421768707482993,53.15421249413809,1.0,45.63674764555183,0.9444444444444444,45.63674764555183,PARTIAL,37.5,57.791463386817085,57.791463386817085,COMPLETE,51.31578947368421,57.1438959955038,57.1438959955038,COMPLETE,57.791463386817085,57.791463386817085,OBSERVED_PRODUCTION_GEOMEAN_FIT_DESCRIPTIVE_ONLY,72.23766317020723,52.19206337741242,53.11164343415081,55.41221416075065,57.730513198002015,1.0,COMPLETE,50.85297847728089,91.66666666666666,91.66666666666666,89.32564351635276,55.41221416075065,45.87915055413228,COVERAGE_SHRUNK,26.352313834736496,BASKETBALL_REFERENCE_SRS,54.52033669103839,0.0,-0.23647686165263504,0.08333333333333336,-0.15314352831930167,54.36719316271908,1.0,CORE_GEOMEAN_RATE43_RUN22_RESPONSIBILITY15_FIT20_PLUS_BOUNDED_CONTEXT,0.0,0.0,0.0,53.38501165334449,56.52398600714557,20000,20260910
2021-22,203952,Andrew Wiggins,Andrew,1610612744,GSW,27.0,22,16,6,0.727,766.8033333333333,143,305,0.469,35,105,0.333,42,65,0.646,54,111,165,40,30,22,23,17,54,59,363,140,726.0,6,0,693.0,743.0,7,1,162,6,5,8,8,92,14,11,94,18,14,144,2,7,5,27,17,9,4,211,207,15,10,1,7,5,3,8,10.0,1,114.9,116.7,116.7,105.8,107.4,107.4,9.0,9.3,9.3,0.075,1.33,9.9,0.071,0.135,0.104,7.4,7.4,0.526,0.5440647482014388,0.204,0.206,99.6,98.12,81.77,98.12,0.098,1565,6.5,13.9,37,27,27,75,85,85,34,32,32,145,105,155,40,99,66,62,64,104,120,70,77,92,117,117,78,30,27,4,Champion,SERIES_INFERENCE,POROUND_FILTER_IGNORED,34.85469696969697,16.5,13.863636363636363,1.3333333333333333,53.075576029055014,0.0,17.80821917808219,94.02306225429987,30.383438318857554,42.7619213672172,30.383438318857554,5,2,201939,Stephen Curry,0.304,0.269,Stephen Curry,Jordan Poole,EDITORIAL_REVIEWED,Research correction: Wiggins combined secondary scoring with the primary Tatum assignment and finished second on the official Finals MVP ladder.,EDITORIAL_REVIEWED,17.396166134185304,5.031948881789138,2.156549520766773,0.1475010158472166,0.1609498680738786,0.0673400673400673,0.145227904040404,0.170807453416149,0.2110091743119266,13.56653879656336,7.199313249338581,67.5,16.300144789246772,5.824806076018429,64.16666666666667,0.5783376102207521,0.0696937130809069,29.166666666666668,0.1898833333333333,0.0690965729171055,60.83333333333333,0.1514833333333333,0.095581987784775,24.166666666666668,5.4377116621519095,2.61427005331089,39.166666666666664,29.383935946086684,7.520510574473456,65.83333333333333,1.888596749502386,0.8029924971853363,70.83333333333334,60,55031,0.5739352069464334,0.4211062442701436,0.2687175308138942,97.45266666666669,110.17833333333331,-0.0298704587449946,ALL_PLAYOFF_ROTATION_PLAYERS,6,6,1.0,39.333333333333336,18.333333333333332,0.5153673163418291,2.1666666666666665,8.833333333333334,0.1748807631160572,0.1931166347992352,6,1.0,37.5,COMPLETE,True,Both stars played at least half of terminal-series games at 15+ MPG,0.5673856332656823,95.88976461564312,0.3484704136402259,88.7069968422802,161.2930031577198,HIGH,4.767785977859779,7.02,4,COMPLETE,8.494169096209912,-1.9851590106007069,8.628682170542636,-8.044444444444444,10.47932810681062,-6.19379850817646,1372.0,283.0,258.0,342.0,COMPLETE,CONTEXTUAL_NOT_CAUSAL,LOW,COMPLETE,NORMALIZED_NAME,0.8,0.5,0.3,16.0,0.108,0.8,0.9,1.7,0.5,15.8,8.3,40.0,49.166666666666664,25.833333333333336,63.33333333333333,80.83333333333333,83.33333333333334,27.27272727272727,27.27272727272727,SF,WING,,,92.0,0.337,0.529,-0.105,54.0,56.0,COMPLETE,763.5816666666667,229,8,0.3751711833868063,,,83.0,-0.142,68.0,4.929556035663208,1.0798075125738458,4.319230050295383,2.535200246912507,9.389630544120395,0.54,3.051629926839129,0.6666666666666666,PARTIAL,41.5625,1.0,COMPLETE,40.23989898989899,1.0,COMPLETE,85.71428571428571,66.94444444444444,POSITION_GROUP_NEARBY_ERA_PERCENTILE,33.333333333333336,1.0,40.23989898989899,Defensive Anchor,10.796487605560635,0.377169872683341,3.9131374290896623,63.75,87.5,56.25,63.75,12.5,43.75,26.49609375,5.029987373737374,37.49999999999999,23.008693707912457,57.52173426978114,0.3645833333333333,55.40614840068068,1.0,56.45403214311634,0.9444444444444444,56.45403214311634,PARTIAL,40.0,46.19547857959233,46.19547857959233,COMPLETE,43.42105263157895,45.918035984791,45.918035984791,COMPLETE,46.19547857959233,46.19547857959233,OBSERVED_PRODUCTION_GEOMEAN_FIT_DESCRIPTIVE_ONLY,43.76786791726903,71.55029311221891,34.89768221632873,53.42513486207409,48.54915752232035,1.0,COMPLETE,42.14558530709219,25.0,25.0,44.06238997004867,53.42513486207409,56.095474801832104,COVERAGE_SHRUNK,74.73912964438374,BASKETBALL_REFERENCE_SRS,50.47236829627854,3.5,0.24739129644383737,-0.0625,3.6848912964438374,54.157259592722376,1.0,CORE_GEOMEAN_RATE43_RUN22_RESPONSIBILITY15_FIT20_PLUS_BOUNDED_CONTEXT,0.0,0.0,0.0,52.159606012247295,54.59873374917384,20000,20260910
2008-09,2590,Mo Williams,Mo,1610612739,CLE,26.0,14,10,4,0.714,540.7283333333334,80,196,0.408,35,94,0.372,33,43,0.767,9,36,45,58,30,10,1,8,43,30,228,132,372.0,0,0,388.0,422.0,29,19,50,12,19,19,15,119,8,7,44,27,31,76,53,46,48,10,20,41,96,161,176,38,18,4,24,46,3,20,23.0,1,110.0,114.8,114.8,101.1,102.0,102.0,8.9,12.9,12.9,0.18,1.93,19.7,0.019,0.075,0.047,10.2,9.9,0.497,0.530429927414852,0.212,0.219,87.41,85.13,70.94,85.13,0.085,963,5.7,14.0,39,22,22,57,67,67,36,26,26,46,51,49,122,136,129,100,96,82,86,57,58,152,170,170,91,34,27,2,Conference Finals,SERIES_INFERENCE,POROUND_FILTER_IGNORED,38.62345238095238,16.285714285714285,14.0,1.9333333333333331,41.849964717356386,48.61459096459097,8.737864077669903,85.99895170391282,37.80877678093296,38.11145656347036,37.80877678093296,2,2,2544,LeBron James,0.358,0.389,LeBron James,Mo Williams,AMBIGUOUS_SECONDARY,Model proposal retained.,MODEL_PROPOSAL,17.757009345794394,7.320872274143302,0.8566978193146417,0.1669106881405563,0.1863117870722433,0.2164179104477611,0.1597424913835549,0.0797872340425532,0.015625,12.849537330200944,6.635129277805238,72.80701754385966,16.143990543183012,5.037390573055384,71.05263157894737,0.5574657219735886,0.0588166471732462,35.96491228070175,0.192578947368421,0.0532955833621277,66.66666666666666,0.1318070175438596,0.0827275041975404,72.80701754385966,3.2316816842540272,2.5806280174944,97.36842105263158,30.577565632488117,8.419185749450742,74.56140350877193,1.9178713828856953,0.7400011044759552,4.385964912280701,57,49916,0.5590857397348518,0.2567864156174194,0.368141388471757,90.35245614035088,108.15438596491228,-0.0286558123199998,ALL_PLAYOFF_ROTATION_PLAYERS,6,6,1.0,42.333333333333336,18.333333333333332,0.5051432770022043,3.6666666666666665,4.166666666666667,0.1812191103789127,0.2,6,1.0,44.333333333333336,COMPLETE,True,Both stars played at least half of terminal-series games at 15+ MPG,0.5437256671598298,97.55469705625106,0.3608520032938637,89.13308913308913,160.86691086691084,HIGH,3.470975609756098,6.48,3,COMPLETE,13.305813953488371,7.830837004405286,13.355725190839694,-39.49375,5.474976949083086,-47.374498241756605,860.0,227.0,131.0,48.0,COMPLETE,CONTEXTUAL_NOT_CAUSAL,LOW,COMPLETE,NORMALIZED_NAME,0.4,1.3,-0.9,13.0,0.103,0.6,0.6,1.2,0.3,8.3,12.2,43.859649122807014,64.91228070175438,10.526315789473683,45.614035087719294,64.91228070175438,65.78947368421053,69.56521739130434,43.47826086956522,PG,GUARD,,,,,,,,,NOT_MODELED,579.7933333333333,81,12,0.350855254178517,,,,,,6.258225788057465,0.0665768700857177,,,6.790840748743207,0.4411764705882353,2.862805413685862,0.5,PARTIAL,71.49122807017544,0.6666666666666666,PARTIAL,76.10840961098398,0.6666666666666666,PARTIAL,14.285714285714285,14.638157894736842,POSITION_GROUP_NEARBY_ERA_PERCENTILE,12.5,1.0,76.10840961098398,Gravity Engine,5.029378284216216,0.7450930791431429,,91.25,59.375,50.0,91.25,40.625,50.0,65.23574561403508,30.91904140446224,7.142857142857142,34.43254805378482,56.795955552634766,0.274914089347079,73.99584312651224,1.0,64.82796169318549,0.6666666666666666,64.82796169318549,PARTIAL,43.859649122807014,52.28273121045015,52.28273121045015,COMPLETE,2.631578947368421,47.31761598414198,47.31761598414198,COMPLETE,52.28273121045015,52.28273121045015,OBSERVED_PRODUCTION_GEOMEAN_FIT_DESCRIPTIVE_ONLY,50.581866596935306,54.41425410270463,28.624847818511295,14.48213705655538,35.902800654734214,1.0,COMPLETE,48.21417893284109,68.75,68.75,68.04842043449352,14.48213705655538,59.885307795456995,COVERAGE_SHRUNK,24.206145913796362,BASKETBALL_REFERENCE_SRS,54.451357018521364,0.0,-0.2579385408620364,-0.3125,-0.5704385408620364,53.88091847765933,1.0,CORE_GEOMEAN_RATE43_RUN22_RESPONSIBILITY15_FIT20_PLUS_BOUNDED_CONTEXT,0.0,0.0,0.0,52.749356696675946,54.4779643669396,20000,20260910
2004-05,1888,Richard Hamilton,Richard,1610612765,DET,27.0,25,15,10,0.6,1081.2133333333334,198,437,0.453,10,34,0.294,95,119,0.798,30,78,108,107,78,21,3,29,79,1,501,113,785.1,1,0,774.0,895.0,1,8,182,37,1,1,1,69,32,26,71,6,6,66,17,16,13,3,1,9,63,187,187,3,2,6,5,21,3,4,4.0,1,101.9,103.9,103.9,97.2,97.9,97.9,4.7,6.0,6.0,0.186,1.37,16.0,0.028,0.079,0.053,11.7,11.6,0.465,0.5118930848455125,0.247,0.251,87.95,86.75,72.29,86.75,0.1,1952,7.9,17.5,104,86,86,25,34,34,41,38,38,40,76,71,102,136,129,122,121,97,86,30,31,153,175,175,66,11,15,3,Finals,SERIES_INFERENCE,POROUND_FILTER_IGNORED,43.248533333333334,20.04,17.48,1.3717948717948718,100.0,50.08875607361845,0.0,100.0,60.02662682208553,75.00887560736184,60.02662682208553,2,2,1497,Chauncey Billups,0.215,0.287,Chauncey Billups,Richard Hamilton,OWNER_REVIEWED,Owner-reviewed: Billups was the offensive engine; Hamilton was the scoring finisher.,OWNER_REVIEWED,19.24948770491803,1.3063524590163933,0.9221311475409836,0.2218777679362267,0.2213779128672745,0.208984375,0.1787129476584022,0.1021759697256386,0.0196078431372549,13.235005750669368,6.7045918001214435,83.33333333333334,15.89826819678689,5.035033660109637,78.0701754385965,0.5488761685581063,0.062311097464444,35.96491228070175,0.1924561403508772,0.0606529009373884,78.0701754385965,0.1302807017543859,0.0963203271228425,76.31578947368422,2.6090699339438426,2.2374553436677513,35.96491228070175,31.268722795657887,8.709064235788219,97.36842105263158,2.0900201563329026,1.0121370785062644,6.140350877192982,57,51312,0.5450246521057968,0.2119565217391304,0.3531499556344277,91.6880701754386,105.68070175438596,-0.0331315672602842,ALL_PLAYOFF_ROTATION_PLAYERS,7,7,1.0,42.0,16.714285714285715,0.4252689735388194,2.5714285714285716,5.285714285714286,0.1927512355848435,0.2224168126094571,7,1.0,40.142857142857146,COMPLETE,True,Both stars played at least half of terminal-series games at 15+ MPG,0.533965580009062,95.86630749435668,0.3491408499422686,89.15600138360429,160.8439986163957,HIGH,4.17701444622793,7.84,4,COMPLETE,,,,,,,0.0,0.0,0.0,0.0,NOT_MODELED,NOT_MODELED,NOT_MODELED,COMPLETE,NORMALIZED_NAME,-0.4,-0.1,-0.3,13.7,0.085,0.3,1.6,1.9,0.5,8.7,13.7,22.41379310344828,25.86206896551724,26.72413793103448,67.24137931034483,82.75862068965517,93.10344827586206,8.333333333333332,45.83333333333333,SG,GUARD,,,,,,,,,NOT_MODELED,987.5316666666666,126,5,0.354138301552139,,,,,,1.1320615111418038,0.099887780394865,,,13.418258499710202,0.4665012406947891,3.962215288996312,0.5,PARTIAL,72.29532163742691,0.6666666666666666,PARTIAL,36.07456140350877,0.6666666666666666,PARTIAL,28.57142857142857,22.73706896551724,POSITION_GROUP_NEARBY_ERA_PERCENTILE,35.416666666666664,1.0,36.07456140350877,Pressure Valve,4.593270426771125,0.1822726359829811,,28.125,84.375,31.25,28.125,15.625,68.75,20.33305921052632,5.636650219298244,19.642857142857142,15.204188857560569,40.54450362016151,0.6111111111111112,50.13137872365934,1.0,45.08383153798148,0.6666666666666666,45.08383153798148,PARTIAL,22.41379310344828,47.08051108306002,47.08051108306002,COMPLETE,,47.08051108306002,47.08051108306002,COMPLETE,47.08051108306002,47.08051108306002,OBSERVED_PRODUCTION_GEOMEAN_FIT_DESCRIPTIVE_ONLY,74.64997980144638,74.59761259580668,23.96036640923521,24.813472939361493,43.50662155077172,1.0,COMPLETE,39.776494532009046,68.75,68.75,73.83682954645094,24.813472939361493,46.72255435865432,COVERAGE_SHRUNK,77.56046028744288,BASKETBALL_REFERENCE_SRS,51.7589137979939,1.5,0.2756046028744288,-0.3125,1.4631046028744288,53.22201840086833,1.0,CORE_GEOMEAN_RATE43_RUN22_RESPONSIBILITY15_FIT20_PLUS_BOUNDED_CONTEXT,0.0,0.0,0.0,51.27889850247353,54.68025499217892,20000,20260910
2014-15,201952,Jeff Teague,Jeff,1610612737,ATL,27.0,16,8,8,0.5,528.5833333333334,98,239,0.41,21,65,0.323,52,60,0.867,10,41,51,107,43,24,7,11,34,57,269,49,540.7,1,0,510.0,627.0,26,28,194,65,18,9,7,104,25,19,72,13,16,40,55,39,47,5,6,10,39,189,176,14,9,21,11,29,5,9,8.0,1,103.8,104.8,104.8,100.5,101.3,101.3,3.3,3.5,3.5,0.34,2.49,25.7,0.018,0.076,0.047,10.3,10.4,0.454,0.5067822155237378,0.261,0.264,95.62,94.8,79.0,94.8,0.119,1050,6.1,14.9,71,64,64,81,84,84,64,69,69,13,28,25,115,137,132,126,126,110,96,28,28,115,136,136,48,27,24,2,Conference Finals,SERIES_INFERENCE,POROUND_FILTER_IGNORED,33.036458333333336,16.8125,14.9375,2.488372093023256,94.90196078431372,82.4468085106383,62.31884057971014,79.47068066443349,82.24807104506618,86.36825751003146,82.24807104506618,1,2,200794,Paul Millsap,0.218,0.15,Jeff Teague,Al Horford,OWNER_REVIEWED,Owner-reviewed: Millsap was the first option; Teague was the second.,OWNER_REVIEWED,19.214285714285715,4.642857142857143,2.2142857142857144,0.1715561224489795,0.1745799853907962,0.2808398950131233,0.1358826049700086,0.0729613733905579,0.0886075949367088,12.710126470099835,6.268978213368377,80.50847457627118,15.307993898613082,4.716685561110355,78.8135593220339,0.5316583834698956,0.0607497513626842,36.440677966101696,0.1908474576271186,0.057959311724435,85.59322033898306,0.1492711864406779,0.0992611400072632,94.0677966101695,3.926058865781535,2.704896839914963,48.30508474576271,29.97469343703606,7.538887085057772,58.47457627118644,2.0285294141689816,0.8198863932399741,63.559322033898304,59,52551,0.5359515510966474,0.3153409090909091,0.3064903846153846,96.14101694915256,104.09661016949154,-0.0291693355729095,ALL_PLAYOFF_ROTATION_PLAYERS,4,4,1.0,35.25,21.5,0.5261869799314733,4.5,3.25,0.2324324324324324,0.2310030395136778,4,1.0,35.5,COMPLETE,True,Both stars played at least half of terminal-series games at 15+ MPG,0.526232473993668,96.3038657948418,0.3397178215733422,86.01111379560281,163.9888862043972,HIGH,1.8667924528301885,4.08,2,COMPLETE,8.548136315228966,-9.127705627705629,-17.454794520547946,-6.114527027027026,17.675841942934596,29.016109436455515,939.0,231.0,146.0,296.0,COMPLETE,CONTEXTUAL_NOT_CAUSAL,LOW,COMPLETE,NORMALIZED_NAME,2.0,2.2,-0.2,17.8,0.094,0.5,0.5,1.0,0.5,8.3,13.9,57.6271186440678,81.35593220338984,23.728813559322035,66.94915254237289,50.0,53.38983050847458,18.51851851851852,37.03703703703704,PG,GUARD,,,18.0,0.389,0.739,0.155,63.0,50.0,COMPLETE,566.355,49,14,0.3378298120254274,,,46.0,-0.099,48.0,4.4269273214567235,0.476746019233801,1.2259183351726313,4.290714173104209,11.850543906668769,0.4425287356321839,4.086394450575438,0.6666666666666666,PARTIAL,83.97775423728814,1.0,COMPLETE,29.292029115475444,1.0,COMPLETE,25.0,22.492937853107343,POSITION_GROUP_NEARBY_ERA_PERCENTILE,37.5,1.0,37.5,Pressure Valve,3.114654236300553,0.8899012103715866,2.9239611197923563,8.75,33.333333333333336,71.875,8.75,66.66666666666666,28.125,7.348053495762712,19.52801941031696,7.03125,11.302440968693224,38.03232530777888,0.2716297786720322,31.231316175274152,1.0,34.46446831982358,0.9444444444444444,34.46446831982358,PARTIAL,57.6271186440678,61.349837305019,61.349837305019,COMPLETE,89.47368421052632,64.16222199556974,64.16222199556974,COMPLETE,61.349837305019,61.349837305019,OBSERVED_PRODUCTION_GEOMEAN_FIT_DESCRIPTIVE_ONLY,59.64756253661894,57.85721758880776,50.188144368767354,43.18218437902906,53.99255524691389,1.0,COMPLETE,54.904098493677104,81.25,81.25,63.88977145964187,43.18218437902906,35.32755341316672,COVERAGE_SHRUNK,12.500000000000002,BASKETBALL_REFERENCE_SRS,52.02188937075609,0.0,-0.375,0.1875,-0.1875,51.83438937075609,1.0,CORE_GEOMEAN_RATE43_RUN22_RESPONSIBILITY15_FIT20_PLUS_BOUNDED_CONTEXT,0.0,0.0,0.0,51.47872063364899,54.10686997037936,20000,20260910
2013-14,2561,David West,David,1610612754,IND,33.0,19,10,9,0.526,687.4733333333334,121,245,0.494,2,10,0.2,43,61,0.705,24,104,128,75,43,14,15,10,57,62,287,55,597.1,3,0,550.0,652.0,17,22,190,41,10,9,9,45,99,95,112,20,18,113,18,8,10,10,9,23,14,185,199,10,13,14,10,13,2,11,11.0,1,104.3,104.8,104.8,100.0,101.0,101.0,4.3,3.8,3.8,0.197,1.74,19.1,0.038,0.157,0.099,11.0,11.0,0.498,0.5278840494408477,0.219,0.222,90.8,90.14,75.12,90.14,0.121,1294,6.4,12.9,110,98,98,43,55,55,53,63,63,36,58,51,82,47,55,119,121,92,99,57,59,127,151,151,44,27,34,2,Conference Finals,SERIES_INFERENCE,POROUND_FILTER_IGNORED,36.18280701754386,15.105263157894736,12.894736842105264,1.744186046511628,60.93420275625565,92.5551185859762,57.6086956521739,78.61788926416455,70.47328505454682,64.31537724380681,70.47328505454682,2,2,202331,Paul George,0.256,0.178,Paul George,David West,CLEAR,Model proposal retained.,MODEL_PROPOSAL,16.634466769706336,0.5795981452859351,1.6808346213292118,0.1649425287356321,0.1730225988700565,0.2100840336134453,0.1507616959064327,0.1706666666666666,0.1875,12.358860486323238,6.65942585974655,72.03389830508475,15.695960310265711,5.134586747332539,58.47457627118644,0.5551404007562643,0.052734634612543,27.966101694915253,0.1901864406779661,0.0582191868240176,70.33898305084746,0.1342711864406779,0.0890072993594925,78.8135593220339,3.683779806550587,2.6909682283998997,26.27118644067797,29.033465020565927,8.458013276363824,73.72881355932203,1.8746848634648408,0.7676077390644522,43.22033898305085,59,52235,0.5614689126066044,0.2807843996494303,0.3092681858019281,92.46610169491524,107.26440677966104,-0.0335848631657567,ALL_PLAYOFF_ROTATION_PLAYERS,6,6,1.0,35.833333333333336,16.166666666666668,0.5880213385063046,3.0,7.333333333333333,0.1757246376811594,0.1740139211136891,6,1.0,40.5,COMPLETE,True,Both stars played at least half of terminal-series games at 15+ MPG,0.5478621041070951,96.35345198792172,0.3523765324670302,89.61789844142785,160.38210155857217,HIGH,1.3604608294930878,4.15,3,COMPLETE,4.992408163265306,-15.606909090909094,-17.873737373737377,-23.66441717791411,20.5993172541744,14.808637449997669,1225.0,275.0,99.0,163.0,COMPLETE,CONTEXTUAL_NOT_CAUSAL,LOW,COMPLETE,NORMALIZED_NAME,1.6,0.2,1.4,15.5,0.093,0.3,1.0,1.3,0.6,17.9,13.7,55.932203389830505,38.13559322033898,73.72881355932203,68.64406779661016,68.64406779661016,92.3728813559322,73.68421052631578,31.57894736842105,PF,BIG,,,9.0,0.222,0.586,-0.036,75.0,66.0,COMPLETE,781.38,129,7,0.3736620011647173,,,97.0,-0.04,85.0,0.5236566751680065,0.7854850127520097,0.4712910076512058,3.9274250637600487,12.305931866448152,0.5063829787234042,3.1943057185248396,0.6666666666666666,PARTIAL,69.579802259887,1.0,COMPLETE,50.56074797934745,1.0,COMPLETE,25.0,55.82627118644067,POSITION_GROUP_NEARBY_ERA_PERCENTILE,35.416666666666664,1.0,50.56074797934745,Pressure Valve,5.943331029716655,0.322506334945865,4.4690163556784155,22.5,84.02777777777779,40.625,22.5,15.972222222222214,59.375,15.655455508474576,8.075675024479102,14.84375,12.85829351098456,39.42358265965458,0.6068133427963095,52.37377501677793,1.0,45.439650621149106,0.9444444444444444,45.439650621149106,PARTIAL,55.932203389830505,50.363309078885536,50.363309078885536,COMPLETE,72.36842105263158,52.56382027626014,52.56382027626014,COMPLETE,50.363309078885536,50.363309078885536,OBSERVED_PRODUCTION_GEOMEAN_FIT_DESCRIPTIVE_ONLY,53.20746767426511,68.64406779661014,55.116669006559945,66.52067307939879,58.31575347229104,1.0,COMPLETE,45.05610529675671,56.25,59.292706128157114,56.71855241752363,66.52067307939879,45.6930033644186,COVERAGE_SHRUNK,10.825317547305481,BASKETBALL_REFERENCE_SRS,51.309223582690265,0.0,-0.3917468245269452,0.25,-0.1417468245269452,51.16747675816332,1.0,CORE_GEOMEAN_RATE43_RUN22_RESPONSIBILITY15_FIT20_PLUS_BOUNDED_CONTEXT,0.0,0.0,0.0,50.05048609988645,52.07463028271568,20000,20260910
2004-05,406,Shaquille O'Neal,Shaquille,1610612748,MIA,33.0,13,9,4,0.692,429.16,101,181,0.558,0,0,0.0,50,106,0.472,19,83,102,25,42,5,19,4,52,0,252,54,441.9,4,0,427.0,476.0,32,25,48,22,31,15,17,19,104,125,104,17,8,150,29,12,16,39,9,75,14,109,172,12,14,17,18,10,3,17,19.0,1,105.2,107.3,107.3,99.5,100.9,100.9,5.8,6.5,6.5,0.111,0.6,8.4,0.054,0.185,0.127,14.2,14.3,0.558,0.5535055350553506,0.307,0.306,91.22,89.7,74.75,89.7,0.121,803,7.8,13.9,75,60,60,40,57,57,34,35,35,84,129,125,63,18,27,149,149,34,61,10,10,107,141,141,33,15,26,2,Conference Finals,SERIES_INFERENCE,POROUND_FILTER_IGNORED,33.012307692307694,19.384615384615383,13.923076923076923,0.5952380952380952,71.26435477461366,23.484735411730316,39.36170212765957,66.57767650205622,48.720471890382264,59.87152839530665,48.720471890382264,2,2,2548,Dwyane Wade,0.326,0.313,Dwyane Wade,Shaquille O'Neal,CLEAR,Model proposal retained.,MODEL_PROPOSAL,23.536737235367372,0.0,2.2415940224159403,0.1714285714285714,0.1649954421148587,0.0880281690140845,0.1175780821917808,0.1634615384615384,0.2209302325581395,13.235005750669368,6.7045918001214435,81.57894736842105,15.89826819678689,5.035033660109637,90.35087719298248,0.5488761685581063,0.062311097464444,53.50877192982456,0.1924561403508772,0.0606529009373884,95.6140350877193,0.1302807017543859,0.0963203271228425,50.0,2.6090699339438426,2.2374553436677513,9.649122807017545,31.268722795657887,8.709064235788219,48.24561403508772,2.0900201563329026,1.0121370785062644,60.526315789473685,57,51312,0.5450246521057968,0.2119565217391304,0.3531499556344277,91.6880701754386,105.68070175438596,0.0084808829495538,ALL_PLAYOFF_ROTATION_PLAYERS,7,7,1.0,33.714285714285715,20.571428571428573,0.5780346820809249,1.7142857142857142,7.571428571428571,0.233009708737864,0.2085020242914979,6,0.8571428571428571,39.166666666666664,COMPLETE,True,Both stars played at least half of terminal-series games at 15+ MPG,0.533965580009062,103.65940348551248,0.3566240055344171,89.15600138360429,160.8439986163957,MEDIUM,1.1059322033898304,3.31,3,COMPLETE,,,,,,,0.0,0.0,0.0,0.0,NOT_MODELED,NOT_MODELED,NOT_MODELED,COMPLETE,NORMALIZED_NAME,1.1,0.6,0.5,18.1,0.089,0.0,0.8,0.8,0.3,20.6,15.6,43.96551724137931,50.86206896551724,56.896551724137936,43.96551724137931,43.96551724137931,74.13793103448276,26.08695652173913,56.52173913043478,C,BIG,,,,,,,,,NOT_MODELED,574.4783333333334,10,16,0.3467538514754011,,,,,,0.0,1.593811165998695,,,15.183148476092832,0.5580110497237569,8.89178861030851,0.5,PARTIAL,56.87134502923976,0.6666666666666666,PARTIAL,49.559019832189165,0.6666666666666666,PARTIAL,71.42857142857143,62.82327586206897,POSITION_GROUP_NEARBY_ERA_PERCENTILE,79.16666666666667,1.0,79.16666666666667,Defensive Anchor,0.6266554874422302,1.0026487799075685,,86.25,31.25,68.75,86.25,68.75,31.25,49.051535087719294,34.07182613463005,22.321428571428573,35.148263264592636,67.54364939193621,0.1677852348993288,59.887851356429174,1.0,63.60066064794488,0.6666666666666666,63.60066064794488,PARTIAL,43.96551724137931,67.14254480212541,67.14254480212541,COMPLETE,,67.14254480212541,67.14254480212541,COMPLETE,67.14254480212541,67.14254480212541,OBSERVED_PRODUCTION_GEOMEAN_FIT_DESCRIPTIVE_ONLY,34.4951969990681,43.96551724137932,31.533615572014295,63.4390809356118,45.89864377482438,1.0,COMPLETE,59.67922590587947,25.0,62.50000000000002,33.426730026387936,63.4390809356118,59.06710709862992,COVERAGE_SHRUNK,8.838834764831844,BASKETBALL_REFERENCE_SRS,51.047193871699605,0.0,-0.41161165235168157,-0.1875,-0.5991116523516815,50.448082219347924,1.0,CORE_GEOMEAN_RATE43_RUN22_RESPONSIBILITY15_FIT20_PLUS_BOUNDED_CONTEXT,0.0,0.0,0.0,48.90450056096488,51.694245663556174,20000,20260910
2020-21,1626164,Devin Booker,Devin,1610612756,PHX,24.0,22,14,8,0.636,888.475,212,474,0.447,44,137,0.321,133,147,0.905,15,109,124,100,81,18,4,23,76,134,601,112,884.8,4,1,913.0,991.0,6,6,218,40,3,2,1,105,8,8,109,1,3,39,36,8,11,8,1,14,52,238,238,2,2,9,5,17,2,3,4.0,1,113.2,113.8,113.8,106.6,107.7,107.7,6.6,6.2,6.2,0.181,1.23,13.9,0.018,0.115,0.07,11.3,11.3,0.494,0.5578451028439889,0.312,0.319,97.2,96.43,80.36,96.43,0.116,1786,9.6,21.5,66,64,64,87,104,104,52,54,54,55,113,111,146,138,133,182,182,138,112,19,18,153,170,170,63,11,10,3,Finals,SERIES_INFERENCE,POROUND_FILTER_IGNORED,40.38522727272727,27.318181818181817,21.545454545454547,1.2345679012345678,100.0,32.814640692021285,53.96825396825399,100.0,68.33645569966988,84.07511486285293,68.33645569966988,2,2,101108,Chris Paul,0.24,0.383,Chris Paul,Devin Booker,CLEAR,Model proposal retained.,MODEL_PROPOSAL,25.237961926091824,5.753079507278835,0.9238521836506158,0.2506255212677231,0.2533404596472474,0.1956947162426614,0.1682717803030303,0.1320553780617678,0.0434782608695652,14.418778089681927,8.174087986122066,87.06896551724138,17.086093292593063,6.693219711277673,85.34482758620689,0.590715821282358,0.0592515704224616,30.17241379310345,0.191051724137931,0.074924196730082,88.79310344827587,0.1412241379310344,0.1021454411195047,68.10344827586206,5.352829671755377,2.570342951133393,56.03448275862068,29.51825051111589,7.427205294957883,95.6896551724138,1.749753857516969,0.7037389320945571,9.482758620689657,58,53494,0.5866754931421261,0.3934595881196316,0.2569595363758667,97.87086206896552,114.81379310344828,-0.0288303902981371,ALL_PLAYOFF_ROTATION_PLAYERS,6,6,1.0,40.333333333333336,28.166666666666668,0.5379424497071555,4.0,3.5,0.2576219512195122,0.2803921568627451,6,1.0,37.166666666666664,COMPLETE,True,Both stars played at least half of terminal-series games at 15+ MPG,0.5705478768585245,97.77358315931734,0.3487835887400364,90.9792488423941,159.0207511576059,HIGH,4.952287822878229,6.02,4,COMPLETE,5.991082251082251,0.8540322580645182,5.724818577648767,-2.4705882352941178,5.137049993017732,-3.0583568199251525,1155.0,248.0,689.0,102.0,COMPLETE,CONTEXTUAL_NOT_CAUSAL,LOW,COMPLETE,NORMALIZED_NAME,-0.4,0.7,-1.1,16.1,0.066,0.1,1.1,1.2,0.4,12.9,13.1,21.551724137931032,39.6551724137931,11.20689655172414,50.86206896551724,53.44827586206896,89.65517241379311,18.51851851851852,40.74074074074074,SG,GUARD,,,48.0,0.333,0.655,0.021,102.0,87.0,COMPLETE,683.0716666666667,65,3,0.3808865042615685,,,20.0,0.076,85.0,5.55108472382453,0.1620754663890374,1.9449055966684488,4.1329243929204535,13.6548580432764,0.4985163204747774,5.956273389797124,0.6666666666666666,PARTIAL,61.09913793103448,1.0,COMPLETE,24.925500212856537,1.0,COMPLETE,40.0,22.48563218390805,POSITION_GROUP_NEARBY_ERA_PERCENTILE,64.58333333333333,1.0,64.58333333333333,Pressure Valve,3.425702037121532,0.1581093247902245,1.0540621652681634,33.75,47.916666666666664,18.75,33.75,52.083333333333336,81.25,20.62095905172414,12.98203136086278,32.5,22.034330137528972,51.92505446154728,0.4862842892768079,50.51979875048808,1.0,51.217607338741445,0.9444444444444444,51.217607338741445,PARTIAL,21.551724137931032,47.11531823479409,47.11531823479409,COMPLETE,50.0,47.40378641131469,47.40378641131469,COMPLETE,47.11531823479409,47.11531823479409,OBSERVED_PRODUCTION_GEOMEAN_FIT_DESCRIPTIVE_ONLY,91.38455400556528,52.13913974150841,59.92308923289033,21.19980191528084,49.093608716206575,1.0,COMPLETE,38.14372417930131,93.75,93.75,80.42853838452935,21.19980191528084,51.14996248658914,COVERAGE_SHRUNK,59.292706128157114,BASKETBALL_REFERENCE_SRS,48.458344153380494,1.5,0.09292706128157115,0.1875,1.7804270612815711,50.238771214662066,1.0,CORE_GEOMEAN_RATE43_RUN22_RESPONSIBILITY15_FIT20_PLUS_BOUNDED_CONTEXT,0.0,0.0,0.0,48.42567226208067,51.613205306689025,20000,20260910
2022-23,1628389,Bam Adebayo,Bam,1610612748,MIA,25.0,23,13,10,0.565,849.5833333333334,167,347,0.481,0,3,0.0,78,95,0.821,63,164,227,85,62,19,15,22,71,111,412,42,851.9,11,1,792.0,911.0,1,9,212,45,2,6,6,71,153,145,153,6,6,73,2,4,2,9,3,14,10,213,217,3,6,18,6,4,2,5,5.0,1,110.0,112.4,112.4,109.2,110.3,110.3,0.9,2.2,2.2,0.161,1.37,15.9,0.073,0.196,0.134,11.6,11.6,0.481,0.529835390946502,0.234,0.239,96.44,94.95,79.12,94.95,0.119,1683,7.3,15.1,86,69,69,97,110,110,75,62,62,65,107,101,39,42,36,155,156,136,122,47,51,135,168,168,44,27,31,3,Finals,SERIES_INFERENCE,POROUND_FILTER_IGNORED,36.93840579710145,17.91304347826087,15.08695652173913,1.3709677419354838,60.97193113796989,35.483870967741936,60.20408163265305,87.1951373645413,54.444711021900865,59.5807155312123,54.444711021900865,2,2,202710,Jimmy Butler III,0.281,0.259,Jimmy Butler III,Bam Adebayo,CLEAR,Model proposal retained.,MODEL_PROPOSAL,18.36007130124777,0.1336898395721925,1.5151515151515154,0.1653290529695024,0.1737606409614421,0.1568265682656826,0.1532161106101593,0.2451403887688985,0.1829268292682926,13.858254426678874,8.036653921323381,72.03389830508475,16.302033034410933,5.861409887430356,70.33898305084746,0.5702049542589005,0.065490393492109,24.57627118644068,0.187457627118644,0.0636418266774611,73.72881355932203,0.1443898305084745,0.0843939545085925,63.559322033898304,5.200042549084217,2.7076771790462204,9.322033898305085,29.464532982656596,8.014407446345722,75.42372881355932,1.859547094289429,0.8243639042638506,39.83050847457627,59,54433,0.5752466702686629,0.3850887812752219,0.2565577078288942,97.34322033898304,112.14406779661016,-0.0454112793221609,ALL_PLAYOFF_ROTATION_PLAYERS,5,5,1.0,41.8,21.8,0.5035107169253511,3.2,12.4,0.2261410788381742,0.225,5,1.0,40.8,COMPLETE,True,Both stars played at least half of terminal-series games at 15+ MPG,0.5664783636095112,93.531443561317,0.3469904283470769,87.78857837181044,162.21142162818956,HIGH,4.204566371681416,6.38,4,COMPLETE,0.8092923516797711,-5.478717948717948,8.799382716049383,18.50263157894737,6.288010300397719,15.991259163295704,1399.0,390.0,324.0,152.0,COMPLETE,CONTEXTUAL_NOT_CAUSAL,LOW,COMPLETE,NORMALIZED_NAME,-0.7,-1.2,0.5,15.8,0.077,0.3,1.1,1.4,0.3,22.5,13.8,32.20338983050847,31.35593220338983,37.28813559322034,51.69491525423729,68.64406779661016,94.91525423728814,20.833333333333336,20.833333333333336,C,BIG,,,0.0,,0.613,-0.066,83.0,70.0,COMPLETE,874.02,78,14,0.3530139584506416,,,19.0,0.007,116.0,0.1271211378126532,0.6356056890632662,0.0,3.5170181461500736,14.576557135850909,0.4854651162790697,4.025502697400686,0.6666666666666666,PARTIAL,62.44703389830509,1.0,COMPLETE,14.400894538606403,1.0,COMPLETE,42.857142857142854,56.179378531073446,POSITION_GROUP_NEARBY_ERA_PERCENTILE,50.0,1.0,50.0,Pressure Valve,3.2127411272053275,0.5766458433445459,0.7825907873961694,35.0,22.916666666666668,18.75,35.0,77.08333333333333,81.25,21.85646186440678,11.100689540175768,34.82142857142857,22.592859992003707,49.25149505301828,0.4202586206896552,40.30052752644752,1.0,44.55178146946379,0.9444444444444444,44.55178146946379,PARTIAL,32.20338983050847,45.01038498381583,45.01038498381583,COMPLETE,75.0,48.00934648543425,48.00934648543425,COMPLETE,45.01038498381583,45.01038498381583,OBSERVED_PRODUCTION_GEOMEAN_FIT_DESCRIPTIVE_ONLY,42.42958409903951,59.569700917932074,60.15224480669187,52.044420648492355,51.324719901072655,1.0,COMPLETE,38.18310323340128,68.75,74.73912964438374,76.5014294864307,52.044420648492355,44.854460276715805,COVERAGE_SHRUNK,62.186714819163775,BASKETBALL_REFERENCE_SRS,48.26382940525816,1.5,0.12186714819163776,0.125,1.7468671481916378,50.0106965534498,1.0,CORE_GEOMEAN_RATE43_RUN22_RESPONSIBILITY15_FIT20_PLUS_BOUNDED_CONTEXT,0.0,0.0,0.0,48.38984124111323,51.46599744527292,20000,20260910
2005-06,1888,Richard Hamilton,Richard,1610612765,DET,28.0,18,10,8,0.556,689.9933333333333,128,310,0.413,14,40,0.35,97,114,0.851,16,36,52,48,39,17,5,32,59,81,367,74,528.4,1,0,525.0,581.0,24,17,173,47,13,10,5,112,27,28,54,4,7,48,32,52,45,19,13,17,44,195,179,11,10,10,17,28,3,17,16.0,1,106.8,107.8,107.8,102.0,101.7,101.7,4.8,6.1,6.1,0.139,1.23,10.8,0.025,0.059,0.041,8.7,8.7,0.435,0.5094957796534874,0.276,0.282,87.2,86.96,72.46,86.96,0.091,1249,7.1,17.2,68,49,49,57,64,64,45,34,34,63,77,110,110,139,133,73,72,120,111,17,20,164,174,174,78,23,11,2,Conference Finals,SERIES_INFERENCE,POROUND_FILTER_IGNORED,38.33296296296297,20.38888888888889,17.22222222222222,1.2307692307692308,100.0,29.14942225156818,1.7241379310344844,85.233667291913,53.43754452282472,72.52145317595938,53.43754452282472,3,2,1497,Chauncey Billups,0.22,0.311,Chauncey Billups,Richard Hamilton,OWNER_REVIEWED,Owner-reviewed: Billups was the offensive engine; Hamilton was the scoring finisher.,OWNER_REVIEWED,22.037630104083267,2.4019215372297835,1.3210568454763811,0.2224242424242424,0.2316890881913303,0.1428571428571428,0.1597206790123456,0.0744985673352435,0.0675675675675675,13.07956108672662,7.267484544029071,85.34482758620689,15.558360204087224,5.938044513997743,80.17241379310344,0.5547562988804241,0.0645415705193837,19.82758620689655,0.1879655172413793,0.0662539434134747,88.79310344827587,0.1227931034482758,0.0901152056939624,66.37931034482759,2.6329163822653885,2.1925520932293163,40.51724137931034,31.552796374742048,7.8889486411941325,73.27586206896551,1.789207957951289,0.7739849754004261,30.17241379310345,58,56388,0.5574795851281296,0.2189189189189189,0.3576923076923077,91.1403448275862,107.01551724137931,-0.0479838054746422,ALL_PLAYOFF_ROTATION_PLAYERS,6,6,1.0,39.5,20.666666666666668,0.4658851818455064,2.0,3.8333333333333335,0.2440944881889764,0.2609649122807017,6,1.0,41.166666666666664,COMPLETE,True,Both stars played at least half of terminal-series games at 15+ MPG,0.5468698947918709,93.1658122902144,0.3492132356246909,87.27183833116037,162.72816166883962,HIGH,1.9242446043165464,3.59,3,COMPLETE,,,,,,,0.0,0.0,0.0,0.0,NOT_MODELED,NOT_MODELED,NOT_MODELED,COMPLETE,NORMALIZED_NAME,0.3,0.8,-0.5,15.0,0.09,0.5,0.8,1.3,0.4,6.6,9.8,36.206896551724135,55.172413793103445,16.379310344827587,52.58620689655172,59.48275862068966,72.41379310344827,29.166666666666668,25.0,SG,GUARD,,,,,,,,,NOT_MODELED,705.01,94,2,0.3467204602650011,,,,,,2.08697668576508,0.2608720857206349,,,14.08709262891429,0.4222222222222222,5.947883554430478,0.5,PARTIAL,66.30747126436782,0.6666666666666666,PARTIAL,45.54597701149425,0.6666666666666666,PARTIAL,75.0,26.939655172413794,POSITION_GROUP_NEARBY_ERA_PERCENTILE,45.833333333333336,1.0,45.833333333333336,Defensive Anchor,4.79993191585935,0.1021262109757308,,33.75,50.0,6.25,33.75,50.0,93.75,22.37877155172414,22.77298850574713,70.3125,38.48808668582375,65.13123279909341,0.528169014084507,47.588780847471696,1.0,55.67329668702687,0.6666666666666666,55.67329668702687,PARTIAL,36.206896551724135,47.54625723903353,47.54625723903353,COMPLETE,,47.54625723903353,47.54625723903353,COMPLETE,47.54625723903353,47.54625723903353,OBSERVED_PRODUCTION_GEOMEAN_FIT_DESCRIPTIVE_ONLY,83.14419933212811,55.928281321753765,46.71094632780306,32.95406453760112,50.86060052578111,1.0,COMPLETE,38.60960593782996,81.25,81.25,71.18539017915776,32.95406453760112,53.78219779135125,COVERAGE_SHRUNK,17.677669529663692,BASKETBALL_REFERENCE_SRS,49.06188978270821,0.0,-0.32322330470336313,0.0,-0.32322330470336313,48.738666478004845,1.0,CORE_GEOMEAN_RATE43_RUN22_RESPONSIBILITY15_FIT20_PLUS_BOUNDED_CONTEXT,0.0,0.0,0.0,46.97454370160486,49.68908397671768,20000,20260910
2006-07,980,Zydrunas Ilgauskas,Zydrunas,1610612739,CLE,32.0,20,12,8,0.6,648.6383333333333,97,197,0.492,0,0,0.0,57,68,0.838,66,127,193,17,32,9,16,3,60,52,251,-45,551.1,5,0,511.0,553.0,1,11,176,35,9,10,12,53,97,130,97,15,14,48,2,4,3,54,17,45,9,116,185,16,12,187,8,9,2,9,10.0,1,99.3,99.5,99.5,103.5,104.7,104.7,-4.1,-5.2,-5.2,0.05,0.53,6.2,0.107,0.216,0.161,11.6,11.6,0.492,0.5530583465538516,0.19,0.194,86.74,86.17,71.81,86.17,0.124,1172,4.9,9.9,108,108,108,94,114,114,103,106,106,131,126,145,14,11,9,107,107,83,68,72,74,167,182,182,41,46,53,3,Finals,SERIES_INFERENCE,POROUND_FILTER_IGNORED,32.431916666666666,12.55,9.85,0.53125,34.39900384100557,0.6944444444444451,59.14634146341463,50.19589986509585,31.264315228844012,36.76786022703579,31.264315228844012,2,2,2544,LeBron James,0.293,0.371,LeBron James,Zydrunas Ilgauskas,AMBIGUOUS_SECONDARY,Model proposal retained.,MODEL_PROPOSAL,16.062286689419796,0.0,1.5998293515358364,0.1413288288288288,0.1290956749672346,0.0485714285714285,0.1337398625429553,0.2228637413394919,0.2318840579710145,12.695277465053003,6.279243847175439,60.526315789473685,15.459009748896012,4.787007430207778,57.01754385964912,0.5442205142557004,0.0543851527932405,57.01754385964912,0.1913859649122807,0.0561250966117919,50.0,0.1388771929824561,0.1130736555750414,14.912280701754383,3.0264832845206797,2.4922178804338966,7.017543859649122,30.882753916443413,8.272733626639221,51.75438596491229,1.938676491368398,0.9134173741019408,44.73684210526316,57,48244,0.541525836955661,0.2343787407230069,0.3384007661000718,92.1159649122807,104.52105263157894,0.0115325095981905,ALL_PLAYOFF_ROTATION_PLAYERS,4,4,1.0,25.75,7.75,0.3910191725529768,0.5,10.25,0.0962732919254658,0.1178343949044586,4,1.0,42.5,COMPLETE,True,Both stars played at least half of terminal-series games at 15+ MPG,0.5299716968775449,104.35620426757264,0.3498098859315589,87.45247148288973,162.5475285171103,HIGH,2.739265306122449,8.35,4,COMPLETE,,,,,,,0.0,0.0,0.0,0.0,NOT_MODELED,NOT_MODELED,NOT_MODELED,COMPLETE,NORMALIZED_NAME,0.7,0.4,0.2,18.0,0.173,1.2,1.2,2.3,0.4,23.1,12.4,37.719298245614034,44.73684210526316,26.31578947368421,54.385964912280706,90.35087719298248,95.6140350877193,19.565217391304348,56.52173913043478,C,BIG,,,,,,,,,NOT_MODELED,892.9133333333333,75,10,0.3336999122550453,,,,,,0.0,0.8880141218912441,,,10.933673875785942,0.4923857868020304,3.774060018037787,0.5,PARTIAL,25.80409356725146,0.6666666666666666,PARTIAL,41.02069031273837,0.6666666666666666,PARTIAL,42.857142857142854,50.6578947368421,POSITION_GROUP_NEARBY_ERA_PERCENTILE,27.083333333333332,1.0,41.02069031273837,Defensive Anchor,3.0238097015761145,0.4031746268768152,,71.25,25.0,56.25,71.25,75.0,43.75,18.385416666666664,30.76551773455377,18.749999999999996,22.633644800406813,35.73733389537918,0.2302631578947368,37.450958701084026,1.0,36.58411425472395,0.6666666666666666,36.58411425472395,PARTIAL,37.719298245614034,49.76083448182485,49.76083448182485,COMPLETE,,49.76083448182485,49.76083448182485,COMPLETE,49.76083448182485,49.76083448182485,OBSERVED_PRODUCTION_GEOMEAN_FIT_DESCRIPTIVE_ONLY,22.49764921418936,70.0986421894984,6.250000000000001,48.28376471070624,29.84579205192966,1.0,COMPLETE,49.6813671360683,6.25,68.46531968814573,27.761326935654065,48.28376471070624,41.05607616981597,COVERAGE_SHRUNK,43.30127018922193,BASKETBALL_REFERENCE_SRS,47.272748764197196,1.5,-0.06698729810778069,-0.4375,0.9955127018922194,48.26826146608941,1.0,CORE_GEOMEAN_RATE43_RUN22_RESPONSIBILITY15_FIT20_PLUS_BOUNDED_CONTEXT,0.0,0.0,0.0,46.39861648578075,49.876695479517814,20000,20260910
2012-13,2216,Zach Randolph,Zach,1610612763,MEM,31.0,15,8,7,0.533,554.46,99,215,0.46,0,1,0.0,63,94,0.67,59,91,150,24,31,10,7,33,52,99,261,39,497.0,7,0,469.0,510.0,29,30,176,53,18,13,13,71,112,131,112,11,7,111,2,12,6,40,18,40,26,209,199,4,14,27,16,2,4,18,18.0,1,100.4,104.2,104.2,99.3,101.4,101.4,1.1,2.8,2.8,0.084,0.77,7.8,0.104,0.182,0.141,10.0,10.0,0.46,0.5090497737556561,0.238,0.241,89.87,87.26,72.72,87.26,0.122,1013,6.6,14.3,105,82,82,67,90,90,82,66,66,109,129,139,19,32,20,92,89,121,108,39,40,156,199,199,42,15,22,2,Conference Finals,SERIES_INFERENCE,POROUND_FILTER_IGNORED,36.964000000000006,17.4,14.333333333333334,0.7741935483870968,99.79508196721312,7.581227436823106,73.80952380952381,81.13438848920866,64.70150139477357,84.44355020873603,64.70150139477357,3,2,201188,Marc Gasol,0.201,0.145,Mike Conley,Marc Gasol,EDITORIAL_REVIEWED,Owner-reviewed: Gasol was the structural centerpiece; Randolph gets #2 on scoring responsibility.,EDITORIAL_REVIEWED,19.323790720631788,0.0740375123395853,1.2586377097729515,0.1838028169014084,0.1757972199509403,0.0827586206896551,0.1508734693877551,0.2396166134185303,0.1014492753623188,11.920664119405052,6.295923339780513,87.28813559322035,15.194074768349116,4.913479990604506,85.59322033898306,0.5332962200794799,0.0780630158006757,26.27118644067797,0.1893050847457627,0.0570177653662935,80.50847457627118,0.1329322033898304,0.0847720501602114,39.83050847457627,3.2611947927352656,2.6966355415351204,19.491525423728813,29.59470782339899,8.376584142700228,78.8135593220339,2.011729692027309,0.8791862683305296,21.1864406779661,59,50936,0.5363499358322769,0.2486089472512797,0.3050300467393723,90.8864406779661,103.86779661016948,-0.0273001620766207,ALL_PLAYOFF_ROTATION_PLAYERS,4,4,1.0,38.5,11.0,0.3461296412838263,0.75,12.0,0.1253561253561253,0.1497175141242938,4,1.0,41.5,COMPLETE,True,Both stars played at least half of terminal-series games at 15+ MPG,0.5289863601292061,96.23117194010815,0.3427182190711739,86.02227298686464,163.97772701313534,HIGH,7.426342182890855,9.15,3,COMPLETE,4.9728453364817,0.2002985074626859,-12.667298578199054,-38.40227272727273,4.772546829019014,-20.962427320054665,847.0,335.0,211.0,44.0,COMPLETE,CONTEXTUAL_NOT_CAUSAL,LOW,COMPLETE,NORMALIZED_NAME,0.4,0.7,-0.3,17.7,0.111,0.7,0.6,1.3,0.3,20.8,10.8,29.66101694915254,51.69491525423729,15.254237288135592,45.76271186440678,69.49152542372882,64.40677966101694,54.54545454545454,22.727272727272727,PF,BIG,,,,,,,,,NOT_MODELED,609.0916666666667,0,33,0.3440890919474585,,,,,,0.0649280380911156,0.4544962666378097,,,13.894600151498755,0.4626168224299065,6.103235580564874,0.5,PARTIAL,48.44632768361581,0.6666666666666666,PARTIAL,46.634244992295834,0.6666666666666666,PARTIAL,10.0,20.127118644067796,POSITION_GROUP_NEARBY_ERA_PERCENTILE,45.833333333333336,1.0,46.634244992295834,Pressure Valve,0.0,1.950445335266996,,6.25,21.875,93.75,6.25,78.125,6.25,3.027895480225988,36.43300390023112,0.625,13.361966460152368,44.232716557745775,0.0689655172413793,24.670115425815816,1.0,33.03371343153813,0.6666666666666666,33.03371343153813,PARTIAL,29.66101694915254,48.137848082822494,48.137848082822494,COMPLETE,23.684210526315788,45.692484327171826,45.692484327171826,COMPLETE,48.137848082822494,48.137848082822494,OBSERVED_PRODUCTION_GEOMEAN_FIT_DESCRIPTIVE_ONLY,62.51307911478377,56.39255850716652,11.3822517927367,27.508064123471133,35.08112528774209,1.0,COMPLETE,40.55412449210711,56.25,56.25,67.77646948185165,27.508064123471133,38.68914228769209,COVERAGE_SHRUNK,93.74999999999997,BASKETBALL_REFERENCE_SRS,46.65557222515365,0.0,0.4374999999999997,-0.4375,-2.7755575615628914e-16,46.65557222515365,1.0,CORE_GEOMEAN_RATE43_RUN22_RESPONSIBILITY15_FIT20_PLUS_BOUNDED_CONTEXT,0.0,0.0,0.0,45.65275374400175,48.107772236882646,20000,20260910
2022-23,1627759,Jaylen Brown,Jaylen,1610612738,BOS,26.0,20,11,9,0.55,751.1683333333333,181,365,0.496,40,113,0.354,51,74,0.689,25,87,112,68,66,21,8,30,61,63,453,42,710.4,2,0,731.0,788.0,9,17,202,51,6,5,5,66,12,9,73,13,10,115,15,14,14,16,2,8,30,216,214,10,5,18,8,22,6,8,8.0,1,112.4,113.0,113.0,108.5,111.4,111.4,3.9,1.6,1.6,0.151,1.03,12.9,0.034,0.112,0.074,12.5,12.4,0.551,0.5697253244793239,0.272,0.279,97.75,96.23,80.2,96.23,0.102,1514,9.1,18.3,67,67,67,83,125,125,52,64,64,68,123,123,95,120,111,166,166,75,80,30,31,111,152,152,73,16,20,2,Conference Finals,SERIES_INFERENCE,POROUND_FILTER_IGNORED,37.558416666666666,22.65,18.25,1.0303030303030305,85.01748814448592,41.560509554140125,39.80582524271844,89.26315396020485,60.88976213272626,71.84174099588378,60.88976213272626,2,2,1628369,Jayson Tatum,0.29,0.214,Jayson Tatum,Jaylen Brown,CLEAR,Model proposal retained.,MODEL_PROPOSAL,22.440554821664463,5.59775429326288,1.436591809775429,0.2023224653863332,0.2134502923976608,0.1407867494824016,0.1556825561312607,0.1300813008130081,0.0629921259842519,13.858254426678874,8.036653921323381,82.20338983050848,16.302033034410933,5.861409887430356,82.20338983050848,0.5702049542589005,0.065490393492109,56.77966101694915,0.187457627118644,0.0636418266774611,83.89830508474576,0.1443898305084745,0.0843939545085925,60.16949152542372,5.200042549084217,2.7076771790462204,50.0,29.464532982656596,8.014407446345722,78.8135593220339,1.859547094289429,0.8243639042638506,34.74576271186441,59,54433,0.5752466702686629,0.3850887812752219,0.2565577078288942,97.34322033898304,112.14406779661016,-0.005521345789339,ALL_PLAYOFF_ROTATION_PLAYERS,7,7,1.0,37.285714285714285,19.0,0.4642557944708181,3.4285714285714284,6.142857142857143,0.180461329715061,0.2306368330464716,7,1.0,40.714285714285715,COMPLETE,True,Both stars played at least half of terminal-series games at 15+ MPG,0.5664783636095112,100.57318356329156,0.3520346511620122,87.78857837181044,162.21142162818956,HIGH,1.5514254859611232,4.37,3,COMPLETE,4.840170940170941,7.367679558011052,-7.292335766423357,24.910666666666668,-2.5275086178401116,29.675493815249915,1287.0,362.0,274.0,75.0,COMPLETE,CONTEXTUAL_NOT_CAUSAL,LOW,COMPLETE,NORMALIZED_NAME,-0.9,-0.4,-0.6,15.5,0.051,0.2,0.6,0.8,0.2,12.9,14.2,27.11864406779661,39.83050847457627,15.254237288135592,37.28813559322034,42.3728813559322,69.49152542372882,18.181818181818183,54.54545454545454,SF,WING,,,59.0,0.441,0.558,-0.063,48.0,44.0,COMPLETE,799.0433333333333,164,21,0.3400690298836001,,,62.0,-0.043,77.0,5.415563755128123,0.3834027437258848,2.827595234978401,2.300416462355309,12.07718642736537,0.5595238095238095,3.5464753794644346,0.6666666666666666,PARTIAL,39.14194915254237,1.0,COMPLETE,50.946969696969695,1.0,COMPLETE,20.0,32.1680790960452,POSITION_GROUP_NEARBY_ERA_PERCENTILE,50.0,1.0,50.946969696969695,Gravity Engine,7.388835816163496,0.94613141548435,2.7933403695252244,40.0,54.166666666666664,65.625,40.0,45.833333333333336,34.375,15.656779661016946,23.350694444444443,6.875,15.294158035153798,38.16912923851207,0.2859618717504332,46.05040291831503,1.0,41.92497800207794,0.9444444444444444,41.92497800207794,PARTIAL,27.11864406779661,57.08551457229203,57.08551457229203,COMPLETE,90.78947368421052,60.45591048348388,60.45591048348388,COMPLETE,57.08551457229203,57.08551457229203,OBSERVED_PRODUCTION_GEOMEAN_FIT_DESCRIPTIVE_ONLY,71.82064150191611,39.74928610019855,18.205941439024635,33.27168002593649,39.708042778282014,1.0,COMPLETE,50.20922267356755,56.25,56.25,51.01008905438355,33.27168002593649,42.37359033529584,COVERAGE_SHRUNK,26.516504294495533,BASKETBALL_REFERENCE_SRS,46.212218947017156,0.0,-0.23483495705504467,-0.4375,-0.6723349570550446,45.539883989962114,1.0,CORE_GEOMEAN_RATE43_RUN22_RESPONSIBILITY15_FIT20_PLUS_BOUNDED_CONTEXT,0.0,0.0,0.0,45.40178427750036,46.53545787849809,20000,20260910
2017-18,201567,Kevin Love,Kevin,1610612739,CLE,29.0,21,11,10,0.524,660.37,109,278,0.392,36,106,0.34,59,64,0.922,49,166,215,34,41,15,8,22,58,68,313,-14,650.0,8,0,644.0,665.0,5,16,204,66,9,10,6,145,12,11,78,6,6,24,2,3,2,27,7,19,29,207,207,7,9,137,8,4,8,7,9.0,1,106.4,108.1,108.1,108.8,110.2,110.2,-2.4,-2.1,-2.1,0.087,0.83,9.0,0.077,0.279,0.174,10.8,10.8,0.457,0.5111706297360856,0.236,0.243,93.35,92.02,76.68,92.02,0.122,1272,5.2,13.2,92,70,70,115,137,137,113,107,107,108,144,151,35,7,10,145,143,142,131,40,40,181,198,198,50,42,30,3,Finals,SERIES_INFERENCE,POROUND_FILTER_IGNORED,31.446190476190477,14.904761904761903,13.238095238095235,0.8292682926829268,44.29227099191127,8.535108958837771,50.24390243902438,61.11748332518392,35.894290860431134,42.748141694690176,35.894290860431134,2,2,2544,LeBron James,0.344,0.453,LeBron James,Kevin Love,CLEAR,Model proposal retained.,MODEL_PROPOSAL,18.45518867924528,6.25,1.356132075471698,0.1406741573033708,0.1543586896168795,0.0803782505910165,0.1238968105065666,0.2362637362637362,0.0824742268041237,12.91930231860198,7.204711943973428,65.32258064516128,15.69108553610982,5.386801999738729,73.38709677419355,0.5610913311552339,0.0732679918677883,20.161290322580644,0.1878709677419354,0.0614920618718954,79.83870967741935,0.1368709677419355,0.1025660265501656,47.58064516129033,4.526980542056866,2.7812682842342435,71.7741935483871,28.696457698813692,7.724763570817032,52.41935483870967,1.897354111341554,0.7948753386138652,20.161290322580644,62,51775,0.5605363670767057,0.3706492089470813,0.269721767594108,97.83451612903224,107.0548387096774,-0.0493657373406201,ALL_PLAYOFF_ROTATION_PLAYERS,4,4,1.0,33.25,19.0,0.5349099099099098,1.75,11.25,0.1881188118811881,0.1739130434782608,4,1.0,45.0,COMPLETE,True,Both stars played at least half of terminal-series games at 15+ MPG,0.5548206461041737,92.13258975227605,0.3477546411868979,87.80065226253566,162.19934773746434,HIGH,3.953547169811321,7.29,4,COMPLETE,-2.318197424892704,-1.654896142433235,-11.38698630136986,0.375,-0.6633012824594688,11.098685018910391,1165.0,674.0,146.0,148.0,COMPLETE,CONTEXTUAL_NOT_CAUSAL,LOW,COMPLETE,NORMALIZED_NAME,-0.9,1.1,-2.0,15.5,0.073,0.3,0.7,1.0,0.2,30.6,11.8,25.806451612903224,64.51612903225806,4.838709677419355,43.54838709677419,61.29032258064516,79.83870967741935,79.16666666666666,16.666666666666664,C,BIG,,,94.0,0.351,0.549,-0.067,63.0,40.0,COMPLETE,921.6266666666668,114,23,0.3483534402816914,,,22.0,-0.015,179.0,5.778578675590957,0.4361191453276193,5.124399957599528,3.4344382694550024,9.376561624543816,0.4244186046511627,3.488953162620955,0.6666666666666666,PARTIAL,45.917338709677416,1.0,COMPLETE,56.40681003584229,1.0,COMPLETE,25.0,39.112903225806456,POSITION_GROUP_NEARBY_ERA_PERCENTILE,35.416666666666664,1.0,56.40681003584229,Gravity Engine,4.452996151731721,0.8984115042967507,0.859350134544718,86.25,29.166666666666668,46.875,86.25,70.83333333333333,53.125,39.60370463709677,39.95482377538829,13.28125,30.94659280416169,44.16560320911084,0.2527254707631318,51.74626124333634,1.0,47.8059080201201,0.9444444444444444,47.8059080201201,PARTIAL,25.806451612903224,41.78495687829908,41.78495687829908,COMPLETE,69.73684210526315,44.58014540099549,44.58014540099549,COMPLETE,41.78495687829908,41.78495687829908,OBSERVED_PRODUCTION_GEOMEAN_FIT_DESCRIPTIVE_ONLY,39.48525817055496,51.66328186466765,34.19455999668452,19.822288804854335,35.67381452957683,1.0,COMPLETE,33.673539978442726,25.0,64.04344228724746,54.264116027332726,19.822288804854335,47.927802019002314,COVERAGE_SHRUNK,55.901699437494734,BASKETBALL_REFERENCE_SRS,42.65094160164861,1.5,0.05901699437494735,-0.25,1.3090169943749475,43.95995859602356,1.0,CORE_GEOMEAN_RATE43_RUN22_RESPONSIBILITY15_FIT20_PLUS_BOUNDED_CONTEXT,0.0,0.0,0.0,42.439134544729704,44.48779497710762,20000,20260910
2001-02,2030,Kenyon Martin,Kenyon,1610612751,NJN,24.0,20,11,9,0.55,750.1433333333333,129,304,0.424,2,9,0.222,76,110,0.691,30,86,116,57,52,24,25,28,86,0,336,21,655.7,2,0,609.0,713.0,1,10,177,41,4,6,6,93,65,62,78,6,4,103,12,12,12,12,6,9,6,186,186,15,7,31,6,16,5,7,6.0,1,99.6,101.2,101.2,99.9,99.6,99.6,-0.3,1.6,1.6,0.128,1.1,12.4,0.038,0.114,0.075,11.3,11.3,0.428,0.4767309875141884,0.237,0.24,95.21,94.57,78.81,94.57,0.079,1477,6.5,15.2,88,61,61,70,70,70,76,67,67,70,86,95,81,74,81,107,106,118,120,31,34,58,79,79,96,23,21,3,Finals,SERIES_INFERENCE,POROUND_FILTER_IGNORED,37.50716666666666,16.8,15.2,1.0961538461538465,82.82718062766962,22.746098190602503,17.431192660550458,86.98994747974047,48.66199724737323,63.948013133142624,48.66199724737323,2,2,467,Jason Kidd,0.247,0.388,Jason Kidd,Kenyon Martin,CLEAR,Model proposal retained.,MODEL_PROPOSAL,17.061611374407583,0.4570074475287745,2.488151658767773,0.1761929732564237,0.1833534378769601,0.1338028169014084,0.1546687285223367,0.1358313817330211,0.2272727272727272,12.7916826056369,6.757157527726527,76.31578947368422,15.26648748266838,4.818884015625122,62.28070175438597,0.5248977350377261,0.0582379972619006,16.666666666666664,0.1931052631578947,0.0581328436957871,78.0701754385965,0.1381228070175438,0.0803477245991509,52.63157894736842,2.8736871739923666,2.2974761386449485,30.70175438596491,31.2274073176362,9.114529112191304,71.05263157894737,2.0703700686800883,1.024560900724342,72.80701754385966,57,45959,0.5213058714767914,0.2182289736939607,0.3383969371372113,92.98701754385964,101.8561403508772,-0.0445748839626029,ALL_PLAYOFF_ROTATION_PLAYERS,4,4,1.0,39.5,22.0,0.5090236001850995,2.5,6.5,0.2273901808785529,0.2112676056338028,4,1.0,41.75,COMPLETE,True,Both stars played at least half of terminal-series games at 15+ MPG,0.514155510812597,92.72116655148535,0.3319253179481896,83.9686573485811,166.0313426514189,HIGH,2.3838809034907595,7.15,4,COMPLETE,,,,,,,0.0,0.0,0.0,0.0,NOT_MODELED,NOT_MODELED,NOT_MODELED,COMPLETE,NORMALIZED_NAME,-0.3,-1.2,0.9,13.7,0.053,0.0,0.8,0.8,0.3,13.3,12.9,31.57894736842105,24.561403508771928,49.122807017543856,54.385964912280706,47.368421052631575,83.33333333333334,68.42105263157895,5.263157894736842,PF,BIG,,,,,,,,,NOT_MODELED,804.8883333333333,90,8,0.2969666392605327,,,,,,0.4319174557751185,1.1997707104864404,,,14.157294383739996,0.4305084745762711,5.278991126140338,0.5,PARTIAL,56.0672514619883,0.6666666666666666,PARTIAL,27.90570175438597,0.6666666666666666,PARTIAL,50.0,62.06140350877193,POSITION_GROUP_NEARBY_ERA_PERCENTILE,50.0,1.0,50.0,Pressure Valve,4.025403109748144,0.3578136097553905,,48.75,31.25,25.0,48.75,68.75,75.0,27.332785087719294,19.18516995614035,37.5,28.00598501461988,51.536511733880154,0.3896103896103896,45.90461844885722,1.0,48.639119105189614,0.6666666666666666,48.639119105189614,PARTIAL,31.57894736842105,39.99643314218682,39.99643314218682,COMPLETE,,39.99643314218682,39.99643314218682,COMPLETE,39.99643314218682,39.99643314218682,OBSERVED_PRODUCTION_GEOMEAN_FIT_DESCRIPTIVE_ONLY,43.84014886609674,50.75605663680502,43.971526068661376,66.7972203157879,48.24610048391592,1.0,COMPLETE,32.00368340179351,18.75,67.60408641494975,54.84066449250008,66.7972203157879,49.09274607012641,COVERAGE_SHRUNK,39.52847075210474,BASKETBALL_REFERENCE_SRS,41.83234289257823,1.5,-0.10471529247895262,-0.125,1.2702847075210473,43.10262760009928,1.0,CORE_GEOMEAN_RATE43_RUN22_RESPONSIBILITY15_FIT20_PLUS_BOUNDED_CONTEXT,0.0,0.0,0.0,41.38874033605679,43.64942952713614,20000,20260910
2002-03,2225,Tony Parker,Tony,1610612759,SAS,21.0,24,16,8,0.667,813.465,135,335,0.403,15,56,0.268,67,94,0.713,8,58,66,85,47,22,3,26,51,0,352,19,586.7,0,0,568.0,663.0,1,1,163,18,4,8,3,109,24,14,77,12,11,118,82,24,35,5,7,9,67,185,171,12,10,35,11,52,4,12,10.0,1,101.7,101.1,101.1,99.3,100.5,100.5,2.4,0.6,0.6,0.192,1.81,16.6,0.01,0.069,0.04,9.2,9.2,0.425,0.4676373684769901,0.235,0.239,92.6,92.32,76.93,92.32,0.082,1569,5.6,14.0,94,100,100,55,68,68,60,72,72,42,56,73,154,145,148,66,65,124,127,31,32,97,112,112,94,33,27,4,Champion,SERIES_INFERENCE,POROUND_FILTER_IGNORED,33.894375000000004,14.666666666666666,13.958333333333334,1.8085106382978724,62.32506302572509,66.79569988250257,15.340909090909092,54.96864020913751,51.55239445822495,53.00747478361026,51.55239445822495,2,2,1495,Tim Duncan,0.264,0.25,Tim Duncan,Tony Parker,CLEAR,Model proposal retained.,MODEL_PROPOSAL,16.826003824091778,2.676864244741874,1.1950286806883366,0.1547252747252747,0.1818675352877307,0.1710261569416499,0.1406162489196197,0.0603842634949679,0.0181818181818181,12.606417870853829,7.106737938537118,71.05263157894737,15.197823643247808,5.031152292971123,72.80701754385966,0.5275706527048304,0.0591548044604437,13.157894736842104,0.1911052631578947,0.0584362553318695,76.31578947368422,0.1448245614035087,0.0772233313546455,78.0701754385965,2.9219970988325232,2.085333954292134,41.22807017543859,30.627668712207253,8.728283089132772,62.28070175438597,1.9746378484609075,0.929224963963716,20.175438596491222,57,52993,0.531347416845737,0.2269804947150485,0.3457556935817805,92.79561403508772,103.31052631578947,-0.0637100483687469,ALL_PLAYOFF_ROTATION_PLAYERS,6,6,1.0,35.333333333333336,14.0,0.4510309278350515,4.166666666666667,3.1666666666666665,0.159392789373814,0.1856823266219239,6,1.0,43.833333333333336,COMPLETE,True,Both stars played at least half of terminal-series games at 15+ MPG,0.524864280656422,89.09681716045507,0.3392887427758861,88.82235528942115,161.17764471057882,HIGH,5.084347826086956,7.9,3,COMPLETE,,,,,,,0.0,0.0,0.0,0.0,NOT_MODELED,NOT_MODELED,NOT_MODELED,COMPLETE,NORMALIZED_NAME,-2.4,-1.2,-1.2,11.9,0.063,0.0,1.1,1.1,-0.1,7.5,11.1,10.526315789473683,24.561403508771928,11.403508771929824,5.263157894736842,51.75438596491229,84.21052631578947,15.909090909090908,9.090909090909092,PG,GUARD,,,,,,,,,NOT_MODELED,1021.32,7,79,0.3456122773907438,,,,,,2.478287326436909,0.1327653924876915,,,12.347181501355314,0.4301075268817204,4.159982297947669,0.5,PARTIAL,76.46198830409357,0.6666666666666666,PARTIAL,29.909290271132377,0.6666666666666666,PARTIAL,55.55555555555556,24.45175438596491,POSITION_GROUP_NEARBY_ERA_PERCENTILE,33.333333333333336,1.0,33.333333333333336,Pressure Valve,0.2467395135706732,2.784631653154741,,53.75,46.875,93.75,53.75,53.125,6.25,41.09831871345029,15.889310456539077,3.4722222222222223,20.153283797403866,55.05314852508804,0.0552486187845303,51.81822058594878,1.0,53.41119914609681,0.6666666666666666,53.41119914609681,PARTIAL,10.526315789473683,29.61846936945427,29.61846936945427,COMPLETE,,29.61846936945427,29.61846936945427,COMPLETE,29.61846936945427,29.61846936945427,OBSERVED_PRODUCTION_GEOMEAN_FIT_DESCRIPTIVE_ONLY,26.679656569421343,16.50428747563753,8.838834764831844,26.85814139129038,19.868364522305292,1.0,COMPLETE,21.60455611770664,50.0,50.0,28.784242686603807,26.85814139129038,52.27413276406455,COVERAGE_SHRUNK,80.28270361665702,BASKETBALL_REFERENCE_SRS,25.36625649327281,3.5,0.30282703616657014,-0.4375,3.36532703616657,28.73158352943938,1.0,CORE_GEOMEAN_RATE43_RUN22_RESPONSIBILITY15_FIT20_PLUS_BOUNDED_CONTEXT,0.0,0.0,0.0,26.908977912545147,29.2757857309806,20000,20260910
2015-16,201942,DeMar DeRozan,DeMar,1610612761,TOR,26.0,20,10,10,0.5,746.225,157,398,0.394,4,26,0.154,100,123,0.813,13,70,83,54,45,22,3,29,52,79,418,-76,628.6,0,0,609.0,684.0,16,29,208,60,7,6,5,137,77,54,136,3,4,67,39,20,24,14,9,12,64,215,206,8,7,208,9,49,4,9,9.0,1,99.5,102.4,102.4,107.7,107.8,107.8,-8.3,-5.4,-5.4,0.143,1.2,9.8,0.017,0.104,0.057,8.2,8.2,0.399,0.4622666548703883,0.301,0.305,93.07,91.69,76.41,91.69,0.09,1426,7.9,19.9,117,92,92,144,149,149,137,123,123,68,109,143,137,115,117,93,94,162,152,19,21,124,167,167,102,16,7,2,Conference Finals,SERIES_INFERENCE,POROUND_FILTER_IGNORED,37.31125,20.9,19.9,1.2,100.0,46.78365920967647,24.489795918367346,95.36282446497847,64.92568796574369,79.34446632789003,64.92568796574369,2,2,200768,Kyle Lowry,0.263,0.277,Kyle Lowry,DeMar DeRozan,CLEAR,Model proposal retained.,MODEL_PROPOSAL,21.984572230014027,1.367461430575035,1.3148667601683028,0.2237687366167023,0.2444717444717444,0.1719745222929936,0.1530717948717948,0.1028500619578686,0.0410958904109589,12.371054139888775,6.739923989632318,82.78688524590164,15.707951884245748,5.532958160999728,81.14754098360656,0.5517874569737373,0.060215404810257,5.737704918032787,0.1898688524590164,0.0662636253628197,90.1639344262295,0.1378688524590164,0.1024548641781595,64.75409836065575,3.927288724587106,2.7231468414964755,20.49180327868853,28.50492392580427,7.213032103284304,87.70491803278688,2.0506619254755467,1.0107551547152778,22.131147540983605,61,53324,0.547542485370824,0.3182820539745878,0.2803738317757009,95.02639344262296,106.90655737704915,-0.0852758305004355,ALL_PLAYOFF_ROTATION_PLAYERS,6,6,1.0,37.333333333333336,23.0,0.5631733594515181,3.5,3.1666666666666665,0.2546125461254612,0.2312633832976445,6,1.0,35.5,COMPLETE,True,Both stars played at least half of terminal-series games at 15+ MPG,0.5339780462561203,86.57034837133813,0.3355683958562235,88.6168772563177,161.38312274368232,HIGH,2.8851203501094096,5.45,3,COMPLETE,0.7185946872322189,2.433647798742139,-29.196129032258064,-15.963025210084032,-1.7150531115099203,11.518050710664111,1167.0,318.0,310.0,119.0,COMPLETE,CONTEXTUAL_NOT_CAUSAL,LOW,COMPLETE,NORMALIZED_NAME,-1.3,0.2,-1.5,14.2,0.009,-0.4,0.5,0.1,0.1,12.0,9.1,12.295081967213116,50.0,3.278688524590164,22.131147540983605,2.459016393442623,50.81967213114754,7.6923076923076925,7.6923076923076925,SG,GUARD,,,19.0,0.211,0.676,0.073,103.0,66.0,COMPLETE,766.2066666666667,138,3,0.3366414362276229,,,57.0,-0.002,95.0,1.254313377332574,0.1447284666152969,0.916613621896881,4.969010687125197,17.946329860296828,0.4112903225806452,5.933867131227177,0.6666666666666666,PARTIAL,68.41700819672131,1.0,COMPLETE,9.002907384054925,1.0,COMPLETE,7.142857142857142,17.759562841530055,POSITION_GROUP_NEARBY_ERA_PERCENTILE,56.25,1.0,56.25,Pressure Valve,6.483890334200519,0.1409541377000113,2.678128616300215,27.5,47.916666666666664,28.125,27.5,52.083333333333336,71.875,18.81467725409836,4.689014262528607,5.133928571428571,9.545873362685178,35.15520054505217,0.4745529573590096,47.64614394983194,1.0,40.92688292253352,0.9444444444444444,40.92688292253352,PARTIAL,12.295081967213116,26.803682445914895,26.803682445914895,COMPLETE,71.05263157894737,31.228577359218143,31.228577359218143,COMPLETE,26.803682445914895,26.803682445914895,OBSERVED_PRODUCTION_GEOMEAN_FIT_DESCRIPTIVE_ONLY,72.51643365403692,7.377049180327869,59.7943187831494,15.449413044547828,26.571562758212373,1.0,COMPLETE,17.88881889047079,50.0,50.0,58.209469154930204,15.449413044547828,41.430944982392774,COVERAGE_SHRUNK,21.650635094610962,BASKETBALL_REFERENCE_SRS,20.785396805164865,0.0,-0.2834936490538904,0.1875,-0.0959936490538904,20.689403156110973,1.0,CORE_GEOMEAN_RATE43_RUN22_RESPONSIBILITY15_FIT20_PLUS_BOUNDED_CONTEXT,0.0,0.0,0.0,18.789365317424995,22.41342330001679,20000,20260910
